"idx","project","filename","window_start","window_end","logits"
1,"Test","ACA12_20230923_060000.wav",0,5,-1.8182347
3,"Test","ACA12_20230923_060000.wav",10,15,-1.5048361
4,"Test","ACA12_20230923_060000.wav",15,20,-1.3877516
5,"Test","ACA12_20230923_060000.wav",20,25,-1.4699502
6,"Test","ACA12_20230923_060000.wav",25,30,-1.1820314
7,"Test","ACA12_20230923_060000.wav",30,35,-1.6424718
8,"Test","ACA12_20230923_060000.wav",35,40,-1.5959604
9,"Test","ACA12_20230923_060000.wav",40,45,-1.4948113
10,"Test","ACA12_20230923_060000.wav",45,50,-1.7147647
2,"Test","ACA12_20230923_060000.wav",5,10,-1.7301934
11,"Test","ACA12_20230923_060000.wav",50,55,-1.2079486
12,"Test","ACA12_20230923_060000.wav",55,60,-1.803591
13,"Test","ACA12_20230928_080000.wav",0,5,-1.2034379
15,"Test","ACA12_20230928_080000.wav",10,15,-1.4618692
16,"Test","ACA12_20230928_080000.wav",15,20,-1.3175154
17,"Test","ACA12_20230928_080000.wav",20,25,-1.0210171
18,"Test","ACA12_20230928_080000.wav",25,30,-1.4164284
19,"Test","ACA12_20230928_080000.wav",30,35,-1.4766718
20,"Test","ACA12_20230928_080000.wav",35,40,-1.6363121
21,"Test","ACA12_20230928_080000.wav",40,45,-1.5603017
22,"Test","ACA12_20230928_080000.wav",45,50,-1.3628404
14,"Test","ACA12_20230928_080000.wav",5,10,-1.0982056
23,"Test","ACA12_20230928_080000.wav",50,55,-1.1777899
24,"Test","ACA12_20230928_080000.wav",55,60,-1.3877537
25,"Test","ACA12_20231005_120000.wav",0,5,-1.2592545
27,"Test","ACA12_20231005_120000.wav",10,15,-1.5584939
28,"Test","ACA12_20231005_120000.wav",15,20,-1.5337375
29,"Test","ACA12_20231005_120000.wav",20,25,-1.5305496
30,"Test","ACA12_20231005_120000.wav",25,30,-1.5907803
31,"Test","ACA12_20231005_120000.wav",30,35,-1.3417175
32,"Test","ACA12_20231005_120000.wav",35,40,-1.3775004
33,"Test","ACA12_20231005_120000.wav",40,45,-1.675955
34,"Test","ACA12_20231005_120000.wav",45,50,-1.5501055
26,"Test","ACA12_20231005_120000.wav",5,10,-1.5288876
35,"Test","ACA12_20231005_120000.wav",50,55,-1.5880162
36,"Test","ACA12_20231005_120000.wav",55,60,-1.4820635
37,"Test","ACA12_20231023_170000.wav",0,5,-1.4693811
39,"Test","ACA12_20231023_170000.wav",10,15,-1.5567408
40,"Test","ACA12_20231023_170000.wav",15,20,-1.3828297
41,"Test","ACA12_20231023_170000.wav",20,25,-1.3826522
42,"Test","ACA12_20231023_170000.wav",25,30,-1.5610578
43,"Test","ACA12_20231023_170000.wav",30,35,-1.5207033
44,"Test","ACA12_20231023_170000.wav",35,40,-1.508842
45,"Test","ACA12_20231023_170000.wav",40,45,-1.222874
46,"Test","ACA12_20231023_170000.wav",45,50,-1.5354139
38,"Test","ACA12_20231023_170000.wav",5,10,-1.3656783
47,"Test","ACA12_20231023_170000.wav",50,55,-1.4785228
48,"Test","ACA12_20231023_170000.wav",55,60,-1.3481883
49,"Test","ACA12_20231028_130000.wav",0,5,-1.6522887
51,"Test","ACA12_20231028_130000.wav",10,15,-1.6776671
52,"Test","ACA12_20231028_130000.wav",15,20,-1.2607551
53,"Test","ACA12_20231028_130000.wav",20,25,-1.6091219
54,"Test","ACA12_20231028_130000.wav",25,30,-0.98569167
55,"Test","ACA12_20231028_130000.wav",30,35,-1.3721111
56,"Test","ACA12_20231028_130000.wav",35,40,-1.4992523
57,"Test","ACA12_20231028_130000.wav",40,45,-1.4736552
58,"Test","ACA12_20231028_130000.wav",45,50,-1.1374247
50,"Test","ACA12_20231028_130000.wav",5,10,-1.599477
59,"Test","ACA12_20231028_130000.wav",50,55,-1.5730367
60,"Test","ACA12_20231028_130000.wav",55,60,-1.5192922
61,"Test","ACA12_20231113_170000.wav",0,5,-1.6462338
63,"Test","ACA12_20231113_170000.wav",10,15,-1.813162
64,"Test","ACA12_20231113_170000.wav",15,20,-1.7359731
65,"Test","ACA12_20231113_170000.wav",20,25,-1.8016741
66,"Test","ACA12_20231113_170000.wav",25,30,-1.9054872
67,"Test","ACA12_20231113_170000.wav",30,35,-1.6242278
68,"Test","ACA12_20231113_170000.wav",35,40,-1.5338817
69,"Test","ACA12_20231113_170000.wav",40,45,-1.5673938
70,"Test","ACA12_20231113_170000.wav",45,50,-1.5216742
62,"Test","ACA12_20231113_170000.wav",5,10,-1.4633309
71,"Test","ACA12_20231113_170000.wav",50,55,-1.572503
72,"Test","ACA12_20231113_170000.wav",55,60,-1.5826595
73,"Test","CAA04_20240706_060000.wav",0,5,-1.4306142
75,"Test","CAA04_20240706_060000.wav",10,15,-1.4297202
76,"Test","CAA04_20240706_060000.wav",15,20,-1.3661886
77,"Test","CAA04_20240706_060000.wav",20,25,-1.226116
78,"Test","CAA04_20240706_060000.wav",25,30,-1.240371
79,"Test","CAA04_20240706_060000.wav",30,35,-1.0798475
80,"Test","CAA04_20240706_060000.wav",35,40,-1.2390139
81,"Test","CAA04_20240706_060000.wav",40,45,-1.4076352
82,"Test","CAA04_20240706_060000.wav",45,50,-1.5096023
74,"Test","CAA04_20240706_060000.wav",5,10,-1.1832931
83,"Test","CAA04_20240706_060000.wav",50,55,-1.2150344
84,"Test","CAA04_20240706_060000.wav",55,60,-1.5054228
85,"Test","CAA04_20240709_130000.wav",0,5,-1.7160221
87,"Test","CAA04_20240709_130000.wav",10,15,-1.5917518
88,"Test","CAA04_20240709_130000.wav",15,20,-1.6656373
89,"Test","CAA04_20240709_130000.wav",20,25,-1.5110362
90,"Test","CAA04_20240709_130000.wav",25,30,-1.6621511
91,"Test","CAA04_20240709_130000.wav",30,35,-1.6394794
92,"Test","CAA04_20240709_130000.wav",35,40,-1.513207
93,"Test","CAA04_20240709_130000.wav",40,45,-1.5230336
94,"Test","CAA04_20240709_130000.wav",45,50,-1.6181941
86,"Test","CAA04_20240709_130000.wav",5,10,-1.6200173
95,"Test","CAA04_20240709_130000.wav",50,55,-1.6327311
96,"Test","CAA04_20240709_130000.wav",55,60,-1.6393971
97,"Test","CAA04_20240709_160000.wav",0,5,-1.5876915
99,"Test","CAA04_20240709_160000.wav",10,15,-1.5227349
100,"Test","CAA04_20240709_160000.wav",15,20,-1.2281934
101,"Test","CAA04_20240709_160000.wav",20,25,-1.2556496
102,"Test","CAA04_20240709_160000.wav",25,30,-1.3458272
103,"Test","CAA04_20240709_160000.wav",30,35,-1.4373274
104,"Test","CAA04_20240709_160000.wav",35,40,-1.325021
105,"Test","CAA04_20240709_160000.wav",40,45,-1.3332127
106,"Test","CAA04_20240709_160000.wav",45,50,-1.005381
98,"Test","CAA04_20240709_160000.wav",5,10,-1.3347144
107,"Test","CAA04_20240709_160000.wav",50,55,-1.2517499
108,"Test","CAA04_20240709_160000.wav",55,60,-1.1674229
109,"Test","CAA04_20240724_110000.wav",0,5,-1.3500122
111,"Test","CAA04_20240724_110000.wav",10,15,-1.8325669
112,"Test","CAA04_20240724_110000.wav",15,20,-1.4933689
113,"Test","CAA04_20240724_110000.wav",20,25,-1.61919
114,"Test","CAA04_20240724_110000.wav",25,30,-1.4919939
115,"Test","CAA04_20240724_110000.wav",30,35,-1.3837475
116,"Test","CAA04_20240724_110000.wav",35,40,-1.5325172
117,"Test","CAA04_20240724_110000.wav",40,45,-1.6603549
118,"Test","CAA04_20240724_110000.wav",45,50,-1.825219
110,"Test","CAA04_20240724_110000.wav",5,10,-1.5353634
119,"Test","CAA04_20240724_110000.wav",50,55,-1.8779426
120,"Test","CAA04_20240724_110000.wav",55,60,-1.864569
121,"Test","CAA04_20240726_070000.wav",0,5,-1.2674472
123,"Test","CAA04_20240726_070000.wav",10,15,-1.1491354
124,"Test","CAA04_20240726_070000.wav",15,20,-0.61705846
125,"Test","CAA04_20240726_070000.wav",20,25,-0.6974846
126,"Test","CAA04_20240726_070000.wav",25,30,-1.1485822
127,"Test","CAA04_20240726_070000.wav",30,35,-0.30092412
128,"Test","CAA04_20240726_070000.wav",35,40,-1.0315478
129,"Test","CAA04_20240726_070000.wav",40,45,-0.99555284
130,"Test","CAA04_20240726_070000.wav",45,50,-0.9250985
122,"Test","CAA04_20240726_070000.wav",5,10,-1.1394193
131,"Test","CAA04_20240726_070000.wav",50,55,-1.1784981
132,"Test","CAA04_20240726_070000.wav",55,60,-0.9617799
133,"Test","CAA04_20240730_130000.wav",0,5,-1.323189
135,"Test","CAA04_20240730_130000.wav",10,15,-1.3366898
136,"Test","CAA04_20240730_130000.wav",15,20,-1.5076979
137,"Test","CAA04_20240730_130000.wav",20,25,-1.509058
138,"Test","CAA04_20240730_130000.wav",25,30,-1.3715373
139,"Test","CAA04_20240730_130000.wav",30,35,-1.3148421
140,"Test","CAA04_20240730_130000.wav",35,40,-1.273243
141,"Test","CAA04_20240730_130000.wav",40,45,-1.470084
142,"Test","CAA04_20240730_130000.wav",45,50,-1.2783742
134,"Test","CAA04_20240730_130000.wav",5,10,-1.5274708
143,"Test","CAA04_20240730_130000.wav",50,55,-1.3421173
144,"Test","CAA04_20240730_130000.wav",55,60,-1.0325457
145,"Test","CAA04_20240802_070000.wav",0,5,-1.1607459
147,"Test","CAA04_20240802_070000.wav",10,15,-1.2615154
148,"Test","CAA04_20240802_070000.wav",15,20,-1.3075933
149,"Test","CAA04_20240802_070000.wav",20,25,-1.2762196
150,"Test","CAA04_20240802_070000.wav",25,30,-1.1628
151,"Test","CAA04_20240802_070000.wav",30,35,-1.0864923
152,"Test","CAA04_20240802_070000.wav",35,40,-0.39774454
153,"Test","CAA04_20240802_070000.wav",40,45,-0.8217948
154,"Test","CAA04_20240802_070000.wav",45,50,-1.153888
146,"Test","CAA04_20240802_070000.wav",5,10,-0.9756252
155,"Test","CAA04_20240802_070000.wav",50,55,-1.112878
156,"Test","CAA04_20240802_070000.wav",55,60,-1.0494685
157,"Test","CAA04_20240802_150000.wav",0,5,-1.6523752
159,"Test","CAA04_20240802_150000.wav",10,15,-1.5279713
160,"Test","CAA04_20240802_150000.wav",15,20,-1.6064494
161,"Test","CAA04_20240802_150000.wav",20,25,-1.361594
162,"Test","CAA04_20240802_150000.wav",25,30,-1.5504313
163,"Test","CAA04_20240802_150000.wav",30,35,-2.0701408
164,"Test","CAA04_20240802_150000.wav",35,40,-1.7767837
165,"Test","CAA04_20240802_150000.wav",40,45,-2.0480177
166,"Test","CAA04_20240802_150000.wav",45,50,-2.0307364
158,"Test","CAA04_20240802_150000.wav",5,10,-1.4506977
167,"Test","CAA04_20240802_150000.wav",50,55,-1.9190028
168,"Test","CAA04_20240802_150000.wav",55,60,-1.9024878
169,"Test","CBM08_20240526_062030.wav",0,5,-1.404189
171,"Test","CBM08_20240526_062030.wav",10,15,-1.35015
172,"Test","CBM08_20240526_062030.wav",15,20,-1.1821257
173,"Test","CBM08_20240526_062030.wav",20,25,-1.3495231
174,"Test","CBM08_20240526_062030.wav",25,30,-1.1786788
175,"Test","CBM08_20240526_062030.wav",30,35,-1.2472985
176,"Test","CBM08_20240526_062030.wav",35,40,-1.2400773
177,"Test","CBM08_20240526_062030.wav",40,45,-1.4579403
178,"Test","CBM08_20240526_062030.wav",45,50,-1.4897478
170,"Test","CBM08_20240526_062030.wav",5,10,-1.1839309
179,"Test","CBM08_20240526_062030.wav",50,55,-1.4135811
180,"Test","CBM08_20240526_062030.wav",55,60,-1.5066972
181,"Test","CBM08_20240526_080447.wav",0,5,-1.6439948
182,"Test","CBM08_20240526_080447.wav",5,10,-1.431893
183,"Test","CBM08_20240526_094204.wav",0,5,-1.3041589
185,"Test","CBM08_20240526_094204.wav",10,15,-1.6164387
186,"Test","CBM08_20240526_094204.wav",15,20,-1.4181728
187,"Test","CBM08_20240526_094204.wav",20,25,-1.5471547
188,"Test","CBM08_20240526_094204.wav",25,30,-1.5495647
189,"Test","CBM08_20240526_094204.wav",30,35,-1.6484165
190,"Test","CBM08_20240526_094204.wav",35,40,-1.4993123
191,"Test","CBM08_20240526_094204.wav",40,45,-1.6688187
192,"Test","CBM08_20240526_094204.wav",45,50,-1.7570825
184,"Test","CBM08_20240526_094204.wav",5,10,-1.4110868
193,"Test","CBM08_20240526_094204.wav",50,55,-1.6437898
194,"Test","CBM08_20240526_094204.wav",55,60,-1.4093912
195,"Test","CBM08_20240526_152144.wav",0,5,-1.5590043
197,"Test","CBM08_20240526_152144.wav",10,15,-1.1521283
198,"Test","CBM08_20240526_152144.wav",15,20,-0.8051699
199,"Test","CBM08_20240526_152144.wav",20,25,-1.1937126
200,"Test","CBM08_20240526_152144.wav",25,30,-1.2033156
201,"Test","CBM08_20240526_152144.wav",30,35,-1.3769546
202,"Test","CBM08_20240526_152144.wav",35,40,-1.0039682
203,"Test","CBM08_20240526_152144.wav",40,45,-1.0956002
204,"Test","CBM08_20240526_152144.wav",45,50,-1.0018784
196,"Test","CBM08_20240526_152144.wav",5,10,-1.3824971
205,"Test","CBM08_20240526_152144.wav",50,55,-1.4344805
206,"Test","CBM08_20240526_152144.wav",55,60,-1.2618985
207,"Test","CBM08_20240526_174358.wav",0,5,-1.2973897
209,"Test","CBM08_20240526_174358.wav",10,15,-1.1841137
210,"Test","CBM08_20240526_174358.wav",15,20,-1.414846
211,"Test","CBM08_20240526_174358.wav",20,25,-1.3199277
212,"Test","CBM08_20240526_174358.wav",25,30,-1.27176
213,"Test","CBM08_20240526_174358.wav",30,35,-1.5115916
214,"Test","CBM08_20240526_174358.wav",35,40,-1.4960706
215,"Test","CBM08_20240526_174358.wav",40,45,-1.6670778
216,"Test","CBM08_20240526_174358.wav",45,50,-1.170691
208,"Test","CBM08_20240526_174358.wav",5,10,-1.4122617
217,"Test","CBM08_20240526_174358.wav",50,55,-1.22033
218,"Test","CBM08_20240526_174358.wav",55,60,-1.3811882
219,"Test","EFM20_20231004_170000.wav",0,5,-1.5027652
221,"Test","EFM20_20231004_170000.wav",10,15,-1.3131503
222,"Test","EFM20_20231004_170000.wav",15,20,-1.3255564
223,"Test","EFM20_20231004_170000.wav",20,25,-1.3379772
224,"Test","EFM20_20231004_170000.wav",25,30,-1.3440137
225,"Test","EFM20_20231004_170000.wav",30,35,-1.3910502
226,"Test","EFM20_20231004_170000.wav",35,40,-1.2508469
227,"Test","EFM20_20231004_170000.wav",40,45,-1.3448156
228,"Test","EFM20_20231004_170000.wav",45,50,-1.3550103
220,"Test","EFM20_20231004_170000.wav",5,10,-1.4437664
229,"Test","EFM20_20231004_170000.wav",50,55,-1.4556608
230,"Test","EFM20_20231004_170000.wav",55,60,-1.3176689
231,"Test","EFM20_20231010_070000.wav",0,5,-0.9985395
233,"Test","EFM20_20231010_070000.wav",10,15,-1.2464783
234,"Test","EFM20_20231010_070000.wav",15,20,-1.8028429
235,"Test","EFM20_20231010_070000.wav",20,25,-1.331367
236,"Test","EFM20_20231010_070000.wav",25,30,-1.3183322
237,"Test","EFM20_20231010_070000.wav",30,35,-1.56395
238,"Test","EFM20_20231010_070000.wav",35,40,-1.405721
239,"Test","EFM20_20231010_070000.wav",40,45,-1.3578124
240,"Test","EFM20_20231010_070000.wav",45,50,-1.3816229
232,"Test","EFM20_20231010_070000.wav",5,10,-1.7816021
241,"Test","EFM20_20231010_070000.wav",50,55,-1.592817
242,"Test","EFM20_20231010_070000.wav",55,60,-1.8058507
243,"Test","EFM20_20231010_140000.wav",0,5,-1.5649207
245,"Test","EFM20_20231010_140000.wav",10,15,-1.6100013
246,"Test","EFM20_20231010_140000.wav",15,20,-1.5224344
247,"Test","EFM20_20231010_140000.wav",20,25,-1.6681947
248,"Test","EFM20_20231010_140000.wav",25,30,-1.5533494
249,"Test","EFM20_20231010_140000.wav",30,35,-1.6443233
250,"Test","EFM20_20231010_140000.wav",35,40,-1.6693144
251,"Test","EFM20_20231010_140000.wav",40,45,-1.477437
252,"Test","EFM20_20231010_140000.wav",45,50,-1.5819749
244,"Test","EFM20_20231010_140000.wav",5,10,-1.4947162
253,"Test","EFM20_20231010_140000.wav",50,55,-1.6337674
254,"Test","EFM20_20231010_140000.wav",55,60,-1.5453572
255,"Test","EFM20_20231016_090000.wav",0,5,-1.743248
257,"Test","EFM20_20231016_090000.wav",10,15,-1.6106215
258,"Test","EFM20_20231016_090000.wav",15,20,-1.6242597
259,"Test","EFM20_20231016_090000.wav",20,25,-1.3959153
260,"Test","EFM20_20231016_090000.wav",25,30,-1.6953084
261,"Test","EFM20_20231016_090000.wav",30,35,-1.7673812
262,"Test","EFM20_20231016_090000.wav",35,40,-1.3773139
263,"Test","EFM20_20231016_090000.wav",40,45,-1.6181822
264,"Test","EFM20_20231016_090000.wav",45,50,-1.5030857
256,"Test","EFM20_20231016_090000.wav",5,10,-1.6153246
265,"Test","EFM20_20231016_090000.wav",50,55,-1.5094082
266,"Test","EFM20_20231016_090000.wav",55,60,-1.5632888
267,"Test","EFM20_20231024_170000.wav",0,5,-1.4778862
269,"Test","EFM20_20231024_170000.wav",10,15,-1.6461293
270,"Test","EFM20_20231024_170000.wav",15,20,-1.498713
271,"Test","EFM20_20231024_170000.wav",20,25,-1.5028377
272,"Test","EFM20_20231024_170000.wav",25,30,-1.5907247
273,"Test","EFM20_20231024_170000.wav",30,35,-1.4054306
274,"Test","EFM20_20231024_170000.wav",35,40,-1.7145509
275,"Test","EFM20_20231024_170000.wav",40,45,-1.593333
276,"Test","EFM20_20231024_170000.wav",45,50,-1.560293
268,"Test","EFM20_20231024_170000.wav",5,10,-1.4653373
277,"Test","EFM20_20231024_170000.wav",50,55,-1.571476
278,"Test","EFM20_20231024_170000.wav",55,60,-1.6565229
279,"Test","EFM20_20231111_060000.wav",0,5,-1.1593285
281,"Test","EFM20_20231111_060000.wav",10,15,-1.0788682
282,"Test","EFM20_20231111_060000.wav",15,20,-1.1280398
283,"Test","EFM20_20231111_060000.wav",20,25,-1.0805361
284,"Test","EFM20_20231111_060000.wav",25,30,-1.2081175
285,"Test","EFM20_20231111_060000.wav",30,35,-1.5823764
286,"Test","EFM20_20231111_060000.wav",35,40,-1.4252758
287,"Test","EFM20_20231111_060000.wav",40,45,-1.5956244
288,"Test","EFM20_20231111_060000.wav",45,50,-1.3357954
280,"Test","EFM20_20231111_060000.wav",5,10,-1.0661929
289,"Test","EFM20_20231111_060000.wav",50,55,-1.4113684
290,"Test","EFM20_20231111_060000.wav",55,60,-1.6994674
291,"Test","ETM34_20230923_070000.wav",0,5,-1.679837
293,"Test","ETM34_20230923_070000.wav",10,15,-1.3528626
294,"Test","ETM34_20230923_070000.wav",15,20,-1.6101704
295,"Test","ETM34_20230923_070000.wav",20,25,-1.5706952
296,"Test","ETM34_20230923_070000.wav",25,30,-1.2949188
297,"Test","ETM34_20230923_070000.wav",30,35,-1.5346706
298,"Test","ETM34_20230923_070000.wav",35,40,-1.5527582
299,"Test","ETM34_20230923_070000.wav",40,45,-1.6068356
300,"Test","ETM34_20230923_070000.wav",45,50,-1.2699969
292,"Test","ETM34_20230923_070000.wav",5,10,-1.3080746
301,"Test","ETM34_20230923_070000.wav",50,55,-1.0729299
302,"Test","ETM34_20230923_070000.wav",55,60,-1.1554415
303,"Test","ETM34_20231005_120000.wav",0,5,-1.3547187
305,"Test","ETM34_20231005_120000.wav",10,15,-1.2100217
306,"Test","ETM34_20231005_120000.wav",15,20,-1.5746331
307,"Test","ETM34_20231005_120000.wav",20,25,-1.4495323
308,"Test","ETM34_20231005_120000.wav",25,30,-1.5665796
309,"Test","ETM34_20231005_120000.wav",30,35,-1.3679295
310,"Test","ETM34_20231005_120000.wav",35,40,-1.3576531
311,"Test","ETM34_20231005_120000.wav",40,45,-1.265167
312,"Test","ETM34_20231005_120000.wav",45,50,-1.5118499
304,"Test","ETM34_20231005_120000.wav",5,10,-1.4067705
313,"Test","ETM34_20231005_120000.wav",50,55,-1.3413196
314,"Test","ETM34_20231005_120000.wav",55,60,-1.3758388
315,"Test","ETM34_20231011_060000.wav",0,5,-1.6561255
317,"Test","ETM34_20231011_060000.wav",10,15,-1.5915614
318,"Test","ETM34_20231011_060000.wav",15,20,-1.7085624
319,"Test","ETM34_20231011_060000.wav",20,25,-1.7675083
320,"Test","ETM34_20231011_060000.wav",25,30,-1.76594
321,"Test","ETM34_20231011_060000.wav",30,35,-1.6974425
322,"Test","ETM34_20231011_060000.wav",35,40,-1.8802323
323,"Test","ETM34_20231011_060000.wav",40,45,-1.6415285
324,"Test","ETM34_20231011_060000.wav",45,50,-1.708625
316,"Test","ETM34_20231011_060000.wav",5,10,-1.5242913
325,"Test","ETM34_20231011_060000.wav",50,55,-1.7530423
326,"Test","ETM34_20231011_060000.wav",55,60,-1.7203121
327,"Test","ETM34_20231015_170000.wav",0,5,-1.4314325
329,"Test","ETM34_20231015_170000.wav",10,15,-1.6328616
330,"Test","ETM34_20231015_170000.wav",15,20,-1.4861605
331,"Test","ETM34_20231015_170000.wav",20,25,-1.4275962
332,"Test","ETM34_20231015_170000.wav",25,30,-1.5986613
333,"Test","ETM34_20231015_170000.wav",30,35,-1.598033
334,"Test","ETM34_20231015_170000.wav",35,40,-1.5095153
335,"Test","ETM34_20231015_170000.wav",40,45,-1.4899735
336,"Test","ETM34_20231015_170000.wav",45,50,-1.6583067
328,"Test","ETM34_20231015_170000.wav",5,10,-1.4801524
337,"Test","ETM34_20231015_170000.wav",50,55,-1.5714118
338,"Test","ETM34_20231015_170000.wav",55,60,-1.7040684
339,"Test","ETM34_20231021_160000.wav",0,5,-1.287503
341,"Test","ETM34_20231021_160000.wav",10,15,-1.2764579
342,"Test","ETM34_20231021_160000.wav",15,20,-1.2641788
343,"Test","ETM34_20231021_160000.wav",20,25,-1.3481219
344,"Test","ETM34_20231021_160000.wav",25,30,-1.412889
345,"Test","ETM34_20231021_160000.wav",30,35,-1.2425799
346,"Test","ETM34_20231021_160000.wav",35,40,-1.3724582
347,"Test","ETM34_20231021_160000.wav",40,45,-1.2318811
348,"Test","ETM34_20231021_160000.wav",45,50,-1.2926397
340,"Test","ETM34_20231021_160000.wav",5,10,-1.344425
349,"Test","ETM34_20231021_160000.wav",50,55,-1.3009789
350,"Test","ETM34_20231021_160000.wav",55,60,-1.2952693
351,"Test","ETM34_20231104_100000.wav",0,5,-1.5210164
353,"Test","ETM34_20231104_100000.wav",10,15,-1.4956453
354,"Test","ETM34_20231104_100000.wav",15,20,-1.5585653
355,"Test","ETM34_20231104_100000.wav",20,25,-1.549067
356,"Test","ETM34_20231104_100000.wav",25,30,-1.4055934
357,"Test","ETM34_20231104_100000.wav",30,35,-1.6497629
358,"Test","ETM34_20231104_100000.wav",35,40,-1.5045772
359,"Test","ETM34_20231104_100000.wav",40,45,-1.3543055
360,"Test","ETM34_20231104_100000.wav",45,50,-1.4872614
352,"Test","ETM34_20231104_100000.wav",5,10,-1.5736496
361,"Test","ETM34_20231104_100000.wav",50,55,-1.5373359
362,"Test","ETM34_20231104_100000.wav",55,60,-1.3082945
363,"Test","FCM30_20230926_070000.wav",0,5,-1.8193352
365,"Test","FCM30_20230926_070000.wav",10,15,-1.7467501
366,"Test","FCM30_20230926_070000.wav",15,20,-1.5739253
367,"Test","FCM30_20230926_070000.wav",20,25,-1.265399
368,"Test","FCM30_20230926_070000.wav",25,30,-1.7783812
369,"Test","FCM30_20230926_070000.wav",30,35,-1.61767
370,"Test","FCM30_20230926_070000.wav",35,40,-1.4511653
371,"Test","FCM30_20230926_070000.wav",40,45,-1.5870506
372,"Test","FCM30_20230926_070000.wav",45,50,-1.9052302
364,"Test","FCM30_20230926_070000.wav",5,10,-1.6830361
373,"Test","FCM30_20230926_070000.wav",50,55,-1.60356
374,"Test","FCM30_20230926_070000.wav",55,60,-1.5968429
375,"Test","FCM30_20230926_100000.wav",0,5,-1.6584799
377,"Test","FCM30_20230926_100000.wav",10,15,-1.6620073
378,"Test","FCM30_20230926_100000.wav",15,20,-1.5910163
379,"Test","FCM30_20230926_100000.wav",20,25,-1.7920938
380,"Test","FCM30_20230926_100000.wav",25,30,-1.781203
381,"Test","FCM30_20230926_100000.wav",30,35,-1.7960715
382,"Test","FCM30_20230926_100000.wav",35,40,-1.7043619
383,"Test","FCM30_20230926_100000.wav",40,45,-1.7083905
384,"Test","FCM30_20230926_100000.wav",45,50,-1.8090426
376,"Test","FCM30_20230926_100000.wav",5,10,-1.6562
385,"Test","FCM30_20230926_100000.wav",50,55,-1.5763223
386,"Test","FCM30_20230926_100000.wav",55,60,-1.8492663
387,"Test","FCM30_20231002_160000.wav",0,5,-1.4178896
389,"Test","FCM30_20231002_160000.wav",10,15,-1.452926
390,"Test","FCM30_20231002_160000.wav",15,20,-1.3812099
391,"Test","FCM30_20231002_160000.wav",20,25,-1.4703732
392,"Test","FCM30_20231002_160000.wav",25,30,-1.3716617
393,"Test","FCM30_20231002_160000.wav",30,35,-1.4176631
394,"Test","FCM30_20231002_160000.wav",35,40,-1.4301347
395,"Test","FCM30_20231002_160000.wav",40,45,-1.4613107
396,"Test","FCM30_20231002_160000.wav",45,50,-1.1985382
388,"Test","FCM30_20231002_160000.wav",5,10,-1.5833397
397,"Test","FCM30_20231002_160000.wav",50,55,-1.4496572
398,"Test","FCM30_20231002_160000.wav",55,60,-1.4688352
399,"Test","FCM30_20231010_070000.wav",0,5,-1.2297686
401,"Test","FCM30_20231010_070000.wav",10,15,-1.0591439
402,"Test","FCM30_20231010_070000.wav",15,20,-0.6669825
403,"Test","FCM30_20231010_070000.wav",20,25,-1.0246274
404,"Test","FCM30_20231010_070000.wav",25,30,-1.1804532
405,"Test","FCM30_20231010_070000.wav",30,35,-0.97988033
406,"Test","FCM30_20231010_070000.wav",35,40,-1.0340016
407,"Test","FCM30_20231010_070000.wav",40,45,-1.303175
408,"Test","FCM30_20231010_070000.wav",45,50,-0.88034284
400,"Test","FCM30_20231010_070000.wav",5,10,-0.988612
409,"Test","FCM30_20231010_070000.wav",50,55,-1.0176108
410,"Test","FCM30_20231010_070000.wav",55,60,-0.88688904
411,"Test","FCM30_20231010_150000.wav",0,5,-1.2843382
413,"Test","FCM30_20231010_150000.wav",10,15,-1.2106743
414,"Test","FCM30_20231010_150000.wav",15,20,-1.2314328
415,"Test","FCM30_20231010_150000.wav",20,25,-1.3089149
416,"Test","FCM30_20231010_150000.wav",25,30,-1.3871361
417,"Test","FCM30_20231010_150000.wav",30,35,-1.2451375
418,"Test","FCM30_20231010_150000.wav",35,40,-1.2516091
419,"Test","FCM30_20231010_150000.wav",40,45,-1.1642444
420,"Test","FCM30_20231010_150000.wav",45,50,-1.2524914
412,"Test","FCM30_20231010_150000.wav",5,10,-1.2551136
421,"Test","FCM30_20231010_150000.wav",50,55,-1.252136
422,"Test","FCM30_20231010_150000.wav",55,60,-1.3741163
423,"Test","FCM30_20231018_170000.wav",0,5,-1.6387606
425,"Test","FCM30_20231018_170000.wav",10,15,-1.8381848
426,"Test","FCM30_20231018_170000.wav",15,20,-1.7683892
427,"Test","FCM30_20231018_170000.wav",20,25,-1.4618459
428,"Test","FCM30_20231018_170000.wav",25,30,-1.7017702
429,"Test","FCM30_20231018_170000.wav",30,35,-1.7193037
430,"Test","FCM30_20231018_170000.wav",35,40,-1.5117439
431,"Test","FCM30_20231018_170000.wav",40,45,-1.7445519
432,"Test","FCM30_20231018_170000.wav",45,50,-1.9401107
424,"Test","FCM30_20231018_170000.wav",5,10,-1.7186306
433,"Test","FCM30_20231018_170000.wav",50,55,-1.914763
434,"Test","FCM30_20231018_170000.wav",55,60,-1.6712136
435,"Test","GGA16_20230923_072000.wav",0,5,-0.53609955
437,"Test","GGA16_20230923_072000.wav",10,15,-1.1383677
455,"Test","GGA16_20230923_072000.wav",100,105,-2.021487
456,"Test","GGA16_20230923_072000.wav",105,110,-2.048741
457,"Test","GGA16_20230923_072000.wav",110,115,-1.6851108
458,"Test","GGA16_20230923_072000.wav",115,120,-1.4097977
459,"Test","GGA16_20230923_072000.wav",120,125,-1.7961708
460,"Test","GGA16_20230923_072000.wav",125,130,-1.6944131
461,"Test","GGA16_20230923_072000.wav",130,135,-1.8233986
462,"Test","GGA16_20230923_072000.wav",135,140,-1.8115497
463,"Test","GGA16_20230923_072000.wav",140,145,-1.4608288
464,"Test","GGA16_20230923_072000.wav",145,150,-1.6445835
438,"Test","GGA16_20230923_072000.wav",15,20,-1.1178967
465,"Test","GGA16_20230923_072000.wav",150,155,-1.3495735
466,"Test","GGA16_20230923_072000.wav",155,160,-1.1381602
467,"Test","GGA16_20230923_072000.wav",160,165,-1.6350814
468,"Test","GGA16_20230923_072000.wav",165,170,-1.7693102
469,"Test","GGA16_20230923_072000.wav",170,175,-1.6702292
470,"Test","GGA16_20230923_072000.wav",175,180,-1.5637381
471,"Test","GGA16_20230923_072000.wav",180,185,-1.5902345
472,"Test","GGA16_20230923_072000.wav",185,190,-1.5986098
473,"Test","GGA16_20230923_072000.wav",190,195,-1.602272
474,"Test","GGA16_20230923_072000.wav",195,200,-1.4952192
439,"Test","GGA16_20230923_072000.wav",20,25,-1.3118794
475,"Test","GGA16_20230923_072000.wav",200,205,-1.6928754
476,"Test","GGA16_20230923_072000.wav",205,210,-1.3083233
477,"Test","GGA16_20230923_072000.wav",210,215,-1.3597791
478,"Test","GGA16_20230923_072000.wav",215,220,-1.6694043
479,"Test","GGA16_20230923_072000.wav",220,225,-1.4333439
480,"Test","GGA16_20230923_072000.wav",225,230,-1.6297382
481,"Test","GGA16_20230923_072000.wav",230,235,-1.589319
482,"Test","GGA16_20230923_072000.wav",235,240,-1.7933108
483,"Test","GGA16_20230923_072000.wav",240,245,-1.6469755
484,"Test","GGA16_20230923_072000.wav",245,250,-1.7771134
440,"Test","GGA16_20230923_072000.wav",25,30,-1.0556563
485,"Test","GGA16_20230923_072000.wav",250,255,-1.7198834
486,"Test","GGA16_20230923_072000.wav",255,260,-1.6223919
487,"Test","GGA16_20230923_072000.wav",260,265,-1.7948195
488,"Test","GGA16_20230923_072000.wav",265,270,-1.4463522
489,"Test","GGA16_20230923_072000.wav",270,275,-1.7826915
490,"Test","GGA16_20230923_072000.wav",275,280,-1.6459886
491,"Test","GGA16_20230923_072000.wav",280,285,-1.6325041
492,"Test","GGA16_20230923_072000.wav",285,290,-1.7899492
493,"Test","GGA16_20230923_072000.wav",290,295,-1.8338892
441,"Test","GGA16_20230923_072000.wav",30,35,-1.4105039
442,"Test","GGA16_20230923_072000.wav",35,40,-1.2143514
443,"Test","GGA16_20230923_072000.wav",40,45,-1.8291376
444,"Test","GGA16_20230923_072000.wav",45,50,-1.8618283
436,"Test","GGA16_20230923_072000.wav",5,10,-1.2394269
445,"Test","GGA16_20230923_072000.wav",50,55,-1.6028999
446,"Test","GGA16_20230923_072000.wav",55,60,-1.6739997
447,"Test","GGA16_20230923_072000.wav",60,65,-1.7766479
448,"Test","GGA16_20230923_072000.wav",65,70,-1.7865953
449,"Test","GGA16_20230923_072000.wav",70,75,-1.6337936
450,"Test","GGA16_20230923_072000.wav",75,80,-1.6302379
451,"Test","GGA16_20230923_072000.wav",80,85,-1.7263792
452,"Test","GGA16_20230923_072000.wav",85,90,-1.6493175
453,"Test","GGA16_20230923_072000.wav",90,95,-1.9696078
454,"Test","GGA16_20230923_072000.wav",95,100,-1.7808161
494,"Test","GGA16_20230924_064000.wav",0,5,-0.83941156
496,"Test","GGA16_20230924_064000.wav",10,15,-0.7762559
514,"Test","GGA16_20230924_064000.wav",100,105,-1.2187173
515,"Test","GGA16_20230924_064000.wav",105,110,-1.4193888
516,"Test","GGA16_20230924_064000.wav",110,115,-1.727687
517,"Test","GGA16_20230924_064000.wav",115,120,-1.4452038
518,"Test","GGA16_20230924_064000.wav",120,125,-1.3693664
519,"Test","GGA16_20230924_064000.wav",125,130,-1.5474246
520,"Test","GGA16_20230924_064000.wav",130,135,-1.1149216
521,"Test","GGA16_20230924_064000.wav",135,140,-0.9770882
522,"Test","GGA16_20230924_064000.wav",140,145,-1.444699
523,"Test","GGA16_20230924_064000.wav",145,150,-1.136404
497,"Test","GGA16_20230924_064000.wav",15,20,-1.1184437
524,"Test","GGA16_20230924_064000.wav",150,155,-1.687493
525,"Test","GGA16_20230924_064000.wav",155,160,-1.4109569
526,"Test","GGA16_20230924_064000.wav",160,165,-1.0074742
527,"Test","GGA16_20230924_064000.wav",165,170,-1.4945092
528,"Test","GGA16_20230924_064000.wav",170,175,-1.3258508
529,"Test","GGA16_20230924_064000.wav",175,180,-1.2564424
530,"Test","GGA16_20230924_064000.wav",180,185,-1.4128172
531,"Test","GGA16_20230924_064000.wav",185,190,-1.42274
532,"Test","GGA16_20230924_064000.wav",190,195,-1.0861775
533,"Test","GGA16_20230924_064000.wav",195,200,-1.628025
498,"Test","GGA16_20230924_064000.wav",20,25,-0.83617574
534,"Test","GGA16_20230924_064000.wav",200,205,-1.4616177
535,"Test","GGA16_20230924_064000.wav",205,210,-1.6239032
536,"Test","GGA16_20230924_064000.wav",210,215,-1.1702763
537,"Test","GGA16_20230924_064000.wav",215,220,-1.138415
538,"Test","GGA16_20230924_064000.wav",220,225,-1.3159469
539,"Test","GGA16_20230924_064000.wav",225,230,-1.3973153
540,"Test","GGA16_20230924_064000.wav",230,235,-1.6723378
541,"Test","GGA16_20230924_064000.wav",235,240,-1.7176573
542,"Test","GGA16_20230924_064000.wav",240,245,-1.1713874
543,"Test","GGA16_20230924_064000.wav",245,250,-1.1569464
499,"Test","GGA16_20230924_064000.wav",25,30,-0.7859319
544,"Test","GGA16_20230924_064000.wav",250,255,-1.1787488
545,"Test","GGA16_20230924_064000.wav",255,260,-1.3549076
546,"Test","GGA16_20230924_064000.wav",260,265,-1.2028916
547,"Test","GGA16_20230924_064000.wav",265,270,-1.3151383
548,"Test","GGA16_20230924_064000.wav",270,275,-1.4353145
549,"Test","GGA16_20230924_064000.wav",275,280,-0.6713197
550,"Test","GGA16_20230924_064000.wav",280,285,-1.1416214
551,"Test","GGA16_20230924_064000.wav",285,290,-1.0764064
552,"Test","GGA16_20230924_064000.wav",290,295,-1.2248491
500,"Test","GGA16_20230924_064000.wav",30,35,-1.2114394
501,"Test","GGA16_20230924_064000.wav",35,40,-0.7719261
502,"Test","GGA16_20230924_064000.wav",40,45,-0.8018903
503,"Test","GGA16_20230924_064000.wav",45,50,-0.92143756
495,"Test","GGA16_20230924_064000.wav",5,10,-0.61985785
504,"Test","GGA16_20230924_064000.wav",50,55,-0.85426074
505,"Test","GGA16_20230924_064000.wav",55,60,-0.9107615
506,"Test","GGA16_20230924_064000.wav",60,65,-1.3451662
507,"Test","GGA16_20230924_064000.wav",65,70,-1.073222
508,"Test","GGA16_20230924_064000.wav",70,75,-1.064828
509,"Test","GGA16_20230924_064000.wav",75,80,-1.2947118
510,"Test","GGA16_20230924_064000.wav",80,85,-1.3693402
511,"Test","GGA16_20230924_064000.wav",85,90,-1.2544631
512,"Test","GGA16_20230924_064000.wav",90,95,-1.6684669
513,"Test","GGA16_20230924_064000.wav",95,100,-1.4923949
553,"Test","GGA16_20230924_080000.wav",0,5,-1.0218115
555,"Test","GGA16_20230924_080000.wav",10,15,-1.2881191
556,"Test","GGA16_20230924_080000.wav",15,20,-1.0388867
557,"Test","GGA16_20230924_080000.wav",20,25,-1.1438708
558,"Test","GGA16_20230924_080000.wav",25,30,-1.306866
559,"Test","GGA16_20230924_080000.wav",30,35,-1.2264278
560,"Test","GGA16_20230924_080000.wav",35,40,-1.101593
561,"Test","GGA16_20230924_080000.wav",40,45,-1.1956465
562,"Test","GGA16_20230924_080000.wav",45,50,-1.3439901
554,"Test","GGA16_20230924_080000.wav",5,10,-1.0802276
563,"Test","GGA16_20230924_080000.wav",50,55,-0.91263264
564,"Test","GGA16_20230924_080000.wav",55,60,-1.1190612
565,"Test","GGA16_20230924_130000.wav",0,5,-1.6197805
567,"Test","GGA16_20230924_130000.wav",10,15,-1.5355499
568,"Test","GGA16_20230924_130000.wav",15,20,-1.6155126
569,"Test","GGA16_20230924_130000.wav",20,25,-1.4448289
570,"Test","GGA16_20230924_130000.wav",25,30,-1.5679386
571,"Test","GGA16_20230924_130000.wav",30,35,-1.5635086
572,"Test","GGA16_20230924_130000.wav",35,40,-1.4556882
573,"Test","GGA16_20230924_130000.wav",40,45,-1.3391418
574,"Test","GGA16_20230924_130000.wav",45,50,-1.5607455
566,"Test","GGA16_20230924_130000.wav",5,10,-1.6520638
575,"Test","GGA16_20230924_130000.wav",50,55,-1.5316746
576,"Test","GGA16_20230924_130000.wav",55,60,-1.3360869
577,"Test","GGA16_20230924_132000.wav",0,5,-1.164443
579,"Test","GGA16_20230924_132000.wav",10,15,-1.000408
597,"Test","GGA16_20230924_132000.wav",100,105,-0.95669276
598,"Test","GGA16_20230924_132000.wav",105,110,-1.1825632
599,"Test","GGA16_20230924_132000.wav",110,115,-0.7465934
600,"Test","GGA16_20230924_132000.wav",115,120,-0.5703156
601,"Test","GGA16_20230924_132000.wav",120,125,-0.6169029
602,"Test","GGA16_20230924_132000.wav",125,130,-1.2714828
603,"Test","GGA16_20230924_132000.wav",130,135,-1.5494523
604,"Test","GGA16_20230924_132000.wav",135,140,-1.630023
605,"Test","GGA16_20230924_132000.wav",140,145,-1.4641943
606,"Test","GGA16_20230924_132000.wav",145,150,-1.3583757
580,"Test","GGA16_20230924_132000.wav",15,20,-0.6505571
607,"Test","GGA16_20230924_132000.wav",150,155,-1.5286497
608,"Test","GGA16_20230924_132000.wav",155,160,-1.7591257
609,"Test","GGA16_20230924_132000.wav",160,165,-1.9178996
610,"Test","GGA16_20230924_132000.wav",165,170,-1.7559482
611,"Test","GGA16_20230924_132000.wav",170,175,-1.8937883
612,"Test","GGA16_20230924_132000.wav",175,180,-1.8986948
613,"Test","GGA16_20230924_132000.wav",180,185,-1.6085895
614,"Test","GGA16_20230924_132000.wav",185,190,-1.320514
615,"Test","GGA16_20230924_132000.wav",190,195,-1.5740304
616,"Test","GGA16_20230924_132000.wav",195,200,-1.6303964
581,"Test","GGA16_20230924_132000.wav",20,25,-0.7598653
617,"Test","GGA16_20230924_132000.wav",200,205,-1.4497459
618,"Test","GGA16_20230924_132000.wav",205,210,-1.5828921
619,"Test","GGA16_20230924_132000.wav",210,215,-1.246372
620,"Test","GGA16_20230924_132000.wav",215,220,-1.6184986
621,"Test","GGA16_20230924_132000.wav",220,225,-1.1698155
622,"Test","GGA16_20230924_132000.wav",225,230,-1.4196043
623,"Test","GGA16_20230924_132000.wav",230,235,-1.430879
624,"Test","GGA16_20230924_132000.wav",235,240,-1.3947535
625,"Test","GGA16_20230924_132000.wav",240,245,-1.0451146
626,"Test","GGA16_20230924_132000.wav",245,250,-1.122397
582,"Test","GGA16_20230924_132000.wav",25,30,-1.249291
627,"Test","GGA16_20230924_132000.wav",250,255,-1.4118803
628,"Test","GGA16_20230924_132000.wav",255,260,-1.4542817
629,"Test","GGA16_20230924_132000.wav",260,265,-1.6489986
630,"Test","GGA16_20230924_132000.wav",265,270,-1.338723
631,"Test","GGA16_20230924_132000.wav",270,275,-1.3981658
632,"Test","GGA16_20230924_132000.wav",275,280,-1.433152
633,"Test","GGA16_20230924_132000.wav",280,285,-1.437703
634,"Test","GGA16_20230924_132000.wav",285,290,-1.0110126
635,"Test","GGA16_20230924_132000.wav",290,295,-1.4977591
583,"Test","GGA16_20230924_132000.wav",30,35,-1.1652128
584,"Test","GGA16_20230924_132000.wav",35,40,-1.0161414
585,"Test","GGA16_20230924_132000.wav",40,45,-1.7433705
586,"Test","GGA16_20230924_132000.wav",45,50,-1.4222764
578,"Test","GGA16_20230924_132000.wav",5,10,-1.155851
587,"Test","GGA16_20230924_132000.wav",50,55,-1.6268307
588,"Test","GGA16_20230924_132000.wav",55,60,-1.2441556
589,"Test","GGA16_20230924_132000.wav",60,65,-0.9923014
590,"Test","GGA16_20230924_132000.wav",65,70,-1.4257555
591,"Test","GGA16_20230924_132000.wav",70,75,-0.8514777
592,"Test","GGA16_20230924_132000.wav",75,80,-1.5286298
593,"Test","GGA16_20230924_132000.wav",80,85,-0.7943209
594,"Test","GGA16_20230924_132000.wav",85,90,-0.82675797
595,"Test","GGA16_20230924_132000.wav",90,95,-0.88342816
596,"Test","GGA16_20230924_132000.wav",95,100,-1.0842459
636,"Test","GGA16_20230924_170000.wav",0,5,-1.3403385
638,"Test","GGA16_20230924_170000.wav",10,15,-1.4479604
639,"Test","GGA16_20230924_170000.wav",15,20,-1.3381963
640,"Test","GGA16_20230924_170000.wav",20,25,-1.0985563
641,"Test","GGA16_20230924_170000.wav",25,30,-1.3771396
642,"Test","GGA16_20230924_170000.wav",30,35,-1.2329788
643,"Test","GGA16_20230924_170000.wav",35,40,-1.4397886
644,"Test","GGA16_20230924_170000.wav",40,45,-1.2950486
645,"Test","GGA16_20230924_170000.wav",45,50,-1.440067
637,"Test","GGA16_20230924_170000.wav",5,10,-1.4036574
646,"Test","GGA16_20230924_170000.wav",50,55,-1.4109337
647,"Test","GGA16_20230924_170000.wav",55,60,-1.3703308
648,"Test","GGA16_20230926_070000.wav",0,5,-1.4906552
650,"Test","GGA16_20230926_070000.wav",10,15,-1.5516376
668,"Test","GGA16_20230926_070000.wav",100,105,-1.3316864
669,"Test","GGA16_20230926_070000.wav",105,110,-1.5432616
670,"Test","GGA16_20230926_070000.wav",110,115,-1.524593
671,"Test","GGA16_20230926_070000.wav",115,120,-1.489531
672,"Test","GGA16_20230926_070000.wav",120,125,-1.5040777
673,"Test","GGA16_20230926_070000.wav",125,130,-1.6042686
674,"Test","GGA16_20230926_070000.wav",130,135,-1.4297214
675,"Test","GGA16_20230926_070000.wav",135,140,-1.7030604
676,"Test","GGA16_20230926_070000.wav",140,145,-1.5800909
677,"Test","GGA16_20230926_070000.wav",145,150,-1.5101821
651,"Test","GGA16_20230926_070000.wav",15,20,-1.1073802
678,"Test","GGA16_20230926_070000.wav",150,155,-1.5328765
679,"Test","GGA16_20230926_070000.wav",155,160,-1.202745
680,"Test","GGA16_20230926_070000.wav",160,165,-1.4749274
681,"Test","GGA16_20230926_070000.wav",165,170,-1.518419
682,"Test","GGA16_20230926_070000.wav",170,175,-1.2995163
683,"Test","GGA16_20230926_070000.wav",175,180,-1.7089872
684,"Test","GGA16_20230926_070000.wav",180,185,-1.8063207
685,"Test","GGA16_20230926_070000.wav",185,190,-1.3233677
686,"Test","GGA16_20230926_070000.wav",190,195,-1.7448797
687,"Test","GGA16_20230926_070000.wav",195,200,-1.3053384
652,"Test","GGA16_20230926_070000.wav",20,25,-0.814582
688,"Test","GGA16_20230926_070000.wav",200,205,-1.2643961
689,"Test","GGA16_20230926_070000.wav",205,210,-1.0814059
690,"Test","GGA16_20230926_070000.wav",210,215,-1.6408566
691,"Test","GGA16_20230926_070000.wav",215,220,-1.5584764
692,"Test","GGA16_20230926_070000.wav",220,225,-1.7135582
693,"Test","GGA16_20230926_070000.wav",225,230,-1.4770384
694,"Test","GGA16_20230926_070000.wav",230,235,-1.4265485
695,"Test","GGA16_20230926_070000.wav",235,240,-1.5214684
696,"Test","GGA16_20230926_070000.wav",240,245,-1.9625859
697,"Test","GGA16_20230926_070000.wav",245,250,-1.3978883
653,"Test","GGA16_20230926_070000.wav",25,30,-1.2081726
698,"Test","GGA16_20230926_070000.wav",250,255,-1.5063896
699,"Test","GGA16_20230926_070000.wav",255,260,-1.2509413
700,"Test","GGA16_20230926_070000.wav",260,265,-1.5722142
701,"Test","GGA16_20230926_070000.wav",265,270,-1.5485024
702,"Test","GGA16_20230926_070000.wav",270,275,-1.577775
703,"Test","GGA16_20230926_070000.wav",275,280,-1.0397471
704,"Test","GGA16_20230926_070000.wav",280,285,-1.1454451
705,"Test","GGA16_20230926_070000.wav",285,290,-1.4521879
706,"Test","GGA16_20230926_070000.wav",290,295,-1.532945
654,"Test","GGA16_20230926_070000.wav",30,35,-1.6223786
655,"Test","GGA16_20230926_070000.wav",35,40,-1.9102707
656,"Test","GGA16_20230926_070000.wav",40,45,-1.5891303
657,"Test","GGA16_20230926_070000.wav",45,50,-1.4733937
649,"Test","GGA16_20230926_070000.wav",5,10,-1.4961169
658,"Test","GGA16_20230926_070000.wav",50,55,-1.6703548
659,"Test","GGA16_20230926_070000.wav",55,60,-1.4081132
660,"Test","GGA16_20230926_070000.wav",60,65,-1.7242535
661,"Test","GGA16_20230926_070000.wav",65,70,-1.6152761
662,"Test","GGA16_20230926_070000.wav",70,75,-1.3488172
663,"Test","GGA16_20230926_070000.wav",75,80,-1.4395628
664,"Test","GGA16_20230926_070000.wav",80,85,-1.3112239
665,"Test","GGA16_20230926_070000.wav",85,90,-1.5932069
666,"Test","GGA16_20230926_070000.wav",90,95,-1.3979996
667,"Test","GGA16_20230926_070000.wav",95,100,-1.1248896
707,"Test","GGA16_20230926_072000.wav",0,5,-1.7311611
709,"Test","GGA16_20230926_072000.wav",10,15,-1.3250355
727,"Test","GGA16_20230926_072000.wav",100,105,-1.7367011
728,"Test","GGA16_20230926_072000.wav",105,110,-1.0640185
729,"Test","GGA16_20230926_072000.wav",110,115,-1.6515845
730,"Test","GGA16_20230926_072000.wav",115,120,-1.260437
731,"Test","GGA16_20230926_072000.wav",120,125,-1.2836843
732,"Test","GGA16_20230926_072000.wav",125,130,-1.4386564
733,"Test","GGA16_20230926_072000.wav",130,135,-1.1531256
734,"Test","GGA16_20230926_072000.wav",135,140,-0.87991136
735,"Test","GGA16_20230926_072000.wav",140,145,-1.7519436
736,"Test","GGA16_20230926_072000.wav",145,150,-0.9471113
710,"Test","GGA16_20230926_072000.wav",15,20,-1.5259707
737,"Test","GGA16_20230926_072000.wav",150,155,-1.3964051
738,"Test","GGA16_20230926_072000.wav",155,160,-1.4803729
739,"Test","GGA16_20230926_072000.wav",160,165,-1.4161971
740,"Test","GGA16_20230926_072000.wav",165,170,-1.227077
741,"Test","GGA16_20230926_072000.wav",170,175,-1.6947339
742,"Test","GGA16_20230926_072000.wav",175,180,-1.1105973
743,"Test","GGA16_20230926_072000.wav",180,185,-1.3821414
744,"Test","GGA16_20230926_072000.wav",185,190,-1.4619426
745,"Test","GGA16_20230926_072000.wav",190,195,-0.73653716
746,"Test","GGA16_20230926_072000.wav",195,200,-1.3791327
711,"Test","GGA16_20230926_072000.wav",20,25,-1.4196943
747,"Test","GGA16_20230926_072000.wav",200,205,-1.3707929
748,"Test","GGA16_20230926_072000.wav",205,210,-1.5754724
749,"Test","GGA16_20230926_072000.wav",210,215,-1.2591755
750,"Test","GGA16_20230926_072000.wav",215,220,-1.216838
751,"Test","GGA16_20230926_072000.wav",220,225,-1.6380289
752,"Test","GGA16_20230926_072000.wav",225,230,-1.6492231
753,"Test","GGA16_20230926_072000.wav",230,235,-1.2563014
754,"Test","GGA16_20230926_072000.wav",235,240,-1.4792787
755,"Test","GGA16_20230926_072000.wav",240,245,-1.4616461
756,"Test","GGA16_20230926_072000.wav",245,250,-1.216682
712,"Test","GGA16_20230926_072000.wav",25,30,-1.842364
757,"Test","GGA16_20230926_072000.wav",250,255,-1.5349107
758,"Test","GGA16_20230926_072000.wav",255,260,-1.6830696
759,"Test","GGA16_20230926_072000.wav",260,265,-0.9231953
760,"Test","GGA16_20230926_072000.wav",265,270,-1.3130381
761,"Test","GGA16_20230926_072000.wav",270,275,-1.6467705
762,"Test","GGA16_20230926_072000.wav",275,280,-1.1648743
763,"Test","GGA16_20230926_072000.wav",280,285,-1.2340512
764,"Test","GGA16_20230926_072000.wav",285,290,-1.4522872
765,"Test","GGA16_20230926_072000.wav",290,295,-1.6465085
713,"Test","GGA16_20230926_072000.wav",30,35,-1.5790403
714,"Test","GGA16_20230926_072000.wav",35,40,-1.6576464
715,"Test","GGA16_20230926_072000.wav",40,45,-1.7105253
716,"Test","GGA16_20230926_072000.wav",45,50,-1.7280729
708,"Test","GGA16_20230926_072000.wav",5,10,-1.3832965
717,"Test","GGA16_20230926_072000.wav",50,55,-1.7224244
718,"Test","GGA16_20230926_072000.wav",55,60,-1.4067283
719,"Test","GGA16_20230926_072000.wav",60,65,-1.3730085
720,"Test","GGA16_20230926_072000.wav",65,70,-1.3786871
721,"Test","GGA16_20230926_072000.wav",70,75,-1.6173825
722,"Test","GGA16_20230926_072000.wav",75,80,-1.4690586
723,"Test","GGA16_20230926_072000.wav",80,85,-1.4785557
724,"Test","GGA16_20230926_072000.wav",85,90,-1.843044
725,"Test","GGA16_20230926_072000.wav",90,95,-1.5696744
726,"Test","GGA16_20230926_072000.wav",95,100,-1.3111955
766,"Test","GGA16_20230927_080000.wav",0,5,-1.6885126
768,"Test","GGA16_20230927_080000.wav",10,15,-0.98674005
786,"Test","GGA16_20230927_080000.wav",100,105,-1.5445895
787,"Test","GGA16_20230927_080000.wav",105,110,-1.6942161
788,"Test","GGA16_20230927_080000.wav",110,115,-1.822593
789,"Test","GGA16_20230927_080000.wav",115,120,-1.6918211
790,"Test","GGA16_20230927_080000.wav",120,125,-1.6176966
791,"Test","GGA16_20230927_080000.wav",125,130,-1.6498501
792,"Test","GGA16_20230927_080000.wav",130,135,-1.4146643
793,"Test","GGA16_20230927_080000.wav",135,140,-1.4832594
794,"Test","GGA16_20230927_080000.wav",140,145,-1.560332
795,"Test","GGA16_20230927_080000.wav",145,150,-1.1055425
769,"Test","GGA16_20230927_080000.wav",15,20,-1.7740645
796,"Test","GGA16_20230927_080000.wav",150,155,-0.6662287
797,"Test","GGA16_20230927_080000.wav",155,160,-1.0555835
798,"Test","GGA16_20230927_080000.wav",160,165,-1.1637425
799,"Test","GGA16_20230927_080000.wav",165,170,-1.2247431
800,"Test","GGA16_20230927_080000.wav",170,175,-1.0930567
801,"Test","GGA16_20230927_080000.wav",175,180,-1.5610149
802,"Test","GGA16_20230927_080000.wav",180,185,-1.2452176
803,"Test","GGA16_20230927_080000.wav",185,190,-0.9640674
804,"Test","GGA16_20230927_080000.wav",190,195,-1.5888194
805,"Test","GGA16_20230927_080000.wav",195,200,-0.9919669
770,"Test","GGA16_20230927_080000.wav",20,25,-1.6335311
806,"Test","GGA16_20230927_080000.wav",200,205,-1.1096714
807,"Test","GGA16_20230927_080000.wav",205,210,-1.4407902
808,"Test","GGA16_20230927_080000.wav",210,215,-1.2830334
809,"Test","GGA16_20230927_080000.wav",215,220,-1.0651494
810,"Test","GGA16_20230927_080000.wav",220,225,-1.5990446
811,"Test","GGA16_20230927_080000.wav",225,230,-1.5246608
812,"Test","GGA16_20230927_080000.wav",230,235,-1.6630895
813,"Test","GGA16_20230927_080000.wav",235,240,-1.8328185
814,"Test","GGA16_20230927_080000.wav",240,245,-1.7733531
815,"Test","GGA16_20230927_080000.wav",245,250,-1.7577085
771,"Test","GGA16_20230927_080000.wav",25,30,-1.9075685
816,"Test","GGA16_20230927_080000.wav",250,255,-1.5022999
817,"Test","GGA16_20230927_080000.wav",255,260,-1.6235703
818,"Test","GGA16_20230927_080000.wav",260,265,-1.5193608
819,"Test","GGA16_20230927_080000.wav",265,270,-1.7194698
820,"Test","GGA16_20230927_080000.wav",270,275,-1.2935059
821,"Test","GGA16_20230927_080000.wav",275,280,-1.5317006
822,"Test","GGA16_20230927_080000.wav",280,285,-1.5192053
823,"Test","GGA16_20230927_080000.wav",285,290,-1.5890782
824,"Test","GGA16_20230927_080000.wav",290,295,-1.6450349
772,"Test","GGA16_20230927_080000.wav",30,35,-1.7973099
773,"Test","GGA16_20230927_080000.wav",35,40,-1.7811065
774,"Test","GGA16_20230927_080000.wav",40,45,-1.682787
775,"Test","GGA16_20230927_080000.wav",45,50,-1.6550803
767,"Test","GGA16_20230927_080000.wav",5,10,-1.1183603
776,"Test","GGA16_20230927_080000.wav",50,55,-1.6814194
777,"Test","GGA16_20230927_080000.wav",55,60,-1.5823152
778,"Test","GGA16_20230927_080000.wav",60,65,-1.7847657
779,"Test","GGA16_20230927_080000.wav",65,70,-1.9162148
780,"Test","GGA16_20230927_080000.wav",70,75,-1.8896612
781,"Test","GGA16_20230927_080000.wav",75,80,-1.881033
782,"Test","GGA16_20230927_080000.wav",80,85,-1.8257153
783,"Test","GGA16_20230927_080000.wav",85,90,-1.0926092
784,"Test","GGA16_20230927_080000.wav",90,95,-0.8641107
785,"Test","GGA16_20230927_080000.wav",95,100,-1.6131965
825,"Test","GGA16_20230928_174000.wav",0,5,-1.2505287
827,"Test","GGA16_20230928_174000.wav",10,15,-1.1911683
845,"Test","GGA16_20230928_174000.wav",100,105,-1.4576883
846,"Test","GGA16_20230928_174000.wav",105,110,-1.4669309
847,"Test","GGA16_20230928_174000.wav",110,115,-1.2179334
848,"Test","GGA16_20230928_174000.wav",115,120,-1.5007361
849,"Test","GGA16_20230928_174000.wav",120,125,-1.7030355
850,"Test","GGA16_20230928_174000.wav",125,130,-1.6297414
851,"Test","GGA16_20230928_174000.wav",130,135,-1.6219718
852,"Test","GGA16_20230928_174000.wav",135,140,-1.2126048
853,"Test","GGA16_20230928_174000.wav",140,145,-1.4709141
854,"Test","GGA16_20230928_174000.wav",145,150,-1.3267459
828,"Test","GGA16_20230928_174000.wav",15,20,-1.3136103
855,"Test","GGA16_20230928_174000.wav",150,155,-1.3479068
856,"Test","GGA16_20230928_174000.wav",155,160,-1.4276851
857,"Test","GGA16_20230928_174000.wav",160,165,-1.1994686
858,"Test","GGA16_20230928_174000.wav",165,170,-1.4298348
859,"Test","GGA16_20230928_174000.wav",170,175,-1.3915365
860,"Test","GGA16_20230928_174000.wav",175,180,-1.2929689
861,"Test","GGA16_20230928_174000.wav",180,185,-1.39697
862,"Test","GGA16_20230928_174000.wav",185,190,-1.4159417
863,"Test","GGA16_20230928_174000.wav",190,195,-1.3931899
864,"Test","GGA16_20230928_174000.wav",195,200,-1.4554751
829,"Test","GGA16_20230928_174000.wav",20,25,-1.1684536
865,"Test","GGA16_20230928_174000.wav",200,205,-1.3181137
866,"Test","GGA16_20230928_174000.wav",205,210,-1.495477
867,"Test","GGA16_20230928_174000.wav",210,215,-1.1331118
868,"Test","GGA16_20230928_174000.wav",215,220,-1.3689162
869,"Test","GGA16_20230928_174000.wav",220,225,-1.3788239
870,"Test","GGA16_20230928_174000.wav",225,230,-1.4168656
871,"Test","GGA16_20230928_174000.wav",230,235,-1.3051276
872,"Test","GGA16_20230928_174000.wav",235,240,-1.2812784
873,"Test","GGA16_20230928_174000.wav",240,245,-1.3200945
874,"Test","GGA16_20230928_174000.wav",245,250,-1.5451288
830,"Test","GGA16_20230928_174000.wav",25,30,-1.3600583
875,"Test","GGA16_20230928_174000.wav",250,255,-1.6992369
876,"Test","GGA16_20230928_174000.wav",255,260,-1.4910793
877,"Test","GGA16_20230928_174000.wav",260,265,-1.4337878
878,"Test","GGA16_20230928_174000.wav",265,270,-1.1756649
879,"Test","GGA16_20230928_174000.wav",270,275,-1.260207
880,"Test","GGA16_20230928_174000.wav",275,280,-1.4683774
881,"Test","GGA16_20230928_174000.wav",280,285,-1.0842304
882,"Test","GGA16_20230928_174000.wav",285,290,-1.3873932
883,"Test","GGA16_20230928_174000.wav",290,295,-1.1516421
831,"Test","GGA16_20230928_174000.wav",30,35,-1.1865685
832,"Test","GGA16_20230928_174000.wav",35,40,-1.4469512
833,"Test","GGA16_20230928_174000.wav",40,45,-1.320304
834,"Test","GGA16_20230928_174000.wav",45,50,-0.8050558
826,"Test","GGA16_20230928_174000.wav",5,10,-1.3209875
835,"Test","GGA16_20230928_174000.wav",50,55,-1.0519804
836,"Test","GGA16_20230928_174000.wav",55,60,-1.2811677
837,"Test","GGA16_20230928_174000.wav",60,65,-1.2395802
838,"Test","GGA16_20230928_174000.wav",65,70,-1.3410738
839,"Test","GGA16_20230928_174000.wav",70,75,-1.1040568
840,"Test","GGA16_20230928_174000.wav",75,80,-1.4238093
841,"Test","GGA16_20230928_174000.wav",80,85,-1.5157958
842,"Test","GGA16_20230928_174000.wav",85,90,-1.4039772
843,"Test","GGA16_20230928_174000.wav",90,95,-1.3024476
844,"Test","GGA16_20230928_174000.wav",95,100,-1.1622263
884,"Test","GGA16_20230929_134000.wav",0,5,-1.8587673
886,"Test","GGA16_20230929_134000.wav",10,15,-1.7220109
904,"Test","GGA16_20230929_134000.wav",100,105,-1.381288
905,"Test","GGA16_20230929_134000.wav",105,110,-1.4812266
906,"Test","GGA16_20230929_134000.wav",110,115,-1.4813175
907,"Test","GGA16_20230929_134000.wav",115,120,-1.5079402
908,"Test","GGA16_20230929_134000.wav",120,125,-1.1922513
909,"Test","GGA16_20230929_134000.wav",125,130,-1.259973
910,"Test","GGA16_20230929_134000.wav",130,135,-1.4036163
911,"Test","GGA16_20230929_134000.wav",135,140,-1.2915883
912,"Test","GGA16_20230929_134000.wav",140,145,-1.0795655
913,"Test","GGA16_20230929_134000.wav",145,150,-1.2942722
887,"Test","GGA16_20230929_134000.wav",15,20,-1.5923736
914,"Test","GGA16_20230929_134000.wav",150,155,-1.1301048
915,"Test","GGA16_20230929_134000.wav",155,160,-1.1941569
916,"Test","GGA16_20230929_134000.wav",160,165,-1.2460301
917,"Test","GGA16_20230929_134000.wav",165,170,-1.3775992
918,"Test","GGA16_20230929_134000.wav",170,175,-1.1888864
919,"Test","GGA16_20230929_134000.wav",175,180,-1.3508053
920,"Test","GGA16_20230929_134000.wav",180,185,-1.2875499
921,"Test","GGA16_20230929_134000.wav",185,190,-0.83931154
922,"Test","GGA16_20230929_134000.wav",190,195,-1.1505631
923,"Test","GGA16_20230929_134000.wav",195,200,-1.4625615
888,"Test","GGA16_20230929_134000.wav",20,25,-1.7411242
924,"Test","GGA16_20230929_134000.wav",200,205,-1.3799014
925,"Test","GGA16_20230929_134000.wav",205,210,-1.3067112
926,"Test","GGA16_20230929_134000.wav",210,215,-1.1863256
927,"Test","GGA16_20230929_134000.wav",215,220,-1.1285577
928,"Test","GGA16_20230929_134000.wav",220,225,-1.2609648
929,"Test","GGA16_20230929_134000.wav",225,230,-1.4477284
930,"Test","GGA16_20230929_134000.wav",230,235,-1.3823719
931,"Test","GGA16_20230929_134000.wav",235,240,-1.2536802
932,"Test","GGA16_20230929_134000.wav",240,245,-1.4455776
933,"Test","GGA16_20230929_134000.wav",245,250,-1.455591
889,"Test","GGA16_20230929_134000.wav",25,30,-1.720828
934,"Test","GGA16_20230929_134000.wav",250,255,-1.3229147
935,"Test","GGA16_20230929_134000.wav",255,260,-1.1324347
936,"Test","GGA16_20230929_134000.wav",260,265,-1.2915113
937,"Test","GGA16_20230929_134000.wav",265,270,-1.2049544
938,"Test","GGA16_20230929_134000.wav",270,275,-1.433475
939,"Test","GGA16_20230929_134000.wav",275,280,-1.0110682
940,"Test","GGA16_20230929_134000.wav",280,285,-1.3685651
941,"Test","GGA16_20230929_134000.wav",285,290,-1.163779
942,"Test","GGA16_20230929_134000.wav",290,295,-1.7154253
890,"Test","GGA16_20230929_134000.wav",30,35,-1.778846
891,"Test","GGA16_20230929_134000.wav",35,40,-1.5672936
892,"Test","GGA16_20230929_134000.wav",40,45,-1.3317955
893,"Test","GGA16_20230929_134000.wav",45,50,-1.626343
885,"Test","GGA16_20230929_134000.wav",5,10,-1.5907705
894,"Test","GGA16_20230929_134000.wav",50,55,-1.5222684
895,"Test","GGA16_20230929_134000.wav",55,60,-1.6428535
896,"Test","GGA16_20230929_134000.wav",60,65,-1.6623898
897,"Test","GGA16_20230929_134000.wav",65,70,-1.3860929
898,"Test","GGA16_20230929_134000.wav",70,75,-1.7244732
899,"Test","GGA16_20230929_134000.wav",75,80,-1.4863698
900,"Test","GGA16_20230929_134000.wav",80,85,-1.2966311
901,"Test","GGA16_20230929_134000.wav",85,90,-1.6684661
902,"Test","GGA16_20230929_134000.wav",90,95,-1.6080903
903,"Test","GGA16_20230929_134000.wav",95,100,-1.2455544
943,"Test","GGA16_20231012_124000.wav",0,5,-1.2902737
945,"Test","GGA16_20231012_124000.wav",10,15,-1.8415415
963,"Test","GGA16_20231012_124000.wav",100,105,-1.4367886
964,"Test","GGA16_20231012_124000.wav",105,110,-1.558528
965,"Test","GGA16_20231012_124000.wav",110,115,-0.91408277
966,"Test","GGA16_20231012_124000.wav",115,120,-1.4970415
967,"Test","GGA16_20231012_124000.wav",120,125,-1.2245934
968,"Test","GGA16_20231012_124000.wav",125,130,-1.4975877
969,"Test","GGA16_20231012_124000.wav",130,135,-1.1602811
970,"Test","GGA16_20231012_124000.wav",135,140,-1.0677141
971,"Test","GGA16_20231012_124000.wav",140,145,-1.4421717
972,"Test","GGA16_20231012_124000.wav",145,150,-1.276876
946,"Test","GGA16_20231012_124000.wav",15,20,-1.3572587
973,"Test","GGA16_20231012_124000.wav",150,155,-1.4027724
974,"Test","GGA16_20231012_124000.wav",155,160,-1.1626923
975,"Test","GGA16_20231012_124000.wav",160,165,-1.4728048
976,"Test","GGA16_20231012_124000.wav",165,170,-1.520512
977,"Test","GGA16_20231012_124000.wav",170,175,-1.5058368
978,"Test","GGA16_20231012_124000.wav",175,180,-1.2972171
979,"Test","GGA16_20231012_124000.wav",180,185,-1.1868279
980,"Test","GGA16_20231012_124000.wav",185,190,-1.482475
981,"Test","GGA16_20231012_124000.wav",190,195,-1.4286077
982,"Test","GGA16_20231012_124000.wav",195,200,-1.2541391
947,"Test","GGA16_20231012_124000.wav",20,25,-1.3153805
983,"Test","GGA16_20231012_124000.wav",200,205,-1.4569893
984,"Test","GGA16_20231012_124000.wav",205,210,-1.3591875
985,"Test","GGA16_20231012_124000.wav",210,215,-1.3922874
986,"Test","GGA16_20231012_124000.wav",215,220,-1.10392
987,"Test","GGA16_20231012_124000.wav",220,225,-1.3257339
988,"Test","GGA16_20231012_124000.wav",225,230,-1.3290069
989,"Test","GGA16_20231012_124000.wav",230,235,-1.1377573
990,"Test","GGA16_20231012_124000.wav",235,240,-1.1345292
991,"Test","GGA16_20231012_124000.wav",240,245,-1.5356531
992,"Test","GGA16_20231012_124000.wav",245,250,-1.5085535
948,"Test","GGA16_20231012_124000.wav",25,30,-1.1881008
993,"Test","GGA16_20231012_124000.wav",250,255,-1.0966097
994,"Test","GGA16_20231012_124000.wav",255,260,-1.3106813
995,"Test","GGA16_20231012_124000.wav",260,265,-1.4419177
996,"Test","GGA16_20231012_124000.wav",265,270,-1.4042151
997,"Test","GGA16_20231012_124000.wav",270,275,-0.88453287
998,"Test","GGA16_20231012_124000.wav",275,280,-1.3075306
999,"Test","GGA16_20231012_124000.wav",280,285,-1.1346569
1000,"Test","GGA16_20231012_124000.wav",285,290,-1.2980994
1001,"Test","GGA16_20231012_124000.wav",290,295,-1.4516901
949,"Test","GGA16_20231012_124000.wav",30,35,-1.4183629
950,"Test","GGA16_20231012_124000.wav",35,40,-1.2448325
951,"Test","GGA16_20231012_124000.wav",40,45,-1.4401479
952,"Test","GGA16_20231012_124000.wav",45,50,-1.6501212
944,"Test","GGA16_20231012_124000.wav",5,10,-1.4308816
953,"Test","GGA16_20231012_124000.wav",50,55,-1.479945
954,"Test","GGA16_20231012_124000.wav",55,60,-1.5102112
955,"Test","GGA16_20231012_124000.wav",60,65,-1.5186092
956,"Test","GGA16_20231012_124000.wav",65,70,-1.109853
957,"Test","GGA16_20231012_124000.wav",70,75,-1.0917679
958,"Test","GGA16_20231012_124000.wav",75,80,-1.4947295
959,"Test","GGA16_20231012_124000.wav",80,85,-1.4437332
960,"Test","GGA16_20231012_124000.wav",85,90,-1.3604283
961,"Test","GGA16_20231012_124000.wav",90,95,-1.4372153
962,"Test","GGA16_20231012_124000.wav",95,100,-1.5722451
1002,"Test","GGA16_20231024_170000.wav",0,5,-1.410774
1004,"Test","GGA16_20231024_170000.wav",10,15,-1.3878438
1022,"Test","GGA16_20231024_170000.wav",100,105,-1.347783
1023,"Test","GGA16_20231024_170000.wav",105,110,-1.5769951
1024,"Test","GGA16_20231024_170000.wav",110,115,-1.4776411
1025,"Test","GGA16_20231024_170000.wav",115,120,-1.2225115
1026,"Test","GGA16_20231024_170000.wav",120,125,-1.2616959
1027,"Test","GGA16_20231024_170000.wav",125,130,-1.379084
1028,"Test","GGA16_20231024_170000.wav",130,135,-1.5040708
1029,"Test","GGA16_20231024_170000.wav",135,140,-1.4859254
1030,"Test","GGA16_20231024_170000.wav",140,145,-1.4759967
1031,"Test","GGA16_20231024_170000.wav",145,150,-1.4302351
1005,"Test","GGA16_20231024_170000.wav",15,20,-1.3381929
1032,"Test","GGA16_20231024_170000.wav",150,155,-1.6715829
1033,"Test","GGA16_20231024_170000.wav",155,160,-1.560693
1034,"Test","GGA16_20231024_170000.wav",160,165,-1.3506281
1035,"Test","GGA16_20231024_170000.wav",165,170,-1.6246066
1036,"Test","GGA16_20231024_170000.wav",170,175,-1.1382631
1037,"Test","GGA16_20231024_170000.wav",175,180,-1.5176094
1038,"Test","GGA16_20231024_170000.wav",180,185,-1.4823096
1039,"Test","GGA16_20231024_170000.wav",185,190,-1.5648254
1040,"Test","GGA16_20231024_170000.wav",190,195,-1.5550935
1041,"Test","GGA16_20231024_170000.wav",195,200,-1.7684474
1006,"Test","GGA16_20231024_170000.wav",20,25,-1.5336814
1042,"Test","GGA16_20231024_170000.wav",200,205,-1.3550036
1043,"Test","GGA16_20231024_170000.wav",205,210,-1.3136525
1044,"Test","GGA16_20231024_170000.wav",210,215,-1.3462558
1045,"Test","GGA16_20231024_170000.wav",215,220,-1.3980682
1046,"Test","GGA16_20231024_170000.wav",220,225,-1.4754546
1047,"Test","GGA16_20231024_170000.wav",225,230,-1.5166862
1048,"Test","GGA16_20231024_170000.wav",230,235,-1.4114478
1049,"Test","GGA16_20231024_170000.wav",235,240,-1.4025294
1050,"Test","GGA16_20231024_170000.wav",240,245,-1.5612396
1051,"Test","GGA16_20231024_170000.wav",245,250,-1.0464369
1007,"Test","GGA16_20231024_170000.wav",25,30,-1.6609681
1052,"Test","GGA16_20231024_170000.wav",250,255,-1.1105447
1053,"Test","GGA16_20231024_170000.wav",255,260,-1.4347534
1054,"Test","GGA16_20231024_170000.wav",260,265,-1.177141
1055,"Test","GGA16_20231024_170000.wav",265,270,-1.4916447
1056,"Test","GGA16_20231024_170000.wav",270,275,-1.6802509
1057,"Test","GGA16_20231024_170000.wav",275,280,-1.5176449
1058,"Test","GGA16_20231024_170000.wav",280,285,-1.5809886
1059,"Test","GGA16_20231024_170000.wav",285,290,-1.6735648
1060,"Test","GGA16_20231024_170000.wav",290,295,-1.4065306
1008,"Test","GGA16_20231024_170000.wav",30,35,-1.5501181
1009,"Test","GGA16_20231024_170000.wav",35,40,-1.6848385
1010,"Test","GGA16_20231024_170000.wav",40,45,-1.2927473
1011,"Test","GGA16_20231024_170000.wav",45,50,-1.5318558
1003,"Test","GGA16_20231024_170000.wav",5,10,-1.4506865
1012,"Test","GGA16_20231024_170000.wav",50,55,-1.4822817
1013,"Test","GGA16_20231024_170000.wav",55,60,-1.1835973
1014,"Test","GGA16_20231024_170000.wav",60,65,-1.0672305
1015,"Test","GGA16_20231024_170000.wav",65,70,-1.4858346
1016,"Test","GGA16_20231024_170000.wav",70,75,-1.4892194
1017,"Test","GGA16_20231024_170000.wav",75,80,-1.5200355
1018,"Test","GGA16_20231024_170000.wav",80,85,-1.2363374
1019,"Test","GGA16_20231024_170000.wav",85,90,-1.4006746
1020,"Test","GGA16_20231024_170000.wav",90,95,-1.4272897
1021,"Test","GGA16_20231024_170000.wav",95,100,-1.0550501
1061,"Test","GGA16_20231025_110000.wav",0,5,-1.4654045
1063,"Test","GGA16_20231025_110000.wav",10,15,-1.4326812
1081,"Test","GGA16_20231025_110000.wav",100,105,-1.4405279
1082,"Test","GGA16_20231025_110000.wav",105,110,-1.2062743
1083,"Test","GGA16_20231025_110000.wav",110,115,-1.7569225
1084,"Test","GGA16_20231025_110000.wav",115,120,-1.4154198
1085,"Test","GGA16_20231025_110000.wav",120,125,-1.5040498
1086,"Test","GGA16_20231025_110000.wav",125,130,-1.623919
1087,"Test","GGA16_20231025_110000.wav",130,135,-1.440545
1088,"Test","GGA16_20231025_110000.wav",135,140,-1.5810034
1089,"Test","GGA16_20231025_110000.wav",140,145,-1.5438524
1090,"Test","GGA16_20231025_110000.wav",145,150,-1.5319126
1064,"Test","GGA16_20231025_110000.wav",15,20,-1.4499879
1091,"Test","GGA16_20231025_110000.wav",150,155,-1.4026005
1092,"Test","GGA16_20231025_110000.wav",155,160,-1.3836923
1093,"Test","GGA16_20231025_110000.wav",160,165,-1.1539173
1094,"Test","GGA16_20231025_110000.wav",165,170,-1.2849351
1095,"Test","GGA16_20231025_110000.wav",170,175,-0.87956077
1096,"Test","GGA16_20231025_110000.wav",175,180,-0.9938348
1097,"Test","GGA16_20231025_110000.wav",180,185,-1.0606437
1098,"Test","GGA16_20231025_110000.wav",185,190,-0.39424306
1099,"Test","GGA16_20231025_110000.wav",190,195,-0.8827154
1100,"Test","GGA16_20231025_110000.wav",195,200,-0.87436515
1065,"Test","GGA16_20231025_110000.wav",20,25,-1.4490464
1101,"Test","GGA16_20231025_110000.wav",200,205,-0.71678734
1102,"Test","GGA16_20231025_110000.wav",205,210,-0.6744056
1103,"Test","GGA16_20231025_110000.wav",210,215,-0.77815384
1104,"Test","GGA16_20231025_110000.wav",215,220,-1.0549649
1105,"Test","GGA16_20231025_110000.wav",220,225,-1.0030735
1106,"Test","GGA16_20231025_110000.wav",225,230,-1.3882053
1107,"Test","GGA16_20231025_110000.wav",230,235,-0.9152634
1108,"Test","GGA16_20231025_110000.wav",235,240,-0.704543
1109,"Test","GGA16_20231025_110000.wav",240,245,-0.7033812
1110,"Test","GGA16_20231025_110000.wav",245,250,-1.0713314
1066,"Test","GGA16_20231025_110000.wav",25,30,-1.5622842
1111,"Test","GGA16_20231025_110000.wav",250,255,-0.6427087
1112,"Test","GGA16_20231025_110000.wav",255,260,0.15925764
1113,"Test","GGA16_20231025_110000.wav",260,265,-0.57367367
1114,"Test","GGA16_20231025_110000.wav",265,270,-0.88990444
1115,"Test","GGA16_20231025_110000.wav",270,275,-0.34902185
1116,"Test","GGA16_20231025_110000.wav",275,280,-0.78886276
1117,"Test","GGA16_20231025_110000.wav",280,285,-0.86646533
1118,"Test","GGA16_20231025_110000.wav",285,290,-0.2953043
1119,"Test","GGA16_20231025_110000.wav",290,295,-0.6298326
1067,"Test","GGA16_20231025_110000.wav",30,35,-1.5020515
1068,"Test","GGA16_20231025_110000.wav",35,40,-1.4991851
1069,"Test","GGA16_20231025_110000.wav",40,45,-1.6204095
1070,"Test","GGA16_20231025_110000.wav",45,50,-1.4910402
1062,"Test","GGA16_20231025_110000.wav",5,10,-1.4265482
1071,"Test","GGA16_20231025_110000.wav",50,55,-1.4221818
1072,"Test","GGA16_20231025_110000.wav",55,60,-1.2084378
1073,"Test","GGA16_20231025_110000.wav",60,65,-1.1901045
1074,"Test","GGA16_20231025_110000.wav",65,70,-1.4884298
1075,"Test","GGA16_20231025_110000.wav",70,75,-1.3489411
1076,"Test","GGA16_20231025_110000.wav",75,80,-1.489834
1077,"Test","GGA16_20231025_110000.wav",80,85,-1.3399734
1078,"Test","GGA16_20231025_110000.wav",85,90,-1.584443
1079,"Test","GGA16_20231025_110000.wav",90,95,-1.3911347
1080,"Test","GGA16_20231025_110000.wav",95,100,-1.5464901
1120,"Test","GGA16_20231028_100000.wav",0,5,-1.6325631
1122,"Test","GGA16_20231028_100000.wav",10,15,-1.7855079
1123,"Test","GGA16_20231028_100000.wav",15,20,-1.8121486
1124,"Test","GGA16_20231028_100000.wav",20,25,-1.7336539
1125,"Test","GGA16_20231028_100000.wav",25,30,-1.6356053
1126,"Test","GGA16_20231028_100000.wav",30,35,-1.9773132
1127,"Test","GGA16_20231028_100000.wav",35,40,-1.4758871
1128,"Test","GGA16_20231028_100000.wav",40,45,-1.4957019
1129,"Test","GGA16_20231028_100000.wav",45,50,-1.6068866
1121,"Test","GGA16_20231028_100000.wav",5,10,-1.6467123
1130,"Test","GGA16_20231028_100000.wav",50,55,-1.2628165
1131,"Test","GGA16_20231028_100000.wav",55,60,-1.4665859
1132,"Test","GGA16_20231029_170000.wav",0,5,-1.747049
1134,"Test","GGA16_20231029_170000.wav",10,15,-0.96365315
1152,"Test","GGA16_20231029_170000.wav",100,105,-1.5436846
1153,"Test","GGA16_20231029_170000.wav",105,110,-1.6618003
1154,"Test","GGA16_20231029_170000.wav",110,115,-1.0977478
1155,"Test","GGA16_20231029_170000.wav",115,120,-1.0022724
1156,"Test","GGA16_20231029_170000.wav",120,125,-1.2575881
1157,"Test","GGA16_20231029_170000.wav",125,130,-0.849257
1158,"Test","GGA16_20231029_170000.wav",130,135,-0.7765978
1159,"Test","GGA16_20231029_170000.wav",135,140,-1.1516215
1160,"Test","GGA16_20231029_170000.wav",140,145,-1.1220601
1161,"Test","GGA16_20231029_170000.wav",145,150,-1.0138578
1135,"Test","GGA16_20231029_170000.wav",15,20,-1.050216
1162,"Test","GGA16_20231029_170000.wav",150,155,-1.1935469
1163,"Test","GGA16_20231029_170000.wav",155,160,-1.1783172
1164,"Test","GGA16_20231029_170000.wav",160,165,-1.4530733
1165,"Test","GGA16_20231029_170000.wav",165,170,-1.5186746
1166,"Test","GGA16_20231029_170000.wav",170,175,-1.7712238
1167,"Test","GGA16_20231029_170000.wav",175,180,-1.487257
1168,"Test","GGA16_20231029_170000.wav",180,185,-1.453431
1169,"Test","GGA16_20231029_170000.wav",185,190,-1.2637929
1170,"Test","GGA16_20231029_170000.wav",190,195,-1.2119061
1171,"Test","GGA16_20231029_170000.wav",195,200,-1.109508
1136,"Test","GGA16_20231029_170000.wav",20,25,-1.0404795
1172,"Test","GGA16_20231029_170000.wav",200,205,-1.2337124
1173,"Test","GGA16_20231029_170000.wav",205,210,-1.4600447
1174,"Test","GGA16_20231029_170000.wav",210,215,-1.5575564
1175,"Test","GGA16_20231029_170000.wav",215,220,-1.3200078
1176,"Test","GGA16_20231029_170000.wav",220,225,-1.4410292
1177,"Test","GGA16_20231029_170000.wav",225,230,-1.3798797
1178,"Test","GGA16_20231029_170000.wav",230,235,-1.3041699
1179,"Test","GGA16_20231029_170000.wav",235,240,-1.1409973
1180,"Test","GGA16_20231029_170000.wav",240,245,-1.1436169
1181,"Test","GGA16_20231029_170000.wav",245,250,-1.308614
1137,"Test","GGA16_20231029_170000.wav",25,30,-1.348799
1182,"Test","GGA16_20231029_170000.wav",250,255,-1.5685432
1183,"Test","GGA16_20231029_170000.wav",255,260,-1.0679554
1184,"Test","GGA16_20231029_170000.wav",260,265,-1.157543
1185,"Test","GGA16_20231029_170000.wav",265,270,-1.3544078
1186,"Test","GGA16_20231029_170000.wav",270,275,-1.2724719
1187,"Test","GGA16_20231029_170000.wav",275,280,-1.1093754
1188,"Test","GGA16_20231029_170000.wav",280,285,-1.5622823
1189,"Test","GGA16_20231029_170000.wav",285,290,-1.3205581
1190,"Test","GGA16_20231029_170000.wav",290,295,-1.5455437
1138,"Test","GGA16_20231029_170000.wav",30,35,-1.5645092
1139,"Test","GGA16_20231029_170000.wav",35,40,-1.6099087
1140,"Test","GGA16_20231029_170000.wav",40,45,-1.2319865
1141,"Test","GGA16_20231029_170000.wav",45,50,-1.1563845
1133,"Test","GGA16_20231029_170000.wav",5,10,-1.1655475
1142,"Test","GGA16_20231029_170000.wav",50,55,-1.2639976
1143,"Test","GGA16_20231029_170000.wav",55,60,-1.0395488
1144,"Test","GGA16_20231029_170000.wav",60,65,-1.1487863
1145,"Test","GGA16_20231029_170000.wav",65,70,-1.0805235
1146,"Test","GGA16_20231029_170000.wav",70,75,-1.014691
1147,"Test","GGA16_20231029_170000.wav",75,80,-1.2915561
1148,"Test","GGA16_20231029_170000.wav",80,85,-1.077456
1149,"Test","GGA16_20231029_170000.wav",85,90,-1.4283632
1150,"Test","GGA16_20231029_170000.wav",90,95,-1.5378678
1151,"Test","GGA16_20231029_170000.wav",95,100,-1.4852452
1191,"Test","GGA16_20231030_120000.wav",0,5,-1.3897535
1193,"Test","GGA16_20231030_120000.wav",10,15,-1.5634825
1194,"Test","GGA16_20231030_120000.wav",15,20,-1.4871175
1195,"Test","GGA16_20231030_120000.wav",20,25,-1.5170044
1196,"Test","GGA16_20231030_120000.wav",25,30,-1.3977772
1197,"Test","GGA16_20231030_120000.wav",30,35,-1.5839509
1198,"Test","GGA16_20231030_120000.wav",35,40,-1.3832809
1199,"Test","GGA16_20231030_120000.wav",40,45,-1.5307908
1200,"Test","GGA16_20231030_120000.wav",45,50,-1.4360144
1192,"Test","GGA16_20231030_120000.wav",5,10,-1.802552
1201,"Test","GGA16_20231030_120000.wav",50,55,-1.418743
1202,"Test","GGA16_20231030_120000.wav",55,60,-1.5162679
1203,"Test","GGA16_20231031_164000.wav",0,5,-1.3046924
1205,"Test","GGA16_20231031_164000.wav",10,15,-1.393995
1223,"Test","GGA16_20231031_164000.wav",100,105,-1.1541171
1224,"Test","GGA16_20231031_164000.wav",105,110,-1.0495954
1225,"Test","GGA16_20231031_164000.wav",110,115,-1.2790155
1226,"Test","GGA16_20231031_164000.wav",115,120,-1.2413244
1227,"Test","GGA16_20231031_164000.wav",120,125,-1.1594968
1228,"Test","GGA16_20231031_164000.wav",125,130,-1.0616239
1229,"Test","GGA16_20231031_164000.wav",130,135,-1.0574625
1230,"Test","GGA16_20231031_164000.wav",135,140,-1.3902769
1231,"Test","GGA16_20231031_164000.wav",140,145,-1.0127296
1232,"Test","GGA16_20231031_164000.wav",145,150,-1.2208195
1206,"Test","GGA16_20231031_164000.wav",15,20,-1.3956592
1233,"Test","GGA16_20231031_164000.wav",150,155,-0.9860044
1234,"Test","GGA16_20231031_164000.wav",155,160,-1.242997
1235,"Test","GGA16_20231031_164000.wav",160,165,-1.0241575
1236,"Test","GGA16_20231031_164000.wav",165,170,-0.9036904
1237,"Test","GGA16_20231031_164000.wav",170,175,-1.0311359
1238,"Test","GGA16_20231031_164000.wav",175,180,-1.211379
1239,"Test","GGA16_20231031_164000.wav",180,185,-1.1502626
1240,"Test","GGA16_20231031_164000.wav",185,190,-1.3537158
1241,"Test","GGA16_20231031_164000.wav",190,195,-1.3859656
1242,"Test","GGA16_20231031_164000.wav",195,200,-1.2314785
1207,"Test","GGA16_20231031_164000.wav",20,25,-1.42849
1243,"Test","GGA16_20231031_164000.wav",200,205,-1.1599417
1244,"Test","GGA16_20231031_164000.wav",205,210,-1.2010199
1245,"Test","GGA16_20231031_164000.wav",210,215,-1.319874
1246,"Test","GGA16_20231031_164000.wav",215,220,-1.2459068
1247,"Test","GGA16_20231031_164000.wav",220,225,-0.8355696
1248,"Test","GGA16_20231031_164000.wav",225,230,-1.1256578
1249,"Test","GGA16_20231031_164000.wav",230,235,-1.3793991
1250,"Test","GGA16_20231031_164000.wav",235,240,-1.6083972
1251,"Test","GGA16_20231031_164000.wav",240,245,-1.2824175
1252,"Test","GGA16_20231031_164000.wav",245,250,-1.3547444
1208,"Test","GGA16_20231031_164000.wav",25,30,-1.3998905
1253,"Test","GGA16_20231031_164000.wav",250,255,-1.3978773
1254,"Test","GGA16_20231031_164000.wav",255,260,-1.3633863
1255,"Test","GGA16_20231031_164000.wav",260,265,-1.2841667
1256,"Test","GGA16_20231031_164000.wav",265,270,-1.4126648
1257,"Test","GGA16_20231031_164000.wav",270,275,-1.3460038
1258,"Test","GGA16_20231031_164000.wav",275,280,-1.3030642
1259,"Test","GGA16_20231031_164000.wav",280,285,-1.4878365
1260,"Test","GGA16_20231031_164000.wav",285,290,-1.5583473
1261,"Test","GGA16_20231031_164000.wav",290,295,-1.4818909
1209,"Test","GGA16_20231031_164000.wav",30,35,-1.3768411
1210,"Test","GGA16_20231031_164000.wav",35,40,-1.2781205
1211,"Test","GGA16_20231031_164000.wav",40,45,-1.4103003
1212,"Test","GGA16_20231031_164000.wav",45,50,-1.4342484
1204,"Test","GGA16_20231031_164000.wav",5,10,-1.1901948
1213,"Test","GGA16_20231031_164000.wav",50,55,-1.1069125
1214,"Test","GGA16_20231031_164000.wav",55,60,-1.2886677
1215,"Test","GGA16_20231031_164000.wav",60,65,-1.4066867
1216,"Test","GGA16_20231031_164000.wav",65,70,-1.273402
1217,"Test","GGA16_20231031_164000.wav",70,75,-1.2591542
1218,"Test","GGA16_20231031_164000.wav",75,80,-1.2189155
1219,"Test","GGA16_20231031_164000.wav",80,85,-1.2785673
1220,"Test","GGA16_20231031_164000.wav",85,90,-1.1104367
1221,"Test","GGA16_20231031_164000.wav",90,95,-1.190611
1222,"Test","GGA16_20231031_164000.wav",95,100,-1.3793037
1262,"Test","GGA16_20231105_150000.wav",0,5,-1.5414019
1264,"Test","GGA16_20231105_150000.wav",10,15,-1.6589165
1265,"Test","GGA16_20231105_150000.wav",15,20,-1.5976375
1266,"Test","GGA16_20231105_150000.wav",20,25,-1.5598109
1267,"Test","GGA16_20231105_150000.wav",25,30,-1.6063582
1268,"Test","GGA16_20231105_150000.wav",30,35,-1.662172
1269,"Test","GGA16_20231105_150000.wav",35,40,-1.476151
1270,"Test","GGA16_20231105_150000.wav",40,45,-1.4959465
1271,"Test","GGA16_20231105_150000.wav",45,50,-1.485619
1263,"Test","GGA16_20231105_150000.wav",5,10,-1.603652
1272,"Test","GGA16_20231105_150000.wav",50,55,-1.4847871
1273,"Test","GGA16_20231105_150000.wav",55,60,-1.4519298
1274,"Test","GGA16_20231108_152000.wav",0,5,-1.1806576
1276,"Test","GGA16_20231108_152000.wav",10,15,-1.8062406
1294,"Test","GGA16_20231108_152000.wav",100,105,-1.95842
1295,"Test","GGA16_20231108_152000.wav",105,110,-1.7491871
1296,"Test","GGA16_20231108_152000.wav",110,115,-1.6797283
1297,"Test","GGA16_20231108_152000.wav",115,120,-1.9493045
1298,"Test","GGA16_20231108_152000.wav",120,125,-1.8658595
1299,"Test","GGA16_20231108_152000.wav",125,130,-1.9275029
1300,"Test","GGA16_20231108_152000.wav",130,135,-1.603575
1301,"Test","GGA16_20231108_152000.wav",135,140,-1.8800645
1302,"Test","GGA16_20231108_152000.wav",140,145,-1.9567345
1303,"Test","GGA16_20231108_152000.wav",145,150,-1.9793632
1277,"Test","GGA16_20231108_152000.wav",15,20,-1.6525073
1304,"Test","GGA16_20231108_152000.wav",150,155,-1.8194591
1305,"Test","GGA16_20231108_152000.wav",155,160,-1.8466012
1306,"Test","GGA16_20231108_152000.wav",160,165,-1.7389251
1307,"Test","GGA16_20231108_152000.wav",165,170,-1.853689
1308,"Test","GGA16_20231108_152000.wav",170,175,-1.7736552
1309,"Test","GGA16_20231108_152000.wav",175,180,-1.5529531
1310,"Test","GGA16_20231108_152000.wav",180,185,-1.6628159
1311,"Test","GGA16_20231108_152000.wav",185,190,-1.7364734
1312,"Test","GGA16_20231108_152000.wav",190,195,-1.8479927
1313,"Test","GGA16_20231108_152000.wav",195,200,-1.8259718
1278,"Test","GGA16_20231108_152000.wav",20,25,-1.6011682
1314,"Test","GGA16_20231108_152000.wav",200,205,-1.9496082
1315,"Test","GGA16_20231108_152000.wav",205,210,-1.959243
1316,"Test","GGA16_20231108_152000.wav",210,215,-1.9267323
1317,"Test","GGA16_20231108_152000.wav",215,220,-2.0254226
1318,"Test","GGA16_20231108_152000.wav",220,225,-1.6984096
1319,"Test","GGA16_20231108_152000.wav",225,230,-1.9598892
1320,"Test","GGA16_20231108_152000.wav",230,235,-1.8126276
1321,"Test","GGA16_20231108_152000.wav",235,240,-1.9065979
1322,"Test","GGA16_20231108_152000.wav",240,245,-1.9156927
1323,"Test","GGA16_20231108_152000.wav",245,250,-1.5519702
1279,"Test","GGA16_20231108_152000.wav",25,30,-1.6627849
1324,"Test","GGA16_20231108_152000.wav",250,255,-1.5657297
1325,"Test","GGA16_20231108_152000.wav",255,260,-1.7660261
1326,"Test","GGA16_20231108_152000.wav",260,265,-2.0100636
1327,"Test","GGA16_20231108_152000.wav",265,270,-1.5050997
1328,"Test","GGA16_20231108_152000.wav",270,275,-1.9048133
1329,"Test","GGA16_20231108_152000.wav",275,280,-1.883863
1330,"Test","GGA16_20231108_152000.wav",280,285,-2.0096836
1331,"Test","GGA16_20231108_152000.wav",285,290,-1.9083787
1332,"Test","GGA16_20231108_152000.wav",290,295,-1.6220462
1280,"Test","GGA16_20231108_152000.wav",30,35,-1.5662988
1281,"Test","GGA16_20231108_152000.wav",35,40,-1.389951
1282,"Test","GGA16_20231108_152000.wav",40,45,-1.8275082
1283,"Test","GGA16_20231108_152000.wav",45,50,-1.3811458
1275,"Test","GGA16_20231108_152000.wav",5,10,-1.2531042
1284,"Test","GGA16_20231108_152000.wav",50,55,-1.6558754
1285,"Test","GGA16_20231108_152000.wav",55,60,-1.5739853
1286,"Test","GGA16_20231108_152000.wav",60,65,-1.6742485
1287,"Test","GGA16_20231108_152000.wav",65,70,-1.7431316
1288,"Test","GGA16_20231108_152000.wav",70,75,-1.7631541
1289,"Test","GGA16_20231108_152000.wav",75,80,-1.5331906
1290,"Test","GGA16_20231108_152000.wav",80,85,-1.925154
1291,"Test","GGA16_20231108_152000.wav",85,90,-1.6374542
1292,"Test","GGA16_20231108_152000.wav",90,95,-1.6544983
1293,"Test","GGA16_20231108_152000.wav",95,100,-1.4750059
1333,"Test","GTA09_20230926_060000.wav",0,5,-2.1014545
1335,"Test","GTA09_20230926_060000.wav",10,15,-1.9775857
1336,"Test","GTA09_20230926_060000.wav",15,20,-1.8337735
1337,"Test","GTA09_20230926_060000.wav",20,25,-1.6333871
1338,"Test","GTA09_20230926_060000.wav",25,30,-1.9000607
1339,"Test","GTA09_20230926_060000.wav",30,35,-1.9483323
1340,"Test","GTA09_20230926_060000.wav",35,40,-2.1234825
1341,"Test","GTA09_20230926_060000.wav",40,45,-1.9139029
1342,"Test","GTA09_20230926_060000.wav",45,50,-1.8666564
1334,"Test","GTA09_20230926_060000.wav",5,10,-1.7506806
1343,"Test","GTA09_20230926_060000.wav",50,55,-1.4665413
1344,"Test","GTA09_20230926_060000.wav",55,60,-1.8341293
1345,"Test","GTA09_20230929_130000.wav",0,5,-2.3690798
1347,"Test","GTA09_20230929_130000.wav",10,15,-2.1946235
1348,"Test","GTA09_20230929_130000.wav",15,20,-1.7409554
1349,"Test","GTA09_20230929_130000.wav",20,25,-2.04383
1350,"Test","GTA09_20230929_130000.wav",25,30,-1.9340129
1351,"Test","GTA09_20230929_130000.wav",30,35,-1.8690526
1352,"Test","GTA09_20230929_130000.wav",35,40,-2.0149474
1353,"Test","GTA09_20230929_130000.wav",40,45,-2.0023196
1354,"Test","GTA09_20230929_130000.wav",45,50,-1.7891994
1346,"Test","GTA09_20230929_130000.wav",5,10,-2.121953
1355,"Test","GTA09_20230929_130000.wav",50,55,-2.0221057
1356,"Test","GTA09_20230929_130000.wav",55,60,-1.8470176
1357,"Test","GTA09_20230929_170000.wav",0,5,-1.3731685
1359,"Test","GTA09_20230929_170000.wav",10,15,-1.4022592
1360,"Test","GTA09_20230929_170000.wav",15,20,-1.4422141
1361,"Test","GTA09_20230929_170000.wav",20,25,-1.3977357
1362,"Test","GTA09_20230929_170000.wav",25,30,-1.2588856
1363,"Test","GTA09_20230929_170000.wav",30,35,-1.4678075
1364,"Test","GTA09_20230929_170000.wav",35,40,-1.4748666
1365,"Test","GTA09_20230929_170000.wav",40,45,-1.38886
1366,"Test","GTA09_20230929_170000.wav",45,50,-1.4063327
1358,"Test","GTA09_20230929_170000.wav",5,10,-1.4616011
1367,"Test","GTA09_20230929_170000.wav",50,55,-1.4756169
1368,"Test","GTA09_20230929_170000.wav",55,60,-1.3519329
1369,"Test","GTA09_20231017_080000.wav",0,5,-1.7253582
1371,"Test","GTA09_20231017_080000.wav",10,15,-1.8143269
1372,"Test","GTA09_20231017_080000.wav",15,20,-1.9480612
1373,"Test","GTA09_20231017_080000.wav",20,25,-1.8026321
1374,"Test","GTA09_20231017_080000.wav",25,30,-2.0011654
1375,"Test","GTA09_20231017_080000.wav",30,35,-2.1050835
1376,"Test","GTA09_20231017_080000.wav",35,40,-1.7893836
1377,"Test","GTA09_20231017_080000.wav",40,45,-1.7130058
1378,"Test","GTA09_20231017_080000.wav",45,50,-1.6176169
1370,"Test","GTA09_20231017_080000.wav",5,10,-1.5450685
1379,"Test","GTA09_20231017_080000.wav",50,55,-1.7659292
1380,"Test","GTA09_20231017_080000.wav",55,60,-1.3705151
1381,"Test","GTA09_20231025_130000.wav",0,5,-1.8551185
1383,"Test","GTA09_20231025_130000.wav",10,15,-1.4028198
1384,"Test","GTA09_20231025_130000.wav",15,20,-1.0784886
1385,"Test","GTA09_20231025_130000.wav",20,25,-1.4162309
1386,"Test","GTA09_20231025_130000.wav",25,30,-1.2152038
1387,"Test","GTA09_20231025_130000.wav",30,35,-1.3530614
1388,"Test","GTA09_20231025_130000.wav",35,40,-1.32864
1389,"Test","GTA09_20231025_130000.wav",40,45,-1.3504608
1390,"Test","GTA09_20231025_130000.wav",45,50,-1.2373867
1382,"Test","GTA09_20231025_130000.wav",5,10,-1.2540828
1391,"Test","GTA09_20231025_130000.wav",50,55,-1.4355397
1392,"Test","GTA09_20231025_130000.wav",55,60,-1.4434904
1393,"Test","GTA09_20231025_170000.wav",0,5,-1.4882164
1395,"Test","GTA09_20231025_170000.wav",10,15,-1.587903
1396,"Test","GTA09_20231025_170000.wav",15,20,-1.4987026
1397,"Test","GTA09_20231025_170000.wav",20,25,-1.3116289
1398,"Test","GTA09_20231025_170000.wav",25,30,-1.7997297
1399,"Test","GTA09_20231025_170000.wav",30,35,-1.478549
1400,"Test","GTA09_20231025_170000.wav",35,40,-1.7588176
1401,"Test","GTA09_20231025_170000.wav",40,45,-1.4948552
1402,"Test","GTA09_20231025_170000.wav",45,50,-1.0767019
1394,"Test","GTA09_20231025_170000.wav",5,10,-1.5991254
1403,"Test","GTA09_20231025_170000.wav",50,55,-1.4350615
1404,"Test","GTA09_20231025_170000.wav",55,60,-1.3403908
1405,"Test","GTA09_20231029_100000.wav",0,5,-1.9150503
1407,"Test","GTA09_20231029_100000.wav",10,15,-1.9354749
1408,"Test","GTA09_20231029_100000.wav",15,20,-1.8198078
1409,"Test","GTA09_20231029_100000.wav",20,25,-1.9033552
1410,"Test","GTA09_20231029_100000.wav",25,30,-1.7572639
1411,"Test","GTA09_20231029_100000.wav",30,35,-1.7162836
1412,"Test","GTA09_20231029_100000.wav",35,40,-1.8050776
1413,"Test","GTA09_20231029_100000.wav",40,45,-1.5867194
1414,"Test","GTA09_20231029_100000.wav",45,50,-1.757625
1406,"Test","GTA09_20231029_100000.wav",5,10,-1.6557573
1415,"Test","GTA09_20231029_100000.wav",50,55,-1.5493966
1416,"Test","GTA09_20231029_100000.wav",55,60,-1.8992277
1417,"Test","LCM26_20240526_080000.wav",0,5,-1.5896604
1419,"Test","LCM26_20240526_080000.wav",10,15,-1.4834914
1420,"Test","LCM26_20240526_080000.wav",15,20,-1.5471721
1421,"Test","LCM26_20240526_080000.wav",20,25,-1.3509613
1422,"Test","LCM26_20240526_080000.wav",25,30,-1.433615
1423,"Test","LCM26_20240526_080000.wav",30,35,-1.3935038
1424,"Test","LCM26_20240526_080000.wav",35,40,-1.2858434
1425,"Test","LCM26_20240526_080000.wav",40,45,-1.3029311
1426,"Test","LCM26_20240526_080000.wav",45,50,-1.4679618
1418,"Test","LCM26_20240526_080000.wav",5,10,-1.3491305
1427,"Test","LCM26_20240526_080000.wav",50,55,-1.1796036
1428,"Test","LCM26_20240526_080000.wav",55,60,-1.364405
1429,"Test","LCM26_20240601_120000.wav",0,5,-1.1371121
1431,"Test","LCM26_20240601_120000.wav",10,15,-1.0980742
1432,"Test","LCM26_20240601_120000.wav",15,20,-1.1424859
1433,"Test","LCM26_20240601_120000.wav",20,25,-1.2222248
1434,"Test","LCM26_20240601_120000.wav",25,30,-0.9939901
1435,"Test","LCM26_20240601_120000.wav",30,35,-1.27772
1436,"Test","LCM26_20240601_120000.wav",35,40,-1.327656
1437,"Test","LCM26_20240601_120000.wav",40,45,-1.2810004
1438,"Test","LCM26_20240601_120000.wav",45,50,-1.0376481
1430,"Test","LCM26_20240601_120000.wav",5,10,-1.0890754
1439,"Test","LCM26_20240601_120000.wav",50,55,-1.1912363
1440,"Test","LCM26_20240601_120000.wav",55,60,-1.1942546
1441,"Test","LCM26_20240607_170000.wav",0,5,-1.0989395
1443,"Test","LCM26_20240607_170000.wav",10,15,-1.3187821
1444,"Test","LCM26_20240607_170000.wav",15,20,-1.5949347
1445,"Test","LCM26_20240607_170000.wav",20,25,-0.98908526
1446,"Test","LCM26_20240607_170000.wav",25,30,-1.1823299
1447,"Test","LCM26_20240607_170000.wav",30,35,-1.5434699
1448,"Test","LCM26_20240607_170000.wav",35,40,-1.5515604
1449,"Test","LCM26_20240607_170000.wav",40,45,-1.733604
1450,"Test","LCM26_20240607_170000.wav",45,50,-1.421904
1442,"Test","LCM26_20240607_170000.wav",5,10,-0.919386
1451,"Test","LCM26_20240607_170000.wav",50,55,-1.5863435
1452,"Test","LCM26_20240607_170000.wav",55,60,-1.5388258
1453,"Test","LCM26_20240617_060000.wav",0,5,-1.2403638
1455,"Test","LCM26_20240617_060000.wav",10,15,-1.009913
1456,"Test","LCM26_20240617_060000.wav",15,20,-1.1561028
1457,"Test","LCM26_20240617_060000.wav",20,25,-0.9769884
1458,"Test","LCM26_20240617_060000.wav",25,30,-1.3933651
1459,"Test","LCM26_20240617_060000.wav",30,35,-1.090924
1460,"Test","LCM26_20240617_060000.wav",35,40,-1.0775243
1461,"Test","LCM26_20240617_060000.wav",40,45,-1.0496252
1462,"Test","LCM26_20240617_060000.wav",45,50,-0.86703724
1454,"Test","LCM26_20240617_060000.wav",5,10,-1.2969873
1463,"Test","LCM26_20240617_060000.wav",50,55,-0.94877106
1464,"Test","LCM26_20240617_060000.wav",55,60,-0.82219213
1465,"Test","LCM26_20240619_070000.wav",0,5,-0.96356493
1467,"Test","LCM26_20240619_070000.wav",10,15,-1.3708758
1468,"Test","LCM26_20240619_070000.wav",15,20,-1.1881063
1469,"Test","LCM26_20240619_070000.wav",20,25,-1.27535
1470,"Test","LCM26_20240619_070000.wav",25,30,-1.3041008
1471,"Test","LCM26_20240619_070000.wav",30,35,-1.2577509
1472,"Test","LCM26_20240619_070000.wav",35,40,-0.9014968
1473,"Test","LCM26_20240619_070000.wav",40,45,-1.1211481
1474,"Test","LCM26_20240619_070000.wav",45,50,-1.0187038
1466,"Test","LCM26_20240619_070000.wav",5,10,-1.0616032
1475,"Test","LCM26_20240619_070000.wav",50,55,-1.4073607
1476,"Test","LCM26_20240619_070000.wav",55,60,-1.5295473
1477,"Test","LCM26_20240621_160000.wav",0,5,-1.078441
1479,"Test","LCM26_20240621_160000.wav",10,15,-1.2601038
1480,"Test","LCM26_20240621_160000.wav",15,20,-1.356207
1481,"Test","LCM26_20240621_160000.wav",20,25,-0.81398696
1482,"Test","LCM26_20240621_160000.wav",25,30,-1.3301703
1483,"Test","LCM26_20240621_160000.wav",30,35,-0.90503854
1484,"Test","LCM26_20240621_160000.wav",35,40,-1.0261914
1485,"Test","LCM26_20240621_160000.wav",40,45,-1.2404885
1486,"Test","LCM26_20240621_160000.wav",45,50,-1.1190848
1478,"Test","LCM26_20240621_160000.wav",5,10,-1.4391935
1487,"Test","LCM26_20240621_160000.wav",50,55,-1.0154217
1488,"Test","LCM26_20240621_160000.wav",55,60,-0.7976435
1489,"Test","LCM26_20240701_070000.wav",0,5,-1.3688788
1491,"Test","LCM26_20240701_070000.wav",10,15,-1.416112
1492,"Test","LCM26_20240701_070000.wav",15,20,-1.6825567
1493,"Test","LCM26_20240701_070000.wav",20,25,-1.4261184
1494,"Test","LCM26_20240701_070000.wav",25,30,-1.2660309
1495,"Test","LCM26_20240701_070000.wav",30,35,-1.240055
1496,"Test","LCM26_20240701_070000.wav",35,40,-1.4475409
1497,"Test","LCM26_20240701_070000.wav",40,45,-1.2187092
1498,"Test","LCM26_20240701_070000.wav",45,50,-1.526139
1490,"Test","LCM26_20240701_070000.wav",5,10,-1.4123977
1499,"Test","LCM26_20240701_070000.wav",50,55,-1.3773713
1500,"Test","LCM26_20240701_070000.wav",55,60,-1.4712619
1501,"Test","LCM26_20240703_100000.wav",0,5,-0.9203186
1503,"Test","LCM26_20240703_100000.wav",10,15,-0.92846483
1504,"Test","LCM26_20240703_100000.wav",15,20,-0.91233677
1505,"Test","LCM26_20240703_100000.wav",20,25,-0.9532133
1506,"Test","LCM26_20240703_100000.wav",25,30,-0.7652881
1507,"Test","LCM26_20240703_100000.wav",30,35,-1.1785344
1508,"Test","LCM26_20240703_100000.wav",35,40,-0.8862141
1509,"Test","LCM26_20240703_100000.wav",40,45,-1.0763339
1510,"Test","LCM26_20240703_100000.wav",45,50,-0.88357115
1502,"Test","LCM26_20240703_100000.wav",5,10,-0.6968836
1511,"Test","LCM26_20240703_100000.wav",50,55,-0.6621403
1512,"Test","LCM26_20240703_100000.wav",55,60,-0.7945816
1513,"Test","LCM26_20240705_170000.wav",0,5,-0.871072
1515,"Test","LCM26_20240705_170000.wav",10,15,-0.9453524
1516,"Test","LCM26_20240705_170000.wav",15,20,-0.8722351
1517,"Test","LCM26_20240705_170000.wav",20,25,-0.9908316
1518,"Test","LCM26_20240705_170000.wav",25,30,-0.8037848
1519,"Test","LCM26_20240705_170000.wav",30,35,-1.116651
1520,"Test","LCM26_20240705_170000.wav",35,40,-1.0524079
1521,"Test","LCM26_20240705_170000.wav",40,45,-1.1721505
1522,"Test","LCM26_20240705_170000.wav",45,50,-1.1558743
1514,"Test","LCM26_20240705_170000.wav",5,10,-0.8650782
1523,"Test","LCM26_20240705_170000.wav",50,55,-1.162487
1524,"Test","LCM26_20240705_170000.wav",55,60,-0.8949103
1525,"Test","LJA08_20240527_100000.wav",0,5,-1.6730736
1527,"Test","LJA08_20240527_100000.wav",10,15,-1.5489178
1528,"Test","LJA08_20240527_100000.wav",15,20,-1.4772887
1529,"Test","LJA08_20240527_100000.wav",20,25,-1.673918
1530,"Test","LJA08_20240527_100000.wav",25,30,-1.4216588
1531,"Test","LJA08_20240527_100000.wav",30,35,-1.190604
1532,"Test","LJA08_20240527_100000.wav",35,40,-1.561477
1533,"Test","LJA08_20240527_100000.wav",40,45,-1.4568795
1534,"Test","LJA08_20240527_100000.wav",45,50,-1.2675167
1526,"Test","LJA08_20240527_100000.wav",5,10,-1.3422105
1535,"Test","LJA08_20240527_100000.wav",50,55,-1.4156457
1536,"Test","LJA08_20240527_100000.wav",55,60,-1.3997605
1537,"Test","LJA08_20240603_070000.wav",0,5,-1.2055409
1539,"Test","LJA08_20240603_070000.wav",10,15,-1.4997414
1540,"Test","LJA08_20240603_070000.wav",15,20,-1.2979717
1541,"Test","LJA08_20240603_070000.wav",20,25,-1.265516
1542,"Test","LJA08_20240603_070000.wav",25,30,-1.5702804
1543,"Test","LJA08_20240603_070000.wav",30,35,-1.4951112
1544,"Test","LJA08_20240603_070000.wav",35,40,-1.6161824
1545,"Test","LJA08_20240603_070000.wav",40,45,-1.2091036
1546,"Test","LJA08_20240603_070000.wav",45,50,-1.4407465
1538,"Test","LJA08_20240603_070000.wav",5,10,-1.5903667
1547,"Test","LJA08_20240603_070000.wav",50,55,-1.3840976
1548,"Test","LJA08_20240603_070000.wav",55,60,-1.3249047
1549,"Test","LJA08_20240604_160000.wav",0,5,-1.276273
1551,"Test","LJA08_20240604_160000.wav",10,15,-1.598638
1552,"Test","LJA08_20240604_160000.wav",15,20,-1.2868981
1553,"Test","LJA08_20240604_160000.wav",20,25,-1.4004438
1554,"Test","LJA08_20240604_160000.wav",25,30,-1.2421155
1555,"Test","LJA08_20240604_160000.wav",30,35,-1.4068584
1556,"Test","LJA08_20240604_160000.wav",35,40,-1.3301843
1557,"Test","LJA08_20240604_160000.wav",40,45,-1.5819595
1558,"Test","LJA08_20240604_160000.wav",45,50,-1.4103184
1550,"Test","LJA08_20240604_160000.wav",5,10,-1.2373717
1559,"Test","LJA08_20240604_160000.wav",50,55,-1.1826242
1560,"Test","LJA08_20240604_160000.wav",55,60,-1.1307043
1561,"Test","LJA08_20240605_070000.wav",0,5,-0.91328675
1563,"Test","LJA08_20240605_070000.wav",10,15,-1.1630502
1564,"Test","LJA08_20240605_070000.wav",15,20,-1.0434331
1565,"Test","LJA08_20240605_070000.wav",20,25,-1.1436179
1566,"Test","LJA08_20240605_070000.wav",25,30,-1.130195
1567,"Test","LJA08_20240605_070000.wav",30,35,-1.0253215
1568,"Test","LJA08_20240605_070000.wav",35,40,-1.1228276
1569,"Test","LJA08_20240605_070000.wav",40,45,-1.6394798
1570,"Test","LJA08_20240605_070000.wav",45,50,-1.6438258
1562,"Test","LJA08_20240605_070000.wav",5,10,-1.2431402
1571,"Test","LJA08_20240605_070000.wav",50,55,-1.0429405
1572,"Test","LJA08_20240605_070000.wav",55,60,-1.3822639
1573,"Test","LJA08_20240621_060000.wav",0,5,-1.5717053
1575,"Test","LJA08_20240621_060000.wav",10,15,-1.6267931
1576,"Test","LJA08_20240621_060000.wav",15,20,-1.7340701
1577,"Test","LJA08_20240621_060000.wav",20,25,-1.4757136
1578,"Test","LJA08_20240621_060000.wav",25,30,-1.259
1579,"Test","LJA08_20240621_060000.wav",30,35,-1.7191885
1580,"Test","LJA08_20240621_060000.wav",35,40,-1.5514789
1581,"Test","LJA08_20240621_060000.wav",40,45,-1.1013612
1582,"Test","LJA08_20240621_060000.wav",45,50,-1.9049802
1574,"Test","LJA08_20240621_060000.wav",5,10,-1.3804585
1583,"Test","LJA08_20240621_060000.wav",50,55,-1.3410213
1584,"Test","LJA08_20240621_060000.wav",55,60,-0.62735456
1585,"Test","LJA08_20240701_130000.wav",0,5,-1.8927761
1587,"Test","LJA08_20240701_130000.wav",10,15,-1.7772357
1588,"Test","LJA08_20240701_130000.wav",15,20,-1.7028134
1589,"Test","LJA08_20240701_130000.wav",20,25,-1.6066756
1590,"Test","LJA08_20240701_130000.wav",25,30,-1.7312745
1591,"Test","LJA08_20240701_130000.wav",30,35,-1.7259761
1592,"Test","LJA08_20240701_130000.wav",35,40,-1.9176483
1593,"Test","LJA08_20240701_130000.wav",40,45,-1.7484912
1594,"Test","LJA08_20240701_130000.wav",45,50,-1.6882942
1586,"Test","LJA08_20240701_130000.wav",5,10,-1.8094143
1595,"Test","LJA08_20240701_130000.wav",50,55,-1.8786544
1596,"Test","LJA08_20240701_130000.wav",55,60,-1.8439289
1597,"Test","LJA08_20240706_170000.wav",0,5,-1.8053741
1599,"Test","LJA08_20240706_170000.wav",10,15,-2.0059373
1600,"Test","LJA08_20240706_170000.wav",15,20,-1.9104896
1601,"Test","LJA08_20240706_170000.wav",20,25,-1.7050587
1602,"Test","LJA08_20240706_170000.wav",25,30,-2.0885665
1603,"Test","LJA08_20240706_170000.wav",30,35,-1.9546735
1604,"Test","LJA08_20240706_170000.wav",35,40,-2.0365036
1605,"Test","LJA08_20240706_170000.wav",40,45,-1.8364527
1606,"Test","LJA08_20240706_170000.wav",45,50,-2.0777779
1598,"Test","LJA08_20240706_170000.wav",5,10,-1.7666376
1607,"Test","LJA08_20240706_170000.wav",50,55,-1.6658572
1608,"Test","LJA08_20240706_170000.wav",55,60,-1.8666781
1609,"Test","LLA05_20240530_170000.wav",0,5,-1.0452932
1611,"Test","LLA05_20240530_170000.wav",10,15,-0.8854154
1612,"Test","LLA05_20240530_170000.wav",15,20,-1.0178176
1613,"Test","LLA05_20240530_170000.wav",20,25,-1.0205693
1614,"Test","LLA05_20240530_170000.wav",25,30,-1.0082226
1615,"Test","LLA05_20240530_170000.wav",30,35,-1.0317479
1616,"Test","LLA05_20240530_170000.wav",35,40,-0.9828194
1617,"Test","LLA05_20240530_170000.wav",40,45,-1.4102619
1618,"Test","LLA05_20240530_170000.wav",45,50,-1.1221731
1610,"Test","LLA05_20240530_170000.wav",5,10,-1.0884178
1619,"Test","LLA05_20240530_170000.wav",50,55,-1.3709304
1620,"Test","LLA05_20240530_170000.wav",55,60,-1.1001096
1621,"Test","LLA05_20240531_070000.wav",0,5,-1.0478073
1623,"Test","LLA05_20240531_070000.wav",10,15,-1.741718
1624,"Test","LLA05_20240531_070000.wav",15,20,-1.2401841
1625,"Test","LLA05_20240531_070000.wav",20,25,-1.4508054
1626,"Test","LLA05_20240531_070000.wav",25,30,-1.586741
1627,"Test","LLA05_20240531_070000.wav",30,35,-1.4208326
1628,"Test","LLA05_20240531_070000.wav",35,40,-0.9766556
1629,"Test","LLA05_20240531_070000.wav",40,45,-1.0496665
1630,"Test","LLA05_20240531_070000.wav",45,50,-1.209812
1622,"Test","LLA05_20240531_070000.wav",5,10,-1.5482504
1631,"Test","LLA05_20240531_070000.wav",50,55,-1.3560815
1632,"Test","LLA05_20240531_070000.wav",55,60,-1.3685261
1633,"Test","LLA05_20240603_060000.wav",0,5,-0.92107314
1635,"Test","LLA05_20240603_060000.wav",10,15,-0.9540053
1636,"Test","LLA05_20240603_060000.wav",15,20,-1.0878979
1637,"Test","LLA05_20240603_060000.wav",20,25,-0.950698
1638,"Test","LLA05_20240603_060000.wav",25,30,-0.91834384
1639,"Test","LLA05_20240603_060000.wav",30,35,-0.9522379
1640,"Test","LLA05_20240603_060000.wav",35,40,-0.96741474
1641,"Test","LLA05_20240603_060000.wav",40,45,-0.7263545
1642,"Test","LLA05_20240603_060000.wav",45,50,-0.764095
1634,"Test","LLA05_20240603_060000.wav",5,10,-0.95687455
1643,"Test","LLA05_20240603_060000.wav",50,55,-0.88636357
1644,"Test","LLA05_20240603_060000.wav",55,60,-0.46498907
1645,"Test","LLA05_20240603_120000.wav",0,5,-1.30602
1647,"Test","LLA05_20240603_120000.wav",10,15,-1.2164357
1648,"Test","LLA05_20240603_120000.wav",15,20,-1.1707759
1649,"Test","LLA05_20240603_120000.wav",20,25,-1.0456009
1650,"Test","LLA05_20240603_120000.wav",25,30,-1.0603327
1651,"Test","LLA05_20240603_120000.wav",30,35,-0.8957688
1652,"Test","LLA05_20240603_120000.wav",35,40,-1.2373857
1653,"Test","LLA05_20240603_120000.wav",40,45,-1.1591783
1654,"Test","LLA05_20240603_120000.wav",45,50,-1.144881
1646,"Test","LLA05_20240603_120000.wav",5,10,-1.0940408
1655,"Test","LLA05_20240603_120000.wav",50,55,-1.0364276
1656,"Test","LLA05_20240603_120000.wav",55,60,-1.1348479
1657,"Test","LLA05_20240615_170000.wav",0,5,-1.597929
1659,"Test","LLA05_20240615_170000.wav",10,15,-1.7879529
1660,"Test","LLA05_20240615_170000.wav",15,20,-1.8436431
1661,"Test","LLA05_20240615_170000.wav",20,25,-1.5717329
1662,"Test","LLA05_20240615_170000.wav",25,30,-2.0292985
1663,"Test","LLA05_20240615_170000.wav",30,35,-1.7297176
1664,"Test","LLA05_20240615_170000.wav",35,40,-1.9452051
1665,"Test","LLA05_20240615_170000.wav",40,45,-2.1382444
1666,"Test","LLA05_20240615_170000.wav",45,50,-1.6471665
1658,"Test","LLA05_20240615_170000.wav",5,10,-1.6044064
1667,"Test","LLA05_20240615_170000.wav",50,55,-1.7364662
1668,"Test","LLA05_20240615_170000.wav",55,60,-1.3338896
1669,"Test","LLA05_20240704_060000.wav",0,5,-1.8973063
1671,"Test","LLA05_20240704_060000.wav",10,15,-1.4057184
1672,"Test","LLA05_20240704_060000.wav",15,20,-1.6531633
1673,"Test","LLA05_20240704_060000.wav",20,25,-1.3896288
1674,"Test","LLA05_20240704_060000.wav",25,30,-1.3704013
1675,"Test","LLA05_20240704_060000.wav",30,35,-1.6306899
1676,"Test","LLA05_20240704_060000.wav",35,40,-0.86649984
1677,"Test","LLA05_20240704_060000.wav",40,45,-1.7287171
1678,"Test","LLA05_20240704_060000.wav",45,50,-1.5189544
1670,"Test","LLA05_20240704_060000.wav",5,10,-1.4225278
1679,"Test","LLA05_20240704_060000.wav",50,55,-1.5584631
1680,"Test","LLA05_20240704_060000.wav",55,60,-1.4523717
1681,"Test","LLA05_20240707_120000.wav",0,5,-1.2689548
1683,"Test","LLA05_20240707_120000.wav",10,15,-1.5410013
1684,"Test","LLA05_20240707_120000.wav",15,20,-1.5649922
1685,"Test","LLA05_20240707_120000.wav",20,25,-1.2536647
1686,"Test","LLA05_20240707_120000.wav",25,30,-1.286969
1687,"Test","LLA05_20240707_120000.wav",30,35,-1.4775562
1688,"Test","LLA05_20240707_120000.wav",35,40,-1.2875907
1689,"Test","LLA05_20240707_120000.wav",40,45,-1.1549456
1690,"Test","LLA05_20240707_120000.wav",45,50,-1.0610695
1682,"Test","LLA05_20240707_120000.wav",5,10,-1.6180971
1691,"Test","LLA05_20240707_120000.wav",50,55,-1.0604117
1692,"Test","LLA05_20240707_120000.wav",55,60,-1.1683196
1693,"Test","LLA05_20240715_070000.wav",0,5,-0.90777266
1695,"Test","LLA05_20240715_070000.wav",10,15,-0.91223264
1696,"Test","LLA05_20240715_070000.wav",15,20,-1.3800541
1697,"Test","LLA05_20240715_070000.wav",20,25,-0.8201769
1698,"Test","LLA05_20240715_070000.wav",25,30,-1.1024723
1699,"Test","LLA05_20240715_070000.wav",30,35,-0.66353816
1700,"Test","LLA05_20240715_070000.wav",35,40,-0.5805284
1701,"Test","LLA05_20240715_070000.wav",40,45,-0.5963416
1702,"Test","LLA05_20240715_070000.wav",45,50,-1.1228887
1694,"Test","LLA05_20240715_070000.wav",5,10,-0.9489514
1703,"Test","LLA05_20240715_070000.wav",50,55,-1.0726701
1704,"Test","LLA05_20240715_070000.wav",55,60,-0.7509045
1705,"Test","LLA05_20240719_170000.wav",0,5,-1.1693804
1707,"Test","LLA05_20240719_170000.wav",10,15,-1.3969355
1708,"Test","LLA05_20240719_170000.wav",15,20,-1.1852882
1709,"Test","LLA05_20240719_170000.wav",20,25,-1.2840036
1710,"Test","LLA05_20240719_170000.wav",25,30,-1.2175512
1711,"Test","LLA05_20240719_170000.wav",30,35,-1.1663011
1712,"Test","LLA05_20240719_170000.wav",35,40,-1.2615952
1713,"Test","LLA05_20240719_170000.wav",40,45,-1.3192091
1714,"Test","LLA05_20240719_170000.wav",45,50,-1.1663799
1706,"Test","LLA05_20240719_170000.wav",5,10,-1.0149275
1715,"Test","LLA05_20240719_170000.wav",50,55,-1.1601452
1716,"Test","LLA05_20240719_170000.wav",55,60,-1.1925071
1717,"Test","LLA05_20240720_060000.wav",0,5,-1.0637301
1719,"Test","LLA05_20240720_060000.wav",10,15,-1.2474535
1720,"Test","LLA05_20240720_060000.wav",15,20,-1.0641828
1721,"Test","LLA05_20240720_060000.wav",20,25,-1.1495318
1722,"Test","LLA05_20240720_060000.wav",25,30,-1.327306
1723,"Test","LLA05_20240720_060000.wav",30,35,-1.3073657
1724,"Test","LLA05_20240720_060000.wav",35,40,-1.3502822
1725,"Test","LLA05_20240720_060000.wav",40,45,-1.1040189
1726,"Test","LLA05_20240720_060000.wav",45,50,-1.344367
1718,"Test","LLA05_20240720_060000.wav",5,10,-0.94385856
1727,"Test","LLA05_20240720_060000.wav",50,55,-1.0251242
1728,"Test","LLA05_20240720_060000.wav",55,60,-1.1476617
1729,"Test","LMM16_20230922_110000.wav",0,5,-1.0943674
1731,"Test","LMM16_20230922_110000.wav",10,15,-1.8728554
1732,"Test","LMM16_20230922_110000.wav",15,20,-1.2744159
1733,"Test","LMM16_20230922_110000.wav",20,25,-1.4018251
1734,"Test","LMM16_20230922_110000.wav",25,30,-1.3584673
1735,"Test","LMM16_20230922_110000.wav",30,35,-1.5543447
1736,"Test","LMM16_20230922_110000.wav",35,40,-1.0217433
1737,"Test","LMM16_20230922_110000.wav",40,45,-1.2577674
1738,"Test","LMM16_20230922_110000.wav",45,50,-1.5598774
1730,"Test","LMM16_20230922_110000.wav",5,10,-1.3326908
1739,"Test","LMM16_20230922_110000.wav",50,55,-1.2304218
1740,"Test","LMM16_20230922_110000.wav",55,60,-1.7585609
1741,"Test","LMM16_20230924_170000.wav",0,5,-0.8967689
1743,"Test","LMM16_20230924_170000.wav",10,15,-0.9439029
1744,"Test","LMM16_20230924_170000.wav",15,20,-1.286391
1745,"Test","LMM16_20230924_170000.wav",20,25,-1.1820929
1746,"Test","LMM16_20230924_170000.wav",25,30,-1.5395064
1747,"Test","LMM16_20230924_170000.wav",30,35,-1.3447657
1748,"Test","LMM16_20230924_170000.wav",35,40,-1.3207161
1749,"Test","LMM16_20230924_170000.wav",40,45,-1.4006534
1750,"Test","LMM16_20230924_170000.wav",45,50,-1.3620355
1742,"Test","LMM16_20230924_170000.wav",5,10,-1.0782261
1751,"Test","LMM16_20230924_170000.wav",50,55,-1.6814358
1752,"Test","LMM16_20230924_170000.wav",55,60,-1.372942
1753,"Test","LMM16_20230930_160000.wav",0,5,-1.0505269
1755,"Test","LMM16_20230930_160000.wav",10,15,-1.4002789
1756,"Test","LMM16_20230930_160000.wav",15,20,-1.2929293
1757,"Test","LMM16_20230930_160000.wav",20,25,-1.0907079
1758,"Test","LMM16_20230930_160000.wav",25,30,-1.0160025
1759,"Test","LMM16_20230930_160000.wav",30,35,-1.2452724
1760,"Test","LMM16_20230930_160000.wav",35,40,-1.2479632
1761,"Test","LMM16_20230930_160000.wav",40,45,-1.0799633
1762,"Test","LMM16_20230930_160000.wav",45,50,-1.0723165
1754,"Test","LMM16_20230930_160000.wav",5,10,-1.2372077
1763,"Test","LMM16_20230930_160000.wav",50,55,-1.222152
1764,"Test","LMM16_20230930_160000.wav",55,60,-1.2700567
1765,"Test","LMM16_20231002_060000.wav",0,5,-1.0723326
1767,"Test","LMM16_20231002_060000.wav",10,15,-1.0355006
1768,"Test","LMM16_20231002_060000.wav",15,20,-0.84057814
1769,"Test","LMM16_20231002_060000.wav",20,25,-1.5317392
1770,"Test","LMM16_20231002_060000.wav",25,30,-1.2792668
1771,"Test","LMM16_20231002_060000.wav",30,35,-1.2660096
1772,"Test","LMM16_20231002_060000.wav",35,40,-1.3473971
1773,"Test","LMM16_20231002_060000.wav",40,45,-1.2284474
1774,"Test","LMM16_20231002_060000.wav",45,50,-1.1106024
1766,"Test","LMM16_20231002_060000.wav",5,10,-1.2154875
1775,"Test","LMM16_20231002_060000.wav",50,55,-1.2634745
1776,"Test","LMM16_20231002_060000.wav",55,60,-1.0869598
1777,"Test","LMM16_20231002_120000.wav",0,5,-1.2602335
1779,"Test","LMM16_20231002_120000.wav",10,15,-1.1330245
1780,"Test","LMM16_20231002_120000.wav",15,20,-1.2854507
1781,"Test","LMM16_20231002_120000.wav",20,25,-1.3033876
1782,"Test","LMM16_20231002_120000.wav",25,30,-1.3108871
1783,"Test","LMM16_20231002_120000.wav",30,35,-1.3648843
1784,"Test","LMM16_20231002_120000.wav",35,40,-1.6338927
1785,"Test","LMM16_20231002_120000.wav",40,45,-1.5449221
1786,"Test","LMM16_20231002_120000.wav",45,50,-1.3761654
1778,"Test","LMM16_20231002_120000.wav",5,10,-1.3376663
1787,"Test","LMM16_20231002_120000.wav",50,55,-1.5307076
1788,"Test","LMM16_20231002_120000.wav",55,60,-1.4764338
1789,"Test","LMM16_20231026_070000.wav",0,5,-1.2373769
1791,"Test","LMM16_20231026_070000.wav",10,15,-1.2446232
1792,"Test","LMM16_20231026_070000.wav",15,20,-1.206056
1793,"Test","LMM16_20231026_070000.wav",20,25,-1.0867751
1794,"Test","LMM16_20231026_070000.wav",25,30,-1.209891
1795,"Test","LMM16_20231026_070000.wav",30,35,-1.2063211
1796,"Test","LMM16_20231026_070000.wav",35,40,-1.143135
1797,"Test","LMM16_20231026_070000.wav",40,45,-1.1148267
1798,"Test","LMM16_20231026_070000.wav",45,50,-1.2022667
1790,"Test","LMM16_20231026_070000.wav",5,10,-1.2282906
1799,"Test","LMM16_20231026_070000.wav",50,55,-1.1097841
1800,"Test","LMM16_20231026_070000.wav",55,60,-1.0968661
1801,"Test","PAA02_20240528_150000.wav",0,5,-0.99547297
1803,"Test","PAA02_20240528_150000.wav",10,15,-1.1275618
1804,"Test","PAA02_20240528_150000.wav",15,20,-1.2840135
1805,"Test","PAA02_20240528_150000.wav",20,25,-1.3896867
1806,"Test","PAA02_20240528_150000.wav",25,30,-1.0984076
1807,"Test","PAA02_20240528_150000.wav",30,35,-1.1260393
1808,"Test","PAA02_20240528_150000.wav",35,40,-1.1104965
1809,"Test","PAA02_20240528_150000.wav",40,45,-1.2475443
1810,"Test","PAA02_20240528_150000.wav",45,50,-0.8533209
1802,"Test","PAA02_20240528_150000.wav",5,10,-1.1017421
1811,"Test","PAA02_20240528_150000.wav",50,55,-0.9242938
1812,"Test","PAA02_20240528_150000.wav",55,60,-0.96745414
1813,"Test","PAA02_20240531_090000.wav",0,5,-1.3119591
1815,"Test","PAA02_20240531_090000.wav",10,15,-1.3884298
1816,"Test","PAA02_20240531_090000.wav",15,20,-1.1741701
1817,"Test","PAA02_20240531_090000.wav",20,25,-0.7724998
1818,"Test","PAA02_20240531_090000.wav",25,30,-1.0738345
1819,"Test","PAA02_20240531_090000.wav",30,35,-0.9169909
1820,"Test","PAA02_20240531_090000.wav",35,40,-0.7404546
1821,"Test","PAA02_20240531_090000.wav",40,45,-0.637155
1822,"Test","PAA02_20240531_090000.wav",45,50,-1.0416776
1814,"Test","PAA02_20240531_090000.wav",5,10,-0.97758293
1823,"Test","PAA02_20240531_090000.wav",50,55,-0.9873592
1824,"Test","PAA02_20240531_090000.wav",55,60,-0.9001691
1825,"Test","PAA02_20240603_170000.wav",0,5,-1.6026227
1827,"Test","PAA02_20240603_170000.wav",10,15,-1.6720948
1828,"Test","PAA02_20240603_170000.wav",15,20,-1.5924739
1829,"Test","PAA02_20240603_170000.wav",20,25,-1.5741308
1830,"Test","PAA02_20240603_170000.wav",25,30,-1.7610397
1831,"Test","PAA02_20240603_170000.wav",30,35,-1.5790584
1832,"Test","PAA02_20240603_170000.wav",35,40,-1.5376525
1833,"Test","PAA02_20240603_170000.wav",40,45,-1.4940901
1834,"Test","PAA02_20240603_170000.wav",45,50,-1.6447654
1826,"Test","PAA02_20240603_170000.wav",5,10,-1.3252192
1835,"Test","PAA02_20240603_170000.wav",50,55,-1.6430836
1836,"Test","PAA02_20240603_170000.wav",55,60,-1.6477671
1837,"Test","PAA02_20240607_070000.wav",0,5,-1.2028174
1839,"Test","PAA02_20240607_070000.wav",10,15,-0.99499243
1840,"Test","PAA02_20240607_070000.wav",15,20,-1.1606469
1841,"Test","PAA02_20240607_070000.wav",20,25,-0.922414
1842,"Test","PAA02_20240607_070000.wav",25,30,-0.8880207
1843,"Test","PAA02_20240607_070000.wav",30,35,-1.14098
1844,"Test","PAA02_20240607_070000.wav",35,40,-1.1120383
1845,"Test","PAA02_20240607_070000.wav",40,45,-1.2563782
1846,"Test","PAA02_20240607_070000.wav",45,50,-1.1873871
1838,"Test","PAA02_20240607_070000.wav",5,10,-1.2755183
1847,"Test","PAA02_20240607_070000.wav",50,55,-1.2805717
1848,"Test","PAA02_20240607_070000.wav",55,60,-1.3446048
1849,"Test","PAA02_20240622_120000.wav",0,5,-1.093524
1851,"Test","PAA02_20240622_120000.wav",10,15,-1.2330108
1852,"Test","PAA02_20240622_120000.wav",15,20,-1.1808978
1853,"Test","PAA02_20240622_120000.wav",20,25,-1.132446
1854,"Test","PAA02_20240622_120000.wav",25,30,-0.9884762
1855,"Test","PAA02_20240622_120000.wav",30,35,-1.1068349
1856,"Test","PAA02_20240622_120000.wav",35,40,-1.2070227
1857,"Test","PAA02_20240622_120000.wav",40,45,-0.9650801
1858,"Test","PAA02_20240622_120000.wav",45,50,-0.8698991
1850,"Test","PAA02_20240622_120000.wav",5,10,-1.2356627
1859,"Test","PAA02_20240622_120000.wav",50,55,-1.0913532
1860,"Test","PAA02_20240622_120000.wav",55,60,-1.0880634
1861,"Test","PAA02_20240626_120000.wav",0,5,-0.98163503
1863,"Test","PAA02_20240626_120000.wav",10,15,-1.0419025
1864,"Test","PAA02_20240626_120000.wav",15,20,-1.0003644
1865,"Test","PAA02_20240626_120000.wav",20,25,-1.5453389
1866,"Test","PAA02_20240626_120000.wav",25,30,-1.3195385
1867,"Test","PAA02_20240626_120000.wav",30,35,-1.0466435
1868,"Test","PAA02_20240626_120000.wav",35,40,-0.630349
1869,"Test","PAA02_20240626_120000.wav",40,45,-0.4724604
1870,"Test","PAA02_20240626_120000.wav",45,50,-1.2311729
1862,"Test","PAA02_20240626_120000.wav",5,10,-1.1989678
1871,"Test","PAA02_20240626_120000.wav",50,55,-1.2343559
1872,"Test","PAA02_20240626_120000.wav",55,60,-1.1899312
1873,"Test","PAA02_20240629_160000.wav",0,5,-1.4432087
1875,"Test","PAA02_20240629_160000.wav",10,15,-1.2599573
1876,"Test","PAA02_20240629_160000.wav",15,20,-1.6012908
1877,"Test","PAA02_20240629_160000.wav",20,25,-1.4038811
1878,"Test","PAA02_20240629_160000.wav",25,30,-1.4154838
1879,"Test","PAA02_20240629_160000.wav",30,35,-1.274461
1880,"Test","PAA02_20240629_160000.wav",35,40,-1.3693161
1881,"Test","PAA02_20240629_160000.wav",40,45,-1.6226255
1882,"Test","PAA02_20240629_160000.wav",45,50,-1.5129237
1874,"Test","PAA02_20240629_160000.wav",5,10,-1.6635752
1883,"Test","PAA02_20240629_160000.wav",50,55,-1.2975962
1884,"Test","PAA02_20240629_160000.wav",55,60,-1.5812678
1885,"Test","PAA02_20240630_090000.wav",0,5,-1.3163259
1887,"Test","PAA02_20240630_090000.wav",10,15,-1.3091741
1888,"Test","PAA02_20240630_090000.wav",15,20,-0.99003994
1889,"Test","PAA02_20240630_090000.wav",20,25,2.9739847
1890,"Test","PAA02_20240630_090000.wav",25,30,-1.1822886
1891,"Test","PAA02_20240630_090000.wav",30,35,-1.5316956
1892,"Test","PAA02_20240630_090000.wav",35,40,-1.3522747
1893,"Test","PAA02_20240630_090000.wav",40,45,-1.5002346
1894,"Test","PAA02_20240630_090000.wav",45,50,0.47329158
1886,"Test","PAA02_20240630_090000.wav",5,10,-1.5479511
1895,"Test","PAA02_20240630_090000.wav",50,55,-1.2263936
1896,"Test","PAA02_20240630_090000.wav",55,60,-1.4518893
1897,"Test","PAA02_20240702_110000.wav",0,5,-1.4975128
1899,"Test","PAA02_20240702_110000.wav",10,15,0.2883504
1900,"Test","PAA02_20240702_110000.wav",15,20,1.8523196
1901,"Test","PAA02_20240702_110000.wav",20,25,-1.6066843
1902,"Test","PAA02_20240702_110000.wav",25,30,-1.5533547
1903,"Test","PAA02_20240702_110000.wav",30,35,-0.9828104
1904,"Test","PAA02_20240702_110000.wav",35,40,0.012804017
1905,"Test","PAA02_20240702_110000.wav",40,45,-1.2961142
1906,"Test","PAA02_20240702_110000.wav",45,50,-1.388738
1898,"Test","PAA02_20240702_110000.wav",5,10,-1.5723656
1907,"Test","PAA02_20240702_110000.wav",50,55,-1.5461969
1908,"Test","PAA02_20240702_110000.wav",55,60,-1.4805609
1909,"Test","PAA02_20240702_130000.wav",0,5,-1.3556852
1911,"Test","PAA02_20240702_130000.wav",10,15,-1.3990558
1912,"Test","PAA02_20240702_130000.wav",15,20,-1.3036273
1913,"Test","PAA02_20240702_130000.wav",20,25,-1.3777338
1914,"Test","PAA02_20240702_130000.wav",25,30,-1.1918632
1915,"Test","PAA02_20240702_130000.wav",30,35,-1.386878
1916,"Test","PAA02_20240702_130000.wav",35,40,-1.3583331
1917,"Test","PAA02_20240702_130000.wav",40,45,-1.3715855
1918,"Test","PAA02_20240702_130000.wav",45,50,-1.4463329
1910,"Test","PAA02_20240702_130000.wav",5,10,-1.2976408
1919,"Test","PAA02_20240702_130000.wav",50,55,-1.3252847
1920,"Test","PAA02_20240702_130000.wav",55,60,-1.3469051
1921,"Test","PAA02_20240703_120000.wav",0,5,-1.221878
1923,"Test","PAA02_20240703_120000.wav",10,15,-1.1353347
1924,"Test","PAA02_20240703_120000.wav",15,20,1.5241368
1925,"Test","PAA02_20240703_120000.wav",20,25,-0.900697
1926,"Test","PAA02_20240703_120000.wav",25,30,-1.2177678
1927,"Test","PAA02_20240703_120000.wav",30,35,-1.1548867
1928,"Test","PAA02_20240703_120000.wav",35,40,-1.2182378
1929,"Test","PAA02_20240703_120000.wav",40,45,-0.6073975
1930,"Test","PAA02_20240703_120000.wav",45,50,-1.0691013
1922,"Test","PAA02_20240703_120000.wav",5,10,-1.2568305
1931,"Test","PAA02_20240703_120000.wav",50,55,-1.2918932
1932,"Test","PAA02_20240703_120000.wav",55,60,0.020228416
1933,"Test","PAA02_20240704_060000.wav",0,5,0.52910167
1935,"Test","PAA02_20240704_060000.wav",10,15,-1.0399572
1936,"Test","PAA02_20240704_060000.wav",15,20,-0.7182607
1937,"Test","PAA02_20240704_060000.wav",20,25,-0.60731524
1938,"Test","PAA02_20240704_060000.wav",25,30,-0.58289725
1939,"Test","PAA02_20240704_060000.wav",30,35,-0.6237282
1940,"Test","PAA02_20240704_060000.wav",35,40,-0.60042864
1941,"Test","PAA02_20240704_060000.wav",40,45,-0.7495398
1942,"Test","PAA02_20240704_060000.wav",45,50,-0.2987152
1934,"Test","PAA02_20240704_060000.wav",5,10,-0.68017226
1943,"Test","PAA02_20240704_060000.wav",50,55,-0.62135065
1944,"Test","PAA02_20240704_060000.wav",55,60,-0.74011916
1945,"Test","PAA02_20240707_100000.wav",0,5,-1.1283451
1947,"Test","PAA02_20240707_100000.wav",10,15,-1.350665
1948,"Test","PAA02_20240707_100000.wav",15,20,-1.1426413
1949,"Test","PAA02_20240707_100000.wav",20,25,-1.546955
1950,"Test","PAA02_20240707_100000.wav",25,30,-1.1773998
1951,"Test","PAA02_20240707_100000.wav",30,35,-1.5223026
1952,"Test","PAA02_20240707_100000.wav",35,40,0.15163757
1953,"Test","PAA02_20240707_100000.wav",40,45,-1.327049
1954,"Test","PAA02_20240707_100000.wav",45,50,-1.4122065
1946,"Test","PAA02_20240707_100000.wav",5,10,-1.1043468
1955,"Test","PAA02_20240707_100000.wav",50,55,-1.4902334
1956,"Test","PAA02_20240707_100000.wav",55,60,-1.3211024
1957,"Test","PAA02_20240711_080000.wav",0,5,-1.1709672
1959,"Test","PAA02_20240711_080000.wav",10,15,-0.5397856
1960,"Test","PAA02_20240711_080000.wav",15,20,-1.7468116
1961,"Test","PAA02_20240711_080000.wav",20,25,-1.4118537
1962,"Test","PAA02_20240711_080000.wav",25,30,-1.5507712
1963,"Test","PAA02_20240711_080000.wav",30,35,-1.4192894
1964,"Test","PAA02_20240711_080000.wav",35,40,2.2488863
1965,"Test","PAA02_20240711_080000.wav",40,45,-0.6607085
1966,"Test","PAA02_20240711_080000.wav",45,50,-1.4963394
1958,"Test","PAA02_20240711_080000.wav",5,10,-1.3408759
1967,"Test","PAA02_20240711_080000.wav",50,55,-1.3183019
1968,"Test","PAA02_20240711_080000.wav",55,60,-0.19754365
1969,"Test","PAA02_20240712_100000.wav",0,5,-1.6581166
1971,"Test","PAA02_20240712_100000.wav",10,15,-1.7152429
1972,"Test","PAA02_20240712_100000.wav",15,20,-1.5828946
1973,"Test","PAA02_20240712_100000.wav",20,25,-1.4760467
1974,"Test","PAA02_20240712_100000.wav",25,30,-1.4489369
1975,"Test","PAA02_20240712_100000.wav",30,35,-1.4206392
1976,"Test","PAA02_20240712_100000.wav",35,40,1.8141519
1977,"Test","PAA02_20240712_100000.wav",40,45,-1.5413227
1978,"Test","PAA02_20240712_100000.wav",45,50,-1.5083711
1970,"Test","PAA02_20240712_100000.wav",5,10,-0.31317014
1979,"Test","PAA02_20240712_100000.wav",50,55,-1.2509792
1980,"Test","PAA02_20240712_100000.wav",55,60,-1.3456849
1981,"Test","PAA02_20240713_110000.wav",0,5,-0.9850931
1983,"Test","PAA02_20240713_110000.wav",10,15,-0.99269515
1984,"Test","PAA02_20240713_110000.wav",15,20,-1.1914889
1985,"Test","PAA02_20240713_110000.wav",20,25,-1.329787
1986,"Test","PAA02_20240713_110000.wav",25,30,-0.87757
1987,"Test","PAA02_20240713_110000.wav",30,35,0.32808447
1988,"Test","PAA02_20240713_110000.wav",35,40,-0.9678816
1989,"Test","PAA02_20240713_110000.wav",40,45,-1.0317525
1990,"Test","PAA02_20240713_110000.wav",45,50,-1.0456681
1982,"Test","PAA02_20240713_110000.wav",5,10,-1.0358794
1991,"Test","PAA02_20240713_110000.wav",50,55,-1.1486444
1992,"Test","PAA02_20240713_110000.wav",55,60,-1.2284863
1993,"Test","PAA02_20240714_060000.wav",0,5,-1.079207
1995,"Test","PAA02_20240714_060000.wav",10,15,-1.6061339
1996,"Test","PAA02_20240714_060000.wav",15,20,-1.4523966
1997,"Test","PAA02_20240714_060000.wav",20,25,-1.4578267
1998,"Test","PAA02_20240714_060000.wav",25,30,-1.0808164
1999,"Test","PAA02_20240714_060000.wav",30,35,-1.4096663
2000,"Test","PAA02_20240714_060000.wav",35,40,-0.7124917
2001,"Test","PAA02_20240714_060000.wav",40,45,-1.1002395
2002,"Test","PAA02_20240714_060000.wav",45,50,-1.2205243
1994,"Test","PAA02_20240714_060000.wav",5,10,-1.1210997
2003,"Test","PAA02_20240714_060000.wav",50,55,-1.0979874
2004,"Test","PAA02_20240714_060000.wav",55,60,-1.0619206
2005,"Test","PAA02_20240714_070000.wav",0,5,-0.9989668
2007,"Test","PAA02_20240714_070000.wav",10,15,-1.0391012
2008,"Test","PAA02_20240714_070000.wav",15,20,-1.0046068
2009,"Test","PAA02_20240714_070000.wav",20,25,-1.0177562
2010,"Test","PAA02_20240714_070000.wav",25,30,-1.197577
2011,"Test","PAA02_20240714_070000.wav",30,35,-1.1720951
2012,"Test","PAA02_20240714_070000.wav",35,40,-0.993513
2013,"Test","PAA02_20240714_070000.wav",40,45,-0.86688644
2014,"Test","PAA02_20240714_070000.wav",45,50,-1.002366
2006,"Test","PAA02_20240714_070000.wav",5,10,-1.2299851
2015,"Test","PAA02_20240714_070000.wav",50,55,-1.1192809
2016,"Test","PAA02_20240714_070000.wav",55,60,-1.2494763
2017,"Test","PAA02_20240715_090000.wav",0,5,-0.20398073
2019,"Test","PAA02_20240715_090000.wav",10,15,-1.6203313
2020,"Test","PAA02_20240715_090000.wav",15,20,-1.4079678
2021,"Test","PAA02_20240715_090000.wav",20,25,-1.5499909
2022,"Test","PAA02_20240715_090000.wav",25,30,-1.1265336
2023,"Test","PAA02_20240715_090000.wav",30,35,-1.3235657
2024,"Test","PAA02_20240715_090000.wav",35,40,-1.3093584
2025,"Test","PAA02_20240715_090000.wav",40,45,-1.1464221
2026,"Test","PAA02_20240715_090000.wav",45,50,-1.5507687
2018,"Test","PAA02_20240715_090000.wav",5,10,-1.425436
2027,"Test","PAA02_20240715_090000.wav",50,55,1.1379453
2028,"Test","PAA02_20240715_090000.wav",55,60,-1.4071264
2029,"Test","PAA02_20240718_090000.wav",0,5,-1.6389912
2031,"Test","PAA02_20240718_090000.wav",10,15,-0.6535811
2032,"Test","PAA02_20240718_090000.wav",15,20,0.20259829
2033,"Test","PAA02_20240718_090000.wav",20,25,-1.7679543
2034,"Test","PAA02_20240718_090000.wav",25,30,-1.4715438
2035,"Test","PAA02_20240718_090000.wav",30,35,-1.2946668
2036,"Test","PAA02_20240718_090000.wav",35,40,1.0885904
2037,"Test","PAA02_20240718_090000.wav",40,45,0.64471346
2038,"Test","PAA02_20240718_090000.wav",45,50,-1.418454
2030,"Test","PAA02_20240718_090000.wav",5,10,-1.5541759
2039,"Test","PAA02_20240718_090000.wav",50,55,-1.048733
2040,"Test","PAA02_20240718_090000.wav",55,60,-1.7226846
2041,"Test","PAA02_20240719_090000.wav",0,5,-1.3968923
2043,"Test","PAA02_20240719_090000.wav",10,15,-1.4536409
2044,"Test","PAA02_20240719_090000.wav",15,20,-1.336961
2045,"Test","PAA02_20240719_090000.wav",20,25,-1.5773631
2046,"Test","PAA02_20240719_090000.wav",25,30,-1.3059926
2047,"Test","PAA02_20240719_090000.wav",30,35,-1.3741531
2048,"Test","PAA02_20240719_090000.wav",35,40,-1.4795909
2049,"Test","PAA02_20240719_090000.wav",40,45,0.044927955
2050,"Test","PAA02_20240719_090000.wav",45,50,-1.4681288
2042,"Test","PAA02_20240719_090000.wav",5,10,-1.3927081
2051,"Test","PAA02_20240719_090000.wav",50,55,-1.5896894
2052,"Test","PAA02_20240719_090000.wav",55,60,-1.2384033
2053,"Test","PAA02_20240719_120000.wav",0,5,-1.0248115
2055,"Test","PAA02_20240719_120000.wav",10,15,-0.56930727
2056,"Test","PAA02_20240719_120000.wav",15,20,-1.1483634
2057,"Test","PAA02_20240719_120000.wav",20,25,-0.92284113
2058,"Test","PAA02_20240719_120000.wav",25,30,-0.3749568
2059,"Test","PAA02_20240719_120000.wav",30,35,-1.065981
2060,"Test","PAA02_20240719_120000.wav",35,40,-0.62842846
2061,"Test","PAA02_20240719_120000.wav",40,45,0.11786814
2062,"Test","PAA02_20240719_120000.wav",45,50,-0.92831564
2054,"Test","PAA02_20240719_120000.wav",5,10,1.1798495
2063,"Test","PAA02_20240719_120000.wav",50,55,-1.2652538
2064,"Test","PAA02_20240719_120000.wav",55,60,-0.83435297
2065,"Test","PAA02_20240720_060000.wav",0,5,-1.0098449
2067,"Test","PAA02_20240720_060000.wav",10,15,-0.56013334
2068,"Test","PAA02_20240720_060000.wav",15,20,-1.5749774
2069,"Test","PAA02_20240720_060000.wav",20,25,-1.1993904
2070,"Test","PAA02_20240720_060000.wav",25,30,-1.547345
2071,"Test","PAA02_20240720_060000.wav",30,35,-1.7150469
2072,"Test","PAA02_20240720_060000.wav",35,40,-1.5749838
2073,"Test","PAA02_20240720_060000.wav",40,45,-1.7184362
2074,"Test","PAA02_20240720_060000.wav",45,50,-1.4079498
2066,"Test","PAA02_20240720_060000.wav",5,10,-1.1331573
2075,"Test","PAA02_20240720_060000.wav",50,55,-1.5425781
2076,"Test","PAA02_20240720_060000.wav",55,60,-1.4453322
2077,"Test","PAA02_20240720_110000.wav",0,5,-0.97260183
2079,"Test","PAA02_20240720_110000.wav",10,15,-0.9706871
2080,"Test","PAA02_20240720_110000.wav",15,20,0.8349323
2081,"Test","PAA02_20240720_110000.wav",20,25,-1.1666625
2082,"Test","PAA02_20240720_110000.wav",25,30,-1.0126545
2083,"Test","PAA02_20240720_110000.wav",30,35,-1.1775948
2084,"Test","PAA02_20240720_110000.wav",35,40,0.4978599
2085,"Test","PAA02_20240720_110000.wav",40,45,-1.1338947
2086,"Test","PAA02_20240720_110000.wav",45,50,-1.1614982
2078,"Test","PAA02_20240720_110000.wav",5,10,-0.9859702
2087,"Test","PAA02_20240720_110000.wav",50,55,-1.1679109
2088,"Test","PAA02_20240720_110000.wav",55,60,1.155869
2089,"Test","PAA02_20240720_130000.wav",0,5,-1.3573272
2091,"Test","PAA02_20240720_130000.wav",10,15,-1.395453
2092,"Test","PAA02_20240720_130000.wav",15,20,-1.5672553
2093,"Test","PAA02_20240720_130000.wav",20,25,-1.6673558
2094,"Test","PAA02_20240720_130000.wav",25,30,-1.2030084
2095,"Test","PAA02_20240720_130000.wav",30,35,-1.4593713
2096,"Test","PAA02_20240720_130000.wav",35,40,-1.320304
2097,"Test","PAA02_20240720_130000.wav",40,45,-1.47774
2098,"Test","PAA02_20240720_130000.wav",45,50,-1.6190324
2090,"Test","PAA02_20240720_130000.wav",5,10,-1.5292583
2099,"Test","PAA02_20240720_130000.wav",50,55,-1.3188727
2100,"Test","PAA02_20240720_130000.wav",55,60,-1.3149803
2101,"Test","PAA02_20240720_140000.wav",0,5,-1.2841886
2103,"Test","PAA02_20240720_140000.wav",10,15,-1.3528411
2104,"Test","PAA02_20240720_140000.wav",15,20,-0.4067126
2105,"Test","PAA02_20240720_140000.wav",20,25,-1.3199793
2106,"Test","PAA02_20240720_140000.wav",25,30,-1.2428
2107,"Test","PAA02_20240720_140000.wav",30,35,-1.3504972
2108,"Test","PAA02_20240720_140000.wav",35,40,0.54314655
2109,"Test","PAA02_20240720_140000.wav",40,45,-0.9258996
2110,"Test","PAA02_20240720_140000.wav",45,50,-1.1160766
2102,"Test","PAA02_20240720_140000.wav",5,10,-1.3960161
2111,"Test","PAA02_20240720_140000.wav",50,55,-1.4240972
2112,"Test","PAA02_20240720_140000.wav",55,60,-0.577242
2113,"Test","PAA02_20240721_090000.wav",0,5,-0.39048678
2115,"Test","PAA02_20240721_090000.wav",10,15,-0.7797306
2116,"Test","PAA02_20240721_090000.wav",15,20,-0.6622854
2117,"Test","PAA02_20240721_090000.wav",20,25,-0.84939903
2118,"Test","PAA02_20240721_090000.wav",25,30,-0.95661014
2119,"Test","PAA02_20240721_090000.wav",30,35,-0.91976535
2120,"Test","PAA02_20240721_090000.wav",35,40,-0.81096965
2121,"Test","PAA02_20240721_090000.wav",40,45,-0.97986406
2122,"Test","PAA02_20240721_090000.wav",45,50,-1.2985245
2114,"Test","PAA02_20240721_090000.wav",5,10,-1.1003219
2123,"Test","PAA02_20240721_090000.wav",50,55,-1.3830898
2124,"Test","PAA02_20240721_090000.wav",55,60,-1.1145674
2125,"Test","PAA02_20240721_110000.wav",0,5,-0.8772629
2127,"Test","PAA02_20240721_110000.wav",10,15,-0.9408242
2128,"Test","PAA02_20240721_110000.wav",15,20,-0.27709574
2129,"Test","PAA02_20240721_110000.wav",20,25,-0.8003052
2130,"Test","PAA02_20240721_110000.wav",25,30,-0.6217424
2131,"Test","PAA02_20240721_110000.wav",30,35,-1.0559279
2132,"Test","PAA02_20240721_110000.wav",35,40,-0.5240779
2133,"Test","PAA02_20240721_110000.wav",40,45,-0.76177615
2134,"Test","PAA02_20240721_110000.wav",45,50,0.17777686
2126,"Test","PAA02_20240721_110000.wav",5,10,-0.700588
2135,"Test","PAA02_20240721_110000.wav",50,55,-0.65282315
2136,"Test","PAA02_20240721_110000.wav",55,60,-0.690764
2137,"Test","PAA02_20240721_130000.wav",0,5,-1.3359419
2139,"Test","PAA02_20240721_130000.wav",10,15,-1.4565375
2140,"Test","PAA02_20240721_130000.wav",15,20,-1.214559
2141,"Test","PAA02_20240721_130000.wav",20,25,-1.3701999
2142,"Test","PAA02_20240721_130000.wav",25,30,-1.1077436
2143,"Test","PAA02_20240721_130000.wav",30,35,-1.4059063
2144,"Test","PAA02_20240721_130000.wav",35,40,-1.2295432
2145,"Test","PAA02_20240721_130000.wav",40,45,-1.2508663
2146,"Test","PAA02_20240721_130000.wav",45,50,-1.2411832
2138,"Test","PAA02_20240721_130000.wav",5,10,-1.2393821
2147,"Test","PAA02_20240721_130000.wav",50,55,-1.1772211
2148,"Test","PAA02_20240721_130000.wav",55,60,1.5547035
2149,"Test","PAA02_20240721_140000.wav",0,5,1.7502761
2151,"Test","PAA02_20240721_140000.wav",10,15,-1.0401244
2152,"Test","PAA02_20240721_140000.wav",15,20,-1.162321
2153,"Test","PAA02_20240721_140000.wav",20,25,0.25876653
2154,"Test","PAA02_20240721_140000.wav",25,30,-1.6553382
2155,"Test","PAA02_20240721_140000.wav",30,35,-1.1626474
2156,"Test","PAA02_20240721_140000.wav",35,40,-1.3287328
2157,"Test","PAA02_20240721_140000.wav",40,45,-0.89589936
2158,"Test","PAA02_20240721_140000.wav",45,50,-0.93159497
2150,"Test","PAA02_20240721_140000.wav",5,10,-1.3899584
2159,"Test","PAA02_20240721_140000.wav",50,55,-0.64070934
2160,"Test","PAA02_20240721_140000.wav",55,60,-1.1660564
2161,"Test","PAA02_20240722_070000.wav",0,5,-1.1112581
2163,"Test","PAA02_20240722_070000.wav",10,15,-1.2413568
2164,"Test","PAA02_20240722_070000.wav",15,20,1.2912719
2165,"Test","PAA02_20240722_070000.wav",20,25,-1.2209044
2166,"Test","PAA02_20240722_070000.wav",25,30,-1.1326238
2167,"Test","PAA02_20240722_070000.wav",30,35,-1.2263224
2168,"Test","PAA02_20240722_070000.wav",35,40,-0.9064423
2169,"Test","PAA02_20240722_070000.wav",40,45,-0.2880937
2170,"Test","PAA02_20240722_070000.wav",45,50,-0.44712776
2162,"Test","PAA02_20240722_070000.wav",5,10,-1.2863559
2171,"Test","PAA02_20240722_070000.wav",50,55,-0.9340613
2172,"Test","PAA02_20240722_070000.wav",55,60,-0.8636859
2173,"Test","PAA02_20240722_140000.wav",0,5,-0.95772165
2175,"Test","PAA02_20240722_140000.wav",10,15,-1.0058519
2176,"Test","PAA02_20240722_140000.wav",15,20,2.243608
2177,"Test","PAA02_20240722_140000.wav",20,25,-1.1027744
2178,"Test","PAA02_20240722_140000.wav",25,30,-1.0299598
2179,"Test","PAA02_20240722_140000.wav",30,35,-0.8115341
2180,"Test","PAA02_20240722_140000.wav",35,40,-1.0623091
2181,"Test","PAA02_20240722_140000.wav",40,45,1.0299263
2182,"Test","PAA02_20240722_140000.wav",45,50,-1.3254883
2174,"Test","PAA02_20240722_140000.wav",5,10,-0.8641467
2183,"Test","PAA02_20240722_140000.wav",50,55,-1.3712054
2184,"Test","PAA02_20240722_140000.wav",55,60,-1.406569
2185,"Test","PPA01_20240605_070000.wav",0,5,-1.6444585
2187,"Test","PPA01_20240605_070000.wav",10,15,-1.6068771
2188,"Test","PPA01_20240605_070000.wav",15,20,-1.4525783
2189,"Test","PPA01_20240605_070000.wav",20,25,-1.3627818
2190,"Test","PPA01_20240605_070000.wav",25,30,-1.456995
2191,"Test","PPA01_20240605_070000.wav",30,35,-1.1504393
2192,"Test","PPA01_20240605_070000.wav",35,40,-1.4339707
2193,"Test","PPA01_20240605_070000.wav",40,45,-1.3993683
2194,"Test","PPA01_20240605_070000.wav",45,50,-1.054529
2186,"Test","PPA01_20240605_070000.wav",5,10,-1.5322443
2195,"Test","PPA01_20240605_070000.wav",50,55,-1.3986185
2196,"Test","PPA01_20240605_070000.wav",55,60,-1.4251738
2197,"Test","PPA01_20240606_170000.wav",0,5,-1.5560967
2199,"Test","PPA01_20240606_170000.wav",10,15,-1.3868032
2200,"Test","PPA01_20240606_170000.wav",15,20,-1.5222642
2201,"Test","PPA01_20240606_170000.wav",20,25,-1.3278868
2202,"Test","PPA01_20240606_170000.wav",25,30,-1.4026351
2203,"Test","PPA01_20240606_170000.wav",30,35,-1.4544713
2204,"Test","PPA01_20240606_170000.wav",35,40,-1.432632
2205,"Test","PPA01_20240606_170000.wav",40,45,-1.5240409
2206,"Test","PPA01_20240606_170000.wav",45,50,-1.4701543
2198,"Test","PPA01_20240606_170000.wav",5,10,-1.3696337
2207,"Test","PPA01_20240606_170000.wav",50,55,-1.4011937
2208,"Test","PPA01_20240606_170000.wav",55,60,-1.4682953
2209,"Test","PPA01_20240620_160000.wav",0,5,-1.7862108
2211,"Test","PPA01_20240620_160000.wav",10,15,-1.7691379
2212,"Test","PPA01_20240620_160000.wav",15,20,-1.8381066
2213,"Test","PPA01_20240620_160000.wav",20,25,-1.8434374
2214,"Test","PPA01_20240620_160000.wav",25,30,-1.7391261
2215,"Test","PPA01_20240620_160000.wav",30,35,-1.8172472
2216,"Test","PPA01_20240620_160000.wav",35,40,-1.8562887
2217,"Test","PPA01_20240620_160000.wav",40,45,-1.8640462
2218,"Test","PPA01_20240620_160000.wav",45,50,-1.8416126
2210,"Test","PPA01_20240620_160000.wav",5,10,-1.5394812
2219,"Test","PPA01_20240620_160000.wav",50,55,-1.6817973
2220,"Test","PPA01_20240620_160000.wav",55,60,-1.827108
2221,"Test","PPA01_20240703_130000.wav",0,5,-1.4647987
2223,"Test","PPA01_20240703_130000.wav",10,15,-1.4482858
2224,"Test","PPA01_20240703_130000.wav",15,20,-1.778073
2225,"Test","PPA01_20240703_130000.wav",20,25,-1.2827866
2226,"Test","PPA01_20240703_130000.wav",25,30,-1.3339739
2227,"Test","PPA01_20240703_130000.wav",30,35,-1.7734084
2228,"Test","PPA01_20240703_130000.wav",35,40,-1.2577207
2229,"Test","PPA01_20240703_130000.wav",40,45,-1.1549513
2230,"Test","PPA01_20240703_130000.wav",45,50,-1.4532471
2222,"Test","PPA01_20240703_130000.wav",5,10,-1.4460857
2231,"Test","PPA01_20240703_130000.wav",50,55,-1.0151439
2232,"Test","PPA01_20240703_130000.wav",55,60,-1.246901
2233,"Test","PPA01_20240712_060000.wav",0,5,-1.2744179
2235,"Test","PPA01_20240712_060000.wav",10,15,-1.4511443
2236,"Test","PPA01_20240712_060000.wav",15,20,-1.6216229
2237,"Test","PPA01_20240712_060000.wav",20,25,-1.7327857
2238,"Test","PPA01_20240712_060000.wav",25,30,-1.8681843
2239,"Test","PPA01_20240712_060000.wav",30,35,-1.790303
2240,"Test","PPA01_20240712_060000.wav",35,40,-1.6233721
2241,"Test","PPA01_20240712_060000.wav",40,45,-1.4870467
2242,"Test","PPA01_20240712_060000.wav",45,50,-1.904097
2234,"Test","PPA01_20240712_060000.wav",5,10,-1.5084772
2243,"Test","PPA01_20240712_060000.wav",50,55,-1.6269122
2244,"Test","PPA01_20240712_060000.wav",55,60,-1.7264156
2245,"Test","PPA01_20240719_130000.wav",0,5,-1.0780507
2247,"Test","PPA01_20240719_130000.wav",10,15,-1.8196566
2248,"Test","PPA01_20240719_130000.wav",15,20,-1.4612588
2249,"Test","PPA01_20240719_130000.wav",20,25,-1.2224183
2250,"Test","PPA01_20240719_130000.wav",25,30,-1.430793
2251,"Test","PPA01_20240719_130000.wav",30,35,-1.269941
2252,"Test","PPA01_20240719_130000.wav",35,40,-1.2323798
2253,"Test","PPA01_20240719_130000.wav",40,45,-1.6962818
2254,"Test","PPA01_20240719_130000.wav",45,50,-1.482383
2246,"Test","PPA01_20240719_130000.wav",5,10,-1.1260458
2255,"Test","PPA01_20240719_130000.wav",50,55,-1.3662009
2256,"Test","PPA01_20240719_130000.wav",55,60,-1.462248
2257,"Test","RNM35_20240603_100000.wav",0,5,-1.2843031
2259,"Test","RNM35_20240603_100000.wav",10,15,-1.2696521
2260,"Test","RNM35_20240603_100000.wav",15,20,1.4998
2261,"Test","RNM35_20240603_100000.wav",20,25,-1.1069107
2262,"Test","RNM35_20240603_100000.wav",25,30,-1.0783134
2263,"Test","RNM35_20240603_100000.wav",30,35,-1.2297671
2264,"Test","RNM35_20240603_100000.wav",35,40,-0.43976498
2265,"Test","RNM35_20240603_100000.wav",40,45,-0.12516078
2266,"Test","RNM35_20240603_100000.wav",45,50,-0.92232645
2258,"Test","RNM35_20240603_100000.wav",5,10,-0.9925446
2267,"Test","RNM35_20240603_100000.wav",50,55,-0.77019304
2268,"Test","RNM35_20240603_100000.wav",55,60,-0.9696863
2269,"Test","RNM35_20240607_140000.wav",0,5,-1.2801394
2271,"Test","RNM35_20240607_140000.wav",10,15,-1.584247
2272,"Test","RNM35_20240607_140000.wav",15,20,-1.2539719
2273,"Test","RNM35_20240607_140000.wav",20,25,-0.92246014
2274,"Test","RNM35_20240607_140000.wav",25,30,0.56596553
2275,"Test","RNM35_20240607_140000.wav",30,35,-0.34448463
2276,"Test","RNM35_20240607_140000.wav",35,40,-1.7513709
2277,"Test","RNM35_20240607_140000.wav",40,45,-0.3766939
2278,"Test","RNM35_20240607_140000.wav",45,50,-1.6411886
2270,"Test","RNM35_20240607_140000.wav",5,10,-0.067706965
2279,"Test","RNM35_20240607_140000.wav",50,55,-1.274115
2280,"Test","RNM35_20240607_140000.wav",55,60,-1.0282035
2281,"Test","RNM35_20240613_100000.wav",0,5,-1.3959477
2283,"Test","RNM35_20240613_100000.wav",10,15,-0.59017915
2284,"Test","RNM35_20240613_100000.wav",15,20,-1.1150758
2285,"Test","RNM35_20240613_100000.wav",20,25,-1.4570963
2286,"Test","RNM35_20240613_100000.wav",25,30,-1.0493308
2287,"Test","RNM35_20240613_100000.wav",30,35,-1.1959789
2288,"Test","RNM35_20240613_100000.wav",35,40,-1.1385567
2289,"Test","RNM35_20240613_100000.wav",40,45,-1.8550026
2290,"Test","RNM35_20240613_100000.wav",45,50,-1.4086704
2282,"Test","RNM35_20240613_100000.wav",5,10,-0.86079395
2291,"Test","RNM35_20240613_100000.wav",50,55,-1.1921823
2292,"Test","RNM35_20240613_100000.wav",55,60,-1.6586256
2293,"Test","RNM35_20240615_130000.wav",0,5,-0.8727192
2295,"Test","RNM35_20240615_130000.wav",10,15,-0.9170349
2296,"Test","RNM35_20240615_130000.wav",15,20,1.0373614
2297,"Test","RNM35_20240615_130000.wav",20,25,-0.8043662
2298,"Test","RNM35_20240615_130000.wav",25,30,-0.9078368
2299,"Test","RNM35_20240615_130000.wav",30,35,-0.97282714
2300,"Test","RNM35_20240615_130000.wav",35,40,-0.93790966
2301,"Test","RNM35_20240615_130000.wav",40,45,-0.73805374
2302,"Test","RNM35_20240615_130000.wav",45,50,-0.8727746
2294,"Test","RNM35_20240615_130000.wav",5,10,-0.57438666
2303,"Test","RNM35_20240615_130000.wav",50,55,-0.82930285
2304,"Test","RNM35_20240615_130000.wav",55,60,-1.0092424
2305,"Test","RNM35_20240615_150000.wav",0,5,-0.46630585
2307,"Test","RNM35_20240615_150000.wav",10,15,-1.2996625
2308,"Test","RNM35_20240615_150000.wav",15,20,-1.629612
2309,"Test","RNM35_20240615_150000.wav",20,25,-1.4148674
2310,"Test","RNM35_20240615_150000.wav",25,30,-1.2913611
2311,"Test","RNM35_20240615_150000.wav",30,35,-1.3278786
2312,"Test","RNM35_20240615_150000.wav",35,40,-1.5719551
2313,"Test","RNM35_20240615_150000.wav",40,45,-1.682073
2314,"Test","RNM35_20240615_150000.wav",45,50,-1.7267301
2306,"Test","RNM35_20240615_150000.wav",5,10,-1.6702998
2315,"Test","RNM35_20240615_150000.wav",50,55,-1.470752
2316,"Test","RNM35_20240615_150000.wav",55,60,-1.2550814
2317,"Test","RNM35_20240617_060000.wav",0,5,-1.0137751
2319,"Test","RNM35_20240617_060000.wav",10,15,-0.9206132
2320,"Test","RNM35_20240617_060000.wav",15,20,-0.69828933
2321,"Test","RNM35_20240617_060000.wav",20,25,0.22680466
2322,"Test","RNM35_20240617_060000.wav",25,30,-0.6683623
2323,"Test","RNM35_20240617_060000.wav",30,35,-1.1551719
2324,"Test","RNM35_20240617_060000.wav",35,40,-0.69240075
2325,"Test","RNM35_20240617_060000.wav",40,45,-0.6530617
2326,"Test","RNM35_20240617_060000.wav",45,50,-0.77183324
2318,"Test","RNM35_20240617_060000.wav",5,10,-0.9133601
2327,"Test","RNM35_20240617_060000.wav",50,55,-0.9869033
2328,"Test","RNM35_20240617_060000.wav",55,60,-0.6004408
2329,"Test","RNM35_20240617_090000.wav",0,5,-1.1686149
2331,"Test","RNM35_20240617_090000.wav",10,15,-0.83218557
2332,"Test","RNM35_20240617_090000.wav",15,20,-1.1872065
2333,"Test","RNM35_20240617_090000.wav",20,25,-1.0011976
2334,"Test","RNM35_20240617_090000.wav",25,30,-0.9399509
2335,"Test","RNM35_20240617_090000.wav",30,35,-1.7328956
2336,"Test","RNM35_20240617_090000.wav",35,40,-1.5632715
2337,"Test","RNM35_20240617_090000.wav",40,45,-1.417958
2338,"Test","RNM35_20240617_090000.wav",45,50,-1.3306077
2330,"Test","RNM35_20240617_090000.wav",5,10,-1.2529656
2339,"Test","RNM35_20240617_090000.wav",50,55,-1.393332
2340,"Test","RNM35_20240617_090000.wav",55,60,-1.1015718
2341,"Test","RNM35_20240617_110000.wav",0,5,-1.2339158
2343,"Test","RNM35_20240617_110000.wav",10,15,-1.268654
2344,"Test","RNM35_20240617_110000.wav",15,20,-1.360203
2345,"Test","RNM35_20240617_110000.wav",20,25,-1.5081434
2346,"Test","RNM35_20240617_110000.wav",25,30,-1.3745041
2347,"Test","RNM35_20240617_110000.wav",30,35,-1.5413204
2348,"Test","RNM35_20240617_110000.wav",35,40,-1.2279787
2349,"Test","RNM35_20240617_110000.wav",40,45,-1.0141895
2350,"Test","RNM35_20240617_110000.wav",45,50,-1.2756184
2342,"Test","RNM35_20240617_110000.wav",5,10,-0.85746056
2351,"Test","RNM35_20240617_110000.wav",50,55,-1.4824727
2352,"Test","RNM35_20240617_110000.wav",55,60,-1.3627318
2353,"Test","RNM35_20240617_120000.wav",0,5,0.54487795
2355,"Test","RNM35_20240617_120000.wav",10,15,-0.6002191
2356,"Test","RNM35_20240617_120000.wav",15,20,-0.9114642
2357,"Test","RNM35_20240617_120000.wav",20,25,-1.0609573
2358,"Test","RNM35_20240617_120000.wav",25,30,1.8488907
2359,"Test","RNM35_20240617_120000.wav",30,35,-1.1598761
2360,"Test","RNM35_20240617_120000.wav",35,40,-1.2867514
2361,"Test","RNM35_20240617_120000.wav",40,45,-0.6732849
2362,"Test","RNM35_20240617_120000.wav",45,50,-1.1402862
2354,"Test","RNM35_20240617_120000.wav",5,10,-1.0273795
2363,"Test","RNM35_20240617_120000.wav",50,55,2.0544803
2364,"Test","RNM35_20240617_120000.wav",55,60,-1.3169065
2365,"Test","RNM35_20240617_130000.wav",0,5,-1.1910255
2367,"Test","RNM35_20240617_130000.wav",10,15,2.365291
2368,"Test","RNM35_20240617_130000.wav",15,20,-1.1812104
2369,"Test","RNM35_20240617_130000.wav",20,25,-0.61760896
2370,"Test","RNM35_20240617_130000.wav",25,30,-0.89261085
2371,"Test","RNM35_20240617_130000.wav",30,35,2.2904189
2372,"Test","RNM35_20240617_130000.wav",35,40,-0.72066647
2373,"Test","RNM35_20240617_130000.wav",40,45,-0.9275233
2374,"Test","RNM35_20240617_130000.wav",45,50,-0.65084666
2366,"Test","RNM35_20240617_130000.wav",5,10,-0.98366636
2375,"Test","RNM35_20240617_130000.wav",50,55,0.5619659
2376,"Test","RNM35_20240617_130000.wav",55,60,-0.57703346
2377,"Test","RNM35_20240619_080000.wav",0,5,-1.128052
2379,"Test","RNM35_20240619_080000.wav",10,15,0.22912069
2380,"Test","RNM35_20240619_080000.wav",15,20,-0.48075783
2381,"Test","RNM35_20240619_080000.wav",20,25,1.365918
2382,"Test","RNM35_20240619_080000.wav",25,30,-1.2611693
2383,"Test","RNM35_20240619_080000.wav",30,35,1.0445025
2384,"Test","RNM35_20240619_080000.wav",35,40,2.0577488
2385,"Test","RNM35_20240619_080000.wav",40,45,1.7842717
2386,"Test","RNM35_20240619_080000.wav",45,50,-0.71433127
2378,"Test","RNM35_20240619_080000.wav",5,10,1.5999999
2387,"Test","RNM35_20240619_080000.wav",50,55,1.8710074
2388,"Test","RNM35_20240619_080000.wav",55,60,-0.6392617
2389,"Test","RNM35_20240619_090000.wav",0,5,1.480705
2391,"Test","RNM35_20240619_090000.wav",10,15,0.6315343
2392,"Test","RNM35_20240619_090000.wav",15,20,0.35206908
2393,"Test","RNM35_20240619_090000.wav",20,25,0.6528122
2394,"Test","RNM35_20240619_090000.wav",25,30,-1.0510898
2395,"Test","RNM35_20240619_090000.wav",30,35,-0.6687451
2396,"Test","RNM35_20240619_090000.wav",35,40,1.4759727
2397,"Test","RNM35_20240619_090000.wav",40,45,-1.0275058
2398,"Test","RNM35_20240619_090000.wav",45,50,0.87316346
2390,"Test","RNM35_20240619_090000.wav",5,10,-0.6028736
2399,"Test","RNM35_20240619_090000.wav",50,55,-0.18775108
2400,"Test","RNM35_20240619_090000.wav",55,60,0.33993423
2401,"Test","RNM35_20240619_110000.wav",0,5,1.333039
2403,"Test","RNM35_20240619_110000.wav",10,15,0.82714254
2404,"Test","RNM35_20240619_110000.wav",15,20,-1.0472393
2405,"Test","RNM35_20240619_110000.wav",20,25,-0.30300575
2406,"Test","RNM35_20240619_110000.wav",25,30,-0.76729625
2407,"Test","RNM35_20240619_110000.wav",30,35,-1.2086123
2408,"Test","RNM35_20240619_110000.wav",35,40,-0.6438773
2409,"Test","RNM35_20240619_110000.wav",40,45,-0.8334463
2410,"Test","RNM35_20240619_110000.wav",45,50,-0.7535051
2402,"Test","RNM35_20240619_110000.wav",5,10,-0.7305539
2411,"Test","RNM35_20240619_110000.wav",50,55,1.2553853
2412,"Test","RNM35_20240619_110000.wav",55,60,-1.1047764
2413,"Test","RNM35_20240619_150000.wav",0,5,-0.98688155
2415,"Test","RNM35_20240619_150000.wav",10,15,-0.9550459
2416,"Test","RNM35_20240619_150000.wav",15,20,-0.7069709
2417,"Test","RNM35_20240619_150000.wav",20,25,-1.1595428
2418,"Test","RNM35_20240619_150000.wav",25,30,0.46465188
2419,"Test","RNM35_20240619_150000.wav",30,35,0.715334
2420,"Test","RNM35_20240619_150000.wav",35,40,-0.7702113
2421,"Test","RNM35_20240619_150000.wav",40,45,-0.74775344
2422,"Test","RNM35_20240619_150000.wav",45,50,1.1474901
2414,"Test","RNM35_20240619_150000.wav",5,10,-0.8738426
2423,"Test","RNM35_20240619_150000.wav",50,55,-0.8658803
2424,"Test","RNM35_20240619_150000.wav",55,60,-1.348834
2425,"Test","RNM35_20240621_110000.wav",0,5,-1.0675483
2427,"Test","RNM35_20240621_110000.wav",10,15,0.15106101
2428,"Test","RNM35_20240621_110000.wav",15,20,0.788684
2429,"Test","RNM35_20240621_110000.wav",20,25,-0.9391826
2430,"Test","RNM35_20240621_110000.wav",25,30,-1.1821618
2431,"Test","RNM35_20240621_110000.wav",30,35,-1.1968557
2432,"Test","RNM35_20240621_110000.wav",35,40,-1.097909
2433,"Test","RNM35_20240621_110000.wav",40,45,0.039611235
2434,"Test","RNM35_20240621_110000.wav",45,50,-1.3316733
2426,"Test","RNM35_20240621_110000.wav",5,10,-1.044266
2435,"Test","RNM35_20240621_110000.wav",50,55,-1.1142827
2436,"Test","RNM35_20240621_110000.wav",55,60,0.8085142
2437,"Test","RNM35_20240621_150000.wav",0,5,-1.5933573
2439,"Test","RNM35_20240621_150000.wav",10,15,1.3276567
2440,"Test","RNM35_20240621_150000.wav",15,20,0.19032957
2441,"Test","RNM35_20240621_150000.wav",20,25,-1.2227551
2442,"Test","RNM35_20240621_150000.wav",25,30,-0.28861976
2443,"Test","RNM35_20240621_150000.wav",30,35,-1.2670405
2444,"Test","RNM35_20240621_150000.wav",35,40,-1.5545387
2445,"Test","RNM35_20240621_150000.wav",40,45,1.1436801
2446,"Test","RNM35_20240621_150000.wav",45,50,-1.1162344
2438,"Test","RNM35_20240621_150000.wav",5,10,-1.5547159
2447,"Test","RNM35_20240621_150000.wav",50,55,-1.7114732
2448,"Test","RNM35_20240621_150000.wav",55,60,-1.340687
2449,"Test","RNM35_20240623_060000.wav",0,5,0.6560506
2451,"Test","RNM35_20240623_060000.wav",10,15,1.4411639
2452,"Test","RNM35_20240623_060000.wav",15,20,-0.53158474
2453,"Test","RNM35_20240623_060000.wav",20,25,-0.09691227
2454,"Test","RNM35_20240623_060000.wav",25,30,1.0232558
2455,"Test","RNM35_20240623_060000.wav",30,35,-0.5867994
2456,"Test","RNM35_20240623_060000.wav",35,40,-0.24325736
2457,"Test","RNM35_20240623_060000.wav",40,45,-0.32640618
2458,"Test","RNM35_20240623_060000.wav",45,50,-0.6739691
2450,"Test","RNM35_20240623_060000.wav",5,10,-0.27354428
2459,"Test","RNM35_20240623_060000.wav",50,55,-0.53968936
2460,"Test","RNM35_20240623_060000.wav",55,60,0.9710303
2461,"Test","RNM35_20240623_100000.wav",0,5,-0.017454758
2463,"Test","RNM35_20240623_100000.wav",10,15,-1.344943
2464,"Test","RNM35_20240623_100000.wav",15,20,-1.1337335
2465,"Test","RNM35_20240623_100000.wav",20,25,0.18237801
2466,"Test","RNM35_20240623_100000.wav",25,30,0.31152052
2467,"Test","RNM35_20240623_100000.wav",30,35,-1.0772431
2468,"Test","RNM35_20240623_100000.wav",35,40,-0.9717872
2469,"Test","RNM35_20240623_100000.wav",40,45,1.836289
2470,"Test","RNM35_20240623_100000.wav",45,50,0.35394132
2462,"Test","RNM35_20240623_100000.wav",5,10,-1.3781213
2471,"Test","RNM35_20240623_100000.wav",50,55,-1.2586457
2472,"Test","RNM35_20240623_100000.wav",55,60,-1.0432266
2473,"Test","RNM35_20240623_110000.wav",0,5,-0.53946716
2475,"Test","RNM35_20240623_110000.wav",10,15,-0.4972688
2476,"Test","RNM35_20240623_110000.wav",15,20,0.70383304
2477,"Test","RNM35_20240623_110000.wav",20,25,-0.40994275
2478,"Test","RNM35_20240623_110000.wav",25,30,2.2642531
2479,"Test","RNM35_20240623_110000.wav",30,35,0.34060544
2480,"Test","RNM35_20240623_110000.wav",35,40,-1.078474
2481,"Test","RNM35_20240623_110000.wav",40,45,-0.8469519
2482,"Test","RNM35_20240623_110000.wav",45,50,-0.94733924
2474,"Test","RNM35_20240623_110000.wav",5,10,-0.61548454
2483,"Test","RNM35_20240623_110000.wav",50,55,1.1568544
2484,"Test","RNM35_20240623_110000.wav",55,60,0.6166473
2485,"Test","RNM35_20240623_150000.wav",0,5,-0.7910803
2487,"Test","RNM35_20240623_150000.wav",10,15,-1.4772273
2488,"Test","RNM35_20240623_150000.wav",15,20,-1.2519999
2489,"Test","RNM35_20240623_150000.wav",20,25,-0.8564561
2490,"Test","RNM35_20240623_150000.wav",25,30,-1.1772614
2491,"Test","RNM35_20240623_150000.wav",30,35,-1.5562475
2492,"Test","RNM35_20240623_150000.wav",35,40,1.4784317
2493,"Test","RNM35_20240623_150000.wav",40,45,-1.7026845
2494,"Test","RNM35_20240623_150000.wav",45,50,-0.51798683
2486,"Test","RNM35_20240623_150000.wav",5,10,1.8949575
2495,"Test","RNM35_20240623_150000.wav",50,55,-1.5682286
2496,"Test","RNM35_20240623_150000.wav",55,60,-1.6972384
2497,"Test","RNM35_20240625_070000.wav",0,5,1.2678475
2499,"Test","RNM35_20240625_070000.wav",10,15,-0.9447937
2500,"Test","RNM35_20240625_070000.wav",15,20,-0.6235507
2501,"Test","RNM35_20240625_070000.wav",20,25,0.008998647
2502,"Test","RNM35_20240625_070000.wav",25,30,0.67517215
2503,"Test","RNM35_20240625_070000.wav",30,35,0.42912394
2504,"Test","RNM35_20240625_070000.wav",35,40,-0.6799429
2505,"Test","RNM35_20240625_070000.wav",40,45,-0.7779693
2506,"Test","RNM35_20240625_070000.wav",45,50,-0.5608856
2498,"Test","RNM35_20240625_070000.wav",5,10,-0.42208147
2507,"Test","RNM35_20240625_070000.wav",50,55,-0.5677035
2508,"Test","RNM35_20240625_070000.wav",55,60,-0.02058559
2509,"Test","RNM35_20240625_100000.wav",0,5,-0.96963227
2511,"Test","RNM35_20240625_100000.wav",10,15,-0.85904634
2512,"Test","RNM35_20240625_100000.wav",15,20,-0.26833832
2513,"Test","RNM35_20240625_100000.wav",20,25,-0.7825929
2514,"Test","RNM35_20240625_100000.wav",25,30,-0.75848144
2515,"Test","RNM35_20240625_100000.wav",30,35,-0.6030007
2516,"Test","RNM35_20240625_100000.wav",35,40,-0.71113455
2517,"Test","RNM35_20240625_100000.wav",40,45,-0.7252551
2518,"Test","RNM35_20240625_100000.wav",45,50,-0.1452901
2510,"Test","RNM35_20240625_100000.wav",5,10,-1.1788294
2519,"Test","RNM35_20240625_100000.wav",50,55,0.49645323
2520,"Test","RNM35_20240625_100000.wav",55,60,-1.1590675
2521,"Test","RNM35_20240627_060000.wav",0,5,-0.7097197
2523,"Test","RNM35_20240627_060000.wav",10,15,0.9610576
2524,"Test","RNM35_20240627_060000.wav",15,20,-0.121745825
2525,"Test","RNM35_20240627_060000.wav",20,25,-0.56040585
2526,"Test","RNM35_20240627_060000.wav",25,30,0.9313466
2527,"Test","RNM35_20240627_060000.wav",30,35,1.1215794
2528,"Test","RNM35_20240627_060000.wav",35,40,-0.5946302
2529,"Test","RNM35_20240627_060000.wav",40,45,-0.28971195
2530,"Test","RNM35_20240627_060000.wav",45,50,-0.8162791
2522,"Test","RNM35_20240627_060000.wav",5,10,-0.7198348
2531,"Test","RNM35_20240627_060000.wav",50,55,0.03389977
2532,"Test","RNM35_20240627_060000.wav",55,60,-0.7482899
2533,"Test","RNM35_20240629_070000.wav",0,5,-0.7080111
2535,"Test","RNM35_20240629_070000.wav",10,15,0.7378815
2536,"Test","RNM35_20240629_070000.wav",15,20,0.6967202
2537,"Test","RNM35_20240629_070000.wav",20,25,1.2002797
2538,"Test","RNM35_20240629_070000.wav",25,30,0.109026015
2539,"Test","RNM35_20240629_070000.wav",30,35,-0.38113254
2540,"Test","RNM35_20240629_070000.wav",35,40,-0.8075031
2541,"Test","RNM35_20240629_070000.wav",40,45,-0.004197381
2542,"Test","RNM35_20240629_070000.wav",45,50,0.5449229
2534,"Test","RNM35_20240629_070000.wav",5,10,2.1967492
2543,"Test","RNM35_20240629_070000.wav",50,55,0.8762391
2544,"Test","RNM35_20240629_070000.wav",55,60,-0.34565592
2545,"Test","RNM35_20240629_080000.wav",0,5,0.7095757
2547,"Test","RNM35_20240629_080000.wav",10,15,-0.79521495
2548,"Test","RNM35_20240629_080000.wav",15,20,-0.6722276
2549,"Test","RNM35_20240629_080000.wav",20,25,-1.0085963
2550,"Test","RNM35_20240629_080000.wav",25,30,-0.9864386
2551,"Test","RNM35_20240629_080000.wav",30,35,-0.8762652
2552,"Test","RNM35_20240629_080000.wav",35,40,-0.345631
2553,"Test","RNM35_20240629_080000.wav",40,45,-1.2749288
2554,"Test","RNM35_20240629_080000.wav",45,50,-0.76241046
2546,"Test","RNM35_20240629_080000.wav",5,10,-1.2602895
2555,"Test","RNM35_20240629_080000.wav",50,55,-1.2321355
2556,"Test","RNM35_20240629_080000.wav",55,60,0.20055564
2557,"Test","RNM35_20240701_100000.wav",0,5,-0.92382675
2559,"Test","RNM35_20240701_100000.wav",10,15,-0.9696577
2560,"Test","RNM35_20240701_100000.wav",15,20,-0.1951281
2561,"Test","RNM35_20240701_100000.wav",20,25,-1.1840708
2562,"Test","RNM35_20240701_100000.wav",25,30,1.6860595
2563,"Test","RNM35_20240701_100000.wav",30,35,-0.7468769
2564,"Test","RNM35_20240701_100000.wav",35,40,1.7896316
2565,"Test","RNM35_20240701_100000.wav",40,45,-0.9129078
2566,"Test","RNM35_20240701_100000.wav",45,50,-0.8802642
2558,"Test","RNM35_20240701_100000.wav",5,10,-1.162503
2567,"Test","RNM35_20240701_100000.wav",50,55,-1.1107349
2568,"Test","RNM35_20240701_100000.wav",55,60,-1.1177185
2569,"Test","RNM35_20240701_110000.wav",0,5,-0.620075
2571,"Test","RNM35_20240701_110000.wav",10,15,-0.66208494
2572,"Test","RNM35_20240701_110000.wav",15,20,-0.5932761
2573,"Test","RNM35_20240701_110000.wav",20,25,0.79532784
2574,"Test","RNM35_20240701_110000.wav",25,30,-0.7286388
2575,"Test","RNM35_20240701_110000.wav",30,35,-0.5650099
2576,"Test","RNM35_20240701_110000.wav",35,40,-0.8103122
2577,"Test","RNM35_20240701_110000.wav",40,45,-0.72412705
2578,"Test","RNM35_20240701_110000.wav",45,50,-0.60837847
2570,"Test","RNM35_20240701_110000.wav",5,10,-0.87687206
2579,"Test","RNM35_20240701_110000.wav",50,55,-0.7444586
2580,"Test","RNM35_20240701_110000.wav",55,60,0.91093475
2581,"Test","RNM35_20240703_090000.wav",0,5,-0.9690327
2583,"Test","RNM35_20240703_090000.wav",10,15,1.6262765
2584,"Test","RNM35_20240703_090000.wav",15,20,-0.22338024
2585,"Test","RNM35_20240703_090000.wav",20,25,0.21607216
2586,"Test","RNM35_20240703_090000.wav",25,30,-0.717428
2587,"Test","RNM35_20240703_090000.wav",30,35,-0.38147283
2588,"Test","RNM35_20240703_090000.wav",35,40,0.74467736
2589,"Test","RNM35_20240703_090000.wav",40,45,-0.3099845
2590,"Test","RNM35_20240703_090000.wav",45,50,-0.7350872
2582,"Test","RNM35_20240703_090000.wav",5,10,-0.69091004
2591,"Test","RNM35_20240703_090000.wav",50,55,-0.81341827
2592,"Test","RNM35_20240703_090000.wav",55,60,-0.9492424
2593,"Test","RNM35_20240703_120000.wav",0,5,0.097018406
2595,"Test","RNM35_20240703_120000.wav",10,15,-0.94215804
2596,"Test","RNM35_20240703_120000.wav",15,20,-0.88461137
2597,"Test","RNM35_20240703_120000.wav",20,25,-0.9724089
2598,"Test","RNM35_20240703_120000.wav",25,30,-1.2292324
2599,"Test","RNM35_20240703_120000.wav",30,35,-0.2227568
2600,"Test","RNM35_20240703_120000.wav",35,40,-1.1426201
2601,"Test","RNM35_20240703_120000.wav",40,45,-0.87872756
2602,"Test","RNM35_20240703_120000.wav",45,50,-0.8388771
2594,"Test","RNM35_20240703_120000.wav",5,10,-0.7600257
2603,"Test","RNM35_20240703_120000.wav",50,55,-0.8962193
2604,"Test","RNM35_20240703_120000.wav",55,60,-0.94409376
2605,"Test","RNM35_20240703_130000.wav",0,5,2.063449
2607,"Test","RNM35_20240703_130000.wav",10,15,-0.9481892
2608,"Test","RNM35_20240703_130000.wav",15,20,-0.8093987
2609,"Test","RNM35_20240703_130000.wav",20,25,0.99764735
2610,"Test","RNM35_20240703_130000.wav",25,30,0.21317936
2611,"Test","RNM35_20240703_130000.wav",30,35,-0.97015566
2612,"Test","RNM35_20240703_130000.wav",35,40,0.12414846
2613,"Test","RNM35_20240703_130000.wav",40,45,0.07174656
2614,"Test","RNM35_20240703_130000.wav",45,50,0.9419746
2606,"Test","RNM35_20240703_130000.wav",5,10,-0.078804
2615,"Test","RNM35_20240703_130000.wav",50,55,-0.77962357
2616,"Test","RNM35_20240703_130000.wav",55,60,-0.9548156
2617,"Test","RNM35_20240703_140000.wav",0,5,0.17772491
2619,"Test","RNM35_20240703_140000.wav",10,15,-1.1002367
2620,"Test","RNM35_20240703_140000.wav",15,20,0.12978238
2621,"Test","RNM35_20240703_140000.wav",20,25,-0.67606
2622,"Test","RNM35_20240703_140000.wav",25,30,-0.23303266
2623,"Test","RNM35_20240703_140000.wav",30,35,1.8339739
2624,"Test","RNM35_20240703_140000.wav",35,40,-0.68293035
2625,"Test","RNM35_20240703_140000.wav",40,45,-0.7758272
2626,"Test","RNM35_20240703_140000.wav",45,50,-0.4877231
2618,"Test","RNM35_20240703_140000.wav",5,10,-0.57541114
2627,"Test","RNM35_20240703_140000.wav",50,55,-0.67170763
2628,"Test","RNM35_20240703_140000.wav",55,60,0.23876311
2629,"Test","RNM35_20240703_150000.wav",0,5,0.7162275
2631,"Test","RNM35_20240703_150000.wav",10,15,1.9051063
2632,"Test","RNM35_20240703_150000.wav",15,20,-1.2976063
2633,"Test","RNM35_20240703_150000.wav",20,25,-0.54338366
2634,"Test","RNM35_20240703_150000.wav",25,30,-0.035720155
2635,"Test","RNM35_20240703_150000.wav",30,35,-0.022810832
2636,"Test","RNM35_20240703_150000.wav",35,40,-0.77289075
2637,"Test","RNM35_20240703_150000.wav",40,45,-1.1002134
2638,"Test","RNM35_20240703_150000.wav",45,50,-0.6676646
2630,"Test","RNM35_20240703_150000.wav",5,10,1.5726964
2639,"Test","RNM35_20240703_150000.wav",50,55,0.28852206
2640,"Test","RNM35_20240703_150000.wav",55,60,-0.6013536
2641,"Test","RNM35_20240705_070000.wav",0,5,-0.6024129
2643,"Test","RNM35_20240705_070000.wav",10,15,1.33884
2644,"Test","RNM35_20240705_070000.wav",15,20,0.8955502
2645,"Test","RNM35_20240705_070000.wav",20,25,-0.009266093
2646,"Test","RNM35_20240705_070000.wav",25,30,-1.0226486
2647,"Test","RNM35_20240705_070000.wav",30,35,1.4927993
2648,"Test","RNM35_20240705_070000.wav",35,40,2.1860843
2649,"Test","RNM35_20240705_070000.wav",40,45,1.6890321
2650,"Test","RNM35_20240705_070000.wav",45,50,-0.89950794
2642,"Test","RNM35_20240705_070000.wav",5,10,-0.5058699
2651,"Test","RNM35_20240705_070000.wav",50,55,1.3983148
2652,"Test","RNM35_20240705_070000.wav",55,60,1.2068819
2653,"Test","RNM35_20240705_110000.wav",0,5,-0.8418202
2655,"Test","RNM35_20240705_110000.wav",10,15,-0.79221946
2656,"Test","RNM35_20240705_110000.wav",15,20,-0.54959255
2657,"Test","RNM35_20240705_110000.wav",20,25,0.97027737
2658,"Test","RNM35_20240705_110000.wav",25,30,0.5956228
2659,"Test","RNM35_20240705_110000.wav",30,35,-0.5986013
2660,"Test","RNM35_20240705_110000.wav",35,40,-0.61319244
2661,"Test","RNM35_20240705_110000.wav",40,45,-0.29399598
2662,"Test","RNM35_20240705_110000.wav",45,50,0.3990144
2654,"Test","RNM35_20240705_110000.wav",5,10,2.6670003
2663,"Test","RNM35_20240705_110000.wav",50,55,2.3903708
2664,"Test","RNM35_20240705_110000.wav",55,60,0.41056073
2665,"Test","RNM35_20240705_130000.wav",0,5,-1.2443604
2667,"Test","RNM35_20240705_130000.wav",10,15,-1.3322546
2668,"Test","RNM35_20240705_130000.wav",15,20,0.103587
2669,"Test","RNM35_20240705_130000.wav",20,25,-0.6064521
2670,"Test","RNM35_20240705_130000.wav",25,30,-1.2096524
2671,"Test","RNM35_20240705_130000.wav",30,35,0.18241526
2672,"Test","RNM35_20240705_130000.wav",35,40,-1.1987607
2673,"Test","RNM35_20240705_130000.wav",40,45,-1.3246803
2674,"Test","RNM35_20240705_130000.wav",45,50,-1.1178429
2666,"Test","RNM35_20240705_130000.wav",5,10,-0.7906073
2675,"Test","RNM35_20240705_130000.wav",50,55,-1.1153004
2676,"Test","RNM35_20240705_130000.wav",55,60,-1.2130573
2677,"Test","RNM35_20240705_150000.wav",0,5,-1.1510091
2679,"Test","RNM35_20240705_150000.wav",10,15,-1.252702
2680,"Test","RNM35_20240705_150000.wav",15,20,-1.0685779
2681,"Test","RNM35_20240705_150000.wav",20,25,-1.2938812
2682,"Test","RNM35_20240705_150000.wav",25,30,-1.15538
2683,"Test","RNM35_20240705_150000.wav",30,35,-1.014389
2684,"Test","RNM35_20240705_150000.wav",35,40,-0.44505697
2685,"Test","RNM35_20240705_150000.wav",40,45,-1.2955037
2686,"Test","RNM35_20240705_150000.wav",45,50,-0.34106085
2678,"Test","RNM35_20240705_150000.wav",5,10,0.94808453
2687,"Test","RNM35_20240705_150000.wav",50,55,-1.2201325
2688,"Test","RNM35_20240705_150000.wav",55,60,-0.77232325
2689,"Test","RNM35_20240707_130000.wav",0,5,-0.22349161
2691,"Test","RNM35_20240707_130000.wav",10,15,0.83532554
2692,"Test","RNM35_20240707_130000.wav",15,20,-1.0218667
2693,"Test","RNM35_20240707_130000.wav",20,25,0.8568348
2694,"Test","RNM35_20240707_130000.wav",25,30,1.0067654
2695,"Test","RNM35_20240707_130000.wav",30,35,-0.5020784
2696,"Test","RNM35_20240707_130000.wav",35,40,-0.08570123
2697,"Test","RNM35_20240707_130000.wav",40,45,0.18563785
2698,"Test","RNM35_20240707_130000.wav",45,50,-0.28126675
2690,"Test","RNM35_20240707_130000.wav",5,10,-0.6878552
2699,"Test","RNM35_20240707_130000.wav",50,55,0.6601307
2700,"Test","RNM35_20240707_130000.wav",55,60,-0.84306264
2701,"Test","RNM35_20240707_140000.wav",0,5,0.34796184
2703,"Test","RNM35_20240707_140000.wav",10,15,-0.7131194
2704,"Test","RNM35_20240707_140000.wav",15,20,1.766176
2705,"Test","RNM35_20240707_140000.wav",20,25,1.2191164
2706,"Test","RNM35_20240707_140000.wav",25,30,-1.1208732
2707,"Test","RNM35_20240707_140000.wav",30,35,0.25960505
2708,"Test","RNM35_20240707_140000.wav",35,40,0.47635674
2709,"Test","RNM35_20240707_140000.wav",40,45,-0.27141684
2710,"Test","RNM35_20240707_140000.wav",45,50,-0.9654897
2702,"Test","RNM35_20240707_140000.wav",5,10,-0.2151996
2711,"Test","RNM35_20240707_140000.wav",50,55,-0.7244111
2712,"Test","RNM35_20240707_140000.wav",55,60,-1.1297154
2713,"Test","RNM35_20240709_080000.wav",0,5,-0.7053133
2715,"Test","RNM35_20240709_080000.wav",10,15,-0.5481965
2716,"Test","RNM35_20240709_080000.wav",15,20,-1.0557851
2717,"Test","RNM35_20240709_080000.wav",20,25,-0.943604
2718,"Test","RNM35_20240709_080000.wav",25,30,-0.9611893
2719,"Test","RNM35_20240709_080000.wav",30,35,-0.6336908
2720,"Test","RNM35_20240709_080000.wav",35,40,-0.81907874
2721,"Test","RNM35_20240709_080000.wav",40,45,-0.45120537
2722,"Test","RNM35_20240709_080000.wav",45,50,-0.80186695
2714,"Test","RNM35_20240709_080000.wav",5,10,-0.7217933
2723,"Test","RNM35_20240709_080000.wav",50,55,-0.69515365
2724,"Test","RNM35_20240709_080000.wav",55,60,-0.87956053
2725,"Test","RNM35_20240709_090000.wav",0,5,0.527453
2727,"Test","RNM35_20240709_090000.wav",10,15,0.3929155
2728,"Test","RNM35_20240709_090000.wav",15,20,-0.15774341
2729,"Test","RNM35_20240709_090000.wav",20,25,-0.40425992
2730,"Test","RNM35_20240709_090000.wav",25,30,-0.50287616
2731,"Test","RNM35_20240709_090000.wav",30,35,1.1850246
2732,"Test","RNM35_20240709_090000.wav",35,40,-0.58772564
2733,"Test","RNM35_20240709_090000.wav",40,45,-0.6249415
2734,"Test","RNM35_20240709_090000.wav",45,50,-0.44179708
2726,"Test","RNM35_20240709_090000.wav",5,10,1.3207483
2735,"Test","RNM35_20240709_090000.wav",50,55,-0.14634384
2736,"Test","RNM35_20240709_090000.wav",55,60,-0.6439778
2737,"Test","RNM35_20240709_120000.wav",0,5,0.5577021
2739,"Test","RNM35_20240709_120000.wav",10,15,1.0461643
2740,"Test","RNM35_20240709_120000.wav",15,20,0.08906956
2741,"Test","RNM35_20240709_120000.wav",20,25,-0.064052194
2742,"Test","RNM35_20240709_120000.wav",25,30,1.7873157
2743,"Test","RNM35_20240709_120000.wav",30,35,0.46035898
2744,"Test","RNM35_20240709_120000.wav",35,40,0.903776
2745,"Test","RNM35_20240709_120000.wav",40,45,2.2159128
2746,"Test","RNM35_20240709_120000.wav",45,50,0.93649465
2738,"Test","RNM35_20240709_120000.wav",5,10,-0.006997541
2747,"Test","RNM35_20240709_120000.wav",50,55,1.4800341
2748,"Test","RNM35_20240709_120000.wav",55,60,0.5321376
2749,"Test","RNM35_20240709_130000.wav",0,5,-1.1608087
2751,"Test","RNM35_20240709_130000.wav",10,15,-1.2768843
2752,"Test","RNM35_20240709_130000.wav",15,20,-1.2718654
2753,"Test","RNM35_20240709_130000.wav",20,25,-1.4085763
2754,"Test","RNM35_20240709_130000.wav",25,30,-1.1151966
2755,"Test","RNM35_20240709_130000.wav",30,35,-1.1430967
2756,"Test","RNM35_20240709_130000.wav",35,40,-0.42188197
2757,"Test","RNM35_20240709_130000.wav",40,45,-1.2622075
2758,"Test","RNM35_20240709_130000.wav",45,50,-1.1302794
2750,"Test","RNM35_20240709_130000.wav",5,10,-1.1128712
2759,"Test","RNM35_20240709_130000.wav",50,55,-1.2978442
2760,"Test","RNM35_20240709_130000.wav",55,60,-1.312504
2761,"Test","RNM35_20240709_140000.wav",0,5,-0.52885485
2763,"Test","RNM35_20240709_140000.wav",10,15,-1.1565127
2764,"Test","RNM35_20240709_140000.wav",15,20,-1.0694673
2765,"Test","RNM35_20240709_140000.wav",20,25,-1.260313
2766,"Test","RNM35_20240709_140000.wav",25,30,-1.2228568
2767,"Test","RNM35_20240709_140000.wav",30,35,-1.2189367
2768,"Test","RNM35_20240709_140000.wav",35,40,-1.1232895
2769,"Test","RNM35_20240709_140000.wav",40,45,-0.68979615
2770,"Test","RNM35_20240709_140000.wav",45,50,-1.0597054
2762,"Test","RNM35_20240709_140000.wav",5,10,-1.1462847
2771,"Test","RNM35_20240709_140000.wav",50,55,-1.2090478
2772,"Test","RNM35_20240709_140000.wav",55,60,-1.293027
2773,"Test","RNM35_20240709_160000.wav",0,5,-1.059193
2775,"Test","RNM35_20240709_160000.wav",10,15,-0.8917008
2776,"Test","RNM35_20240709_160000.wav",15,20,-0.7008131
2777,"Test","RNM35_20240709_160000.wav",20,25,0.08080174
2778,"Test","RNM35_20240709_160000.wav",25,30,-0.96795434
2779,"Test","RNM35_20240709_160000.wav",30,35,-0.9919813
2780,"Test","RNM35_20240709_160000.wav",35,40,0.053493187
2781,"Test","RNM35_20240709_160000.wav",40,45,0.33069676
2782,"Test","RNM35_20240709_160000.wav",45,50,-0.7172707
2774,"Test","RNM35_20240709_160000.wav",5,10,-1.0869533
2783,"Test","RNM35_20240709_160000.wav",50,55,-0.6073466
2784,"Test","RNM35_20240709_160000.wav",55,60,-0.2482093
2785,"Test","RNM35_20240711_080000.wav",0,5,2.5152316
2787,"Test","RNM35_20240711_080000.wav",10,15,-0.117317215
2788,"Test","RNM35_20240711_080000.wav",15,20,0.6268118
2789,"Test","RNM35_20240711_080000.wav",20,25,2.5466547
2790,"Test","RNM35_20240711_080000.wav",25,30,0.34137565
2791,"Test","RNM35_20240711_080000.wav",30,35,-0.37670612
2792,"Test","RNM35_20240711_080000.wav",35,40,-0.020098746
2793,"Test","RNM35_20240711_080000.wav",40,45,-1.166309
2794,"Test","RNM35_20240711_080000.wav",45,50,2.8391593
2786,"Test","RNM35_20240711_080000.wav",5,10,-0.7321051
2795,"Test","RNM35_20240711_080000.wav",50,55,-0.13348632
2796,"Test","RNM35_20240711_080000.wav",55,60,-0.70740694
2797,"Test","RNM35_20240711_090000.wav",0,5,1.6105976
2799,"Test","RNM35_20240711_090000.wav",10,15,1.3615768
2800,"Test","RNM35_20240711_090000.wav",15,20,1.4974737
2801,"Test","RNM35_20240711_090000.wav",20,25,0.9315719
2802,"Test","RNM35_20240711_090000.wav",25,30,0.53799486
2803,"Test","RNM35_20240711_090000.wav",30,35,0.053773567
2804,"Test","RNM35_20240711_090000.wav",35,40,2.3312106
2805,"Test","RNM35_20240711_090000.wav",40,45,0.77324325
2806,"Test","RNM35_20240711_090000.wav",45,50,0.37526536
2798,"Test","RNM35_20240711_090000.wav",5,10,0.93949527
2807,"Test","RNM35_20240711_090000.wav",50,55,1.3284795
2808,"Test","RNM35_20240711_090000.wav",55,60,2.692822
2809,"Test","RNM35_20240711_130000.wav",0,5,-1.2778698
2811,"Test","RNM35_20240711_130000.wav",10,15,-1.1336147
2812,"Test","RNM35_20240711_130000.wav",15,20,-1.2586066
2813,"Test","RNM35_20240711_130000.wav",20,25,-1.0723941
2814,"Test","RNM35_20240711_130000.wav",25,30,-0.54829794
2815,"Test","RNM35_20240711_130000.wav",30,35,-0.60579765
2816,"Test","RNM35_20240711_130000.wav",35,40,-1.2107327
2817,"Test","RNM35_20240711_130000.wav",40,45,-1.108163
2818,"Test","RNM35_20240711_130000.wav",45,50,-1.2406816
2810,"Test","RNM35_20240711_130000.wav",5,10,-1.1314276
2819,"Test","RNM35_20240711_130000.wav",50,55,-1.2417384
2820,"Test","RNM35_20240711_130000.wav",55,60,-1.0334266
2821,"Test","RNM35_20240713_060000.wav",0,5,0.07580119
2823,"Test","RNM35_20240713_060000.wav",10,15,1.2298596
2824,"Test","RNM35_20240713_060000.wav",15,20,0.69565636
2825,"Test","RNM35_20240713_060000.wav",20,25,0.4367851
2826,"Test","RNM35_20240713_060000.wav",25,30,-0.51056165
2827,"Test","RNM35_20240713_060000.wav",30,35,1.5298986
2828,"Test","RNM35_20240713_060000.wav",35,40,0.8299516
2829,"Test","RNM35_20240713_060000.wav",40,45,1.1984499
2830,"Test","RNM35_20240713_060000.wav",45,50,-0.6555468
2822,"Test","RNM35_20240713_060000.wav",5,10,-0.7970696
2831,"Test","RNM35_20240713_060000.wav",50,55,1.5077413
2832,"Test","RNM35_20240713_060000.wav",55,60,-0.14930482
2833,"Test","RNM35_20240713_070000.wav",0,5,1.67236
2835,"Test","RNM35_20240713_070000.wav",10,15,1.5328294
2836,"Test","RNM35_20240713_070000.wav",15,20,0.7163097
2837,"Test","RNM35_20240713_070000.wav",20,25,0.02206406
2838,"Test","RNM35_20240713_070000.wav",25,30,1.1528488
2839,"Test","RNM35_20240713_070000.wav",30,35,1.1373372
2840,"Test","RNM35_20240713_070000.wav",35,40,1.0466864
2841,"Test","RNM35_20240713_070000.wav",40,45,1.077072
2842,"Test","RNM35_20240713_070000.wav",45,50,-0.11234951
2834,"Test","RNM35_20240713_070000.wav",5,10,1.6661787
2843,"Test","RNM35_20240713_070000.wav",50,55,1.9692702
2844,"Test","RNM35_20240713_070000.wav",55,60,1.9941487
2845,"Test","RNM35_20240713_080000.wav",0,5,3.021716
2847,"Test","RNM35_20240713_080000.wav",10,15,2.3969905
2848,"Test","RNM35_20240713_080000.wav",15,20,-0.5539207
2849,"Test","RNM35_20240713_080000.wav",20,25,0.2705391
2850,"Test","RNM35_20240713_080000.wav",25,30,0.7768995
2851,"Test","RNM35_20240713_080000.wav",30,35,1.6661351
2852,"Test","RNM35_20240713_080000.wav",35,40,-0.057109326
2853,"Test","RNM35_20240713_080000.wav",40,45,1.8465699
2854,"Test","RNM35_20240713_080000.wav",45,50,-0.25576884
2846,"Test","RNM35_20240713_080000.wav",5,10,0.92269975
2855,"Test","RNM35_20240713_080000.wav",50,55,-0.5193253
2856,"Test","RNM35_20240713_080000.wav",55,60,-0.7491932
2857,"Test","RNM35_20240713_130000.wav",0,5,0.98481435
2859,"Test","RNM35_20240713_130000.wav",10,15,0.34841222
2860,"Test","RNM35_20240713_130000.wav",15,20,-0.13053244
2861,"Test","RNM35_20240713_130000.wav",20,25,-0.74907005
2862,"Test","RNM35_20240713_130000.wav",25,30,0.79865617
2863,"Test","RNM35_20240713_130000.wav",30,35,0.08437823
2864,"Test","RNM35_20240713_130000.wav",35,40,0.079795584
2865,"Test","RNM35_20240713_130000.wav",40,45,0.8676919
2866,"Test","RNM35_20240713_130000.wav",45,50,-0.64139664
2858,"Test","RNM35_20240713_130000.wav",5,10,2.126696
2867,"Test","RNM35_20240713_130000.wav",50,55,-1.3583069
2868,"Test","RNM35_20240713_130000.wav",55,60,1.7146611
2869,"Test","RNM35_20240713_140000.wav",0,5,-1.0763265
2871,"Test","RNM35_20240713_140000.wav",10,15,-0.7456152
2872,"Test","RNM35_20240713_140000.wav",15,20,-0.78582174
2873,"Test","RNM35_20240713_140000.wav",20,25,-0.76243687
2874,"Test","RNM35_20240713_140000.wav",25,30,-0.8788316
2875,"Test","RNM35_20240713_140000.wav",30,35,-0.25050315
2876,"Test","RNM35_20240713_140000.wav",35,40,-0.5384748
2877,"Test","RNM35_20240713_140000.wav",40,45,-0.6290514
2878,"Test","RNM35_20240713_140000.wav",45,50,-0.6940934
2870,"Test","RNM35_20240713_140000.wav",5,10,-0.90340334
2879,"Test","RNM35_20240713_140000.wav",50,55,-0.7089357
2880,"Test","RNM35_20240713_140000.wav",55,60,-0.9011316
2881,"Test","RNM35_20240713_170000.wav",0,5,-1.4216846
2883,"Test","RNM35_20240713_170000.wav",10,15,-1.6058807
2884,"Test","RNM35_20240713_170000.wav",15,20,-1.4015646
2885,"Test","RNM35_20240713_170000.wav",20,25,-1.1390989
2886,"Test","RNM35_20240713_170000.wav",25,30,-0.91905314
2887,"Test","RNM35_20240713_170000.wav",30,35,-1.2497857
2888,"Test","RNM35_20240713_170000.wav",35,40,-1.1815444
2889,"Test","RNM35_20240713_170000.wav",40,45,-1.3686124
2890,"Test","RNM35_20240713_170000.wav",45,50,-1.3121092
2882,"Test","RNM35_20240713_170000.wav",5,10,-1.4360054
2891,"Test","RNM35_20240713_170000.wav",50,55,-1.431108
2892,"Test","RNM35_20240713_170000.wav",55,60,-1.311462
2893,"Test","RNM35_20240715_070000.wav",0,5,1.6657987
2895,"Test","RNM35_20240715_070000.wav",10,15,0.8819297
2896,"Test","RNM35_20240715_070000.wav",15,20,-0.72442144
2897,"Test","RNM35_20240715_070000.wav",20,25,0.5207823
2898,"Test","RNM35_20240715_070000.wav",25,30,1.115817
2899,"Test","RNM35_20240715_070000.wav",30,35,0.2321419
2900,"Test","RNM35_20240715_070000.wav",35,40,0.509764
2901,"Test","RNM35_20240715_070000.wav",40,45,2.3561788
2902,"Test","RNM35_20240715_070000.wav",45,50,0.95779985
2894,"Test","RNM35_20240715_070000.wav",5,10,0.20233552
2903,"Test","RNM35_20240715_070000.wav",50,55,2.0065207
2904,"Test","RNM35_20240715_070000.wav",55,60,1.0231153
2905,"Test","RNM35_20240715_090000.wav",0,5,-0.9967509
2907,"Test","RNM35_20240715_090000.wav",10,15,-0.619109
2908,"Test","RNM35_20240715_090000.wav",15,20,-0.65614533
2909,"Test","RNM35_20240715_090000.wav",20,25,-0.9162712
2910,"Test","RNM35_20240715_090000.wav",25,30,-1.0173193
2911,"Test","RNM35_20240715_090000.wav",30,35,-0.47172976
2912,"Test","RNM35_20240715_090000.wav",35,40,0.13797969
2913,"Test","RNM35_20240715_090000.wav",40,45,-1.1533318
2914,"Test","RNM35_20240715_090000.wav",45,50,-1.1129786
2906,"Test","RNM35_20240715_090000.wav",5,10,-0.98128885
2915,"Test","RNM35_20240715_090000.wav",50,55,-0.2418371
2916,"Test","RNM35_20240715_090000.wav",55,60,-0.9866175
2917,"Test","RNM35_20240715_130000.wav",0,5,-1.3805751
2919,"Test","RNM35_20240715_130000.wav",10,15,-0.8928867
2920,"Test","RNM35_20240715_130000.wav",15,20,-1.2433829
2921,"Test","RNM35_20240715_130000.wav",20,25,-0.7811907
2922,"Test","RNM35_20240715_130000.wav",25,30,-0.5913812
2923,"Test","RNM35_20240715_130000.wav",30,35,-1.2561383
2924,"Test","RNM35_20240715_130000.wav",35,40,-1.65575
2925,"Test","RNM35_20240715_130000.wav",40,45,0.7682658
2926,"Test","RNM35_20240715_130000.wav",45,50,-0.87351984
2918,"Test","RNM35_20240715_130000.wav",5,10,-0.29846638
2927,"Test","RNM35_20240715_130000.wav",50,55,-1.0057304
2928,"Test","RNM35_20240715_130000.wav",55,60,-1.3305684
2929,"Test","RNM35_20240715_140000.wav",0,5,0.3861695
2931,"Test","RNM35_20240715_140000.wav",10,15,-0.85363543
2932,"Test","RNM35_20240715_140000.wav",15,20,-0.583327
2933,"Test","RNM35_20240715_140000.wav",20,25,1.6363585
2934,"Test","RNM35_20240715_140000.wav",25,30,-1.4127003
2935,"Test","RNM35_20240715_140000.wav",30,35,-0.6147115
2936,"Test","RNM35_20240715_140000.wav",35,40,-0.5488889
2937,"Test","RNM35_20240715_140000.wav",40,45,0.29966056
2938,"Test","RNM35_20240715_140000.wav",45,50,0.3862943
2930,"Test","RNM35_20240715_140000.wav",5,10,-0.3139701
2939,"Test","RNM35_20240715_140000.wav",50,55,-1.4179695
2940,"Test","RNM35_20240715_140000.wav",55,60,0.040252075
2941,"Test","RNM35_20240717_060000.wav",0,5,0.51049477
2943,"Test","RNM35_20240717_060000.wav",10,15,-0.81950945
2944,"Test","RNM35_20240717_060000.wav",15,20,-0.39292037
2945,"Test","RNM35_20240717_060000.wav",20,25,-0.78489596
2946,"Test","RNM35_20240717_060000.wav",25,30,-1.4807622
2947,"Test","RNM35_20240717_060000.wav",30,35,-0.051937833
2948,"Test","RNM35_20240717_060000.wav",35,40,-1.0935496
2949,"Test","RNM35_20240717_060000.wav",40,45,-0.76490456
2950,"Test","RNM35_20240717_060000.wav",45,50,-0.8746125
2942,"Test","RNM35_20240717_060000.wav",5,10,-1.5633305
2951,"Test","RNM35_20240717_060000.wav",50,55,-0.98535067
2952,"Test","RNM35_20240717_060000.wav",55,60,-1.1556427
2953,"Test","RNM35_20240717_080000.wav",0,5,-1.683994
2955,"Test","RNM35_20240717_080000.wav",10,15,-1.837404
2956,"Test","RNM35_20240717_080000.wav",15,20,0.07163304
2957,"Test","RNM35_20240717_080000.wav",20,25,-0.5782782
2958,"Test","RNM35_20240717_080000.wav",25,30,-1.9053555
2959,"Test","RNM35_20240717_080000.wav",30,35,-1.7307335
2960,"Test","RNM35_20240717_080000.wav",35,40,-1.669225
2961,"Test","RNM35_20240717_080000.wav",40,45,-1.8168445
2962,"Test","RNM35_20240717_080000.wav",45,50,0.13191535
2954,"Test","RNM35_20240717_080000.wav",5,10,-1.4515338
2963,"Test","RNM35_20240717_080000.wav",50,55,-1.8862991
2964,"Test","RNM35_20240717_080000.wav",55,60,-1.435284
2965,"Test","RNM35_20240717_100000.wav",0,5,-1.1538894
2967,"Test","RNM35_20240717_100000.wav",10,15,-1.0597253
2968,"Test","RNM35_20240717_100000.wav",15,20,-0.9889914
2969,"Test","RNM35_20240717_100000.wav",20,25,-0.21449012
2970,"Test","RNM35_20240717_100000.wav",25,30,-1.034472
2971,"Test","RNM35_20240717_100000.wav",30,35,0.44217294
2972,"Test","RNM35_20240717_100000.wav",35,40,-0.6317026
2973,"Test","RNM35_20240717_100000.wav",40,45,-0.8700523
2974,"Test","RNM35_20240717_100000.wav",45,50,-0.89940006
2966,"Test","RNM35_20240717_100000.wav",5,10,-0.31465024
2975,"Test","RNM35_20240717_100000.wav",50,55,0.34294504
2976,"Test","RNM35_20240717_100000.wav",55,60,-0.6224092
2977,"Test","RNM35_20240717_120000.wav",0,5,-0.86160785
2979,"Test","RNM35_20240717_120000.wav",10,15,-1.0673205
2980,"Test","RNM35_20240717_120000.wav",15,20,-0.6828414
2981,"Test","RNM35_20240717_120000.wav",20,25,-0.42030144
2982,"Test","RNM35_20240717_120000.wav",25,30,0.39735252
2983,"Test","RNM35_20240717_120000.wav",30,35,-1.1188537
2984,"Test","RNM35_20240717_120000.wav",35,40,-0.9727703
2985,"Test","RNM35_20240717_120000.wav",40,45,-0.7704744
2986,"Test","RNM35_20240717_120000.wav",45,50,-0.34269983
2978,"Test","RNM35_20240717_120000.wav",5,10,0.24630998
2987,"Test","RNM35_20240717_120000.wav",50,55,-0.93121463
2988,"Test","RNM35_20240717_120000.wav",55,60,-0.79560035
2989,"Test","RNM35_20240717_150000.wav",0,5,0.21542029
2991,"Test","RNM35_20240717_150000.wav",10,15,0.002132326
2992,"Test","RNM35_20240717_150000.wav",15,20,1.0714402
2993,"Test","RNM35_20240717_150000.wav",20,25,-1.0061868
2994,"Test","RNM35_20240717_150000.wav",25,30,0.046768695
2995,"Test","RNM35_20240717_150000.wav",30,35,0.7982279
2996,"Test","RNM35_20240717_150000.wav",35,40,0.6429009
2997,"Test","RNM35_20240717_150000.wav",40,45,-1.3262677
2998,"Test","RNM35_20240717_150000.wav",45,50,0.1523863
2990,"Test","RNM35_20240717_150000.wav",5,10,1.8033836
2999,"Test","RNM35_20240717_150000.wav",50,55,-0.31380033
3000,"Test","RNM35_20240717_150000.wav",55,60,-1.4957322
3001,"Test","RNM35_20240719_060000.wav",0,5,-0.52370113
3003,"Test","RNM35_20240719_060000.wav",10,15,-0.12921287
3004,"Test","RNM35_20240719_060000.wav",15,20,2.3564155
3005,"Test","RNM35_20240719_060000.wav",20,25,1.5370343
3006,"Test","RNM35_20240719_060000.wav",25,30,0.22856165
3007,"Test","RNM35_20240719_060000.wav",30,35,0.15982653
3008,"Test","RNM35_20240719_060000.wav",35,40,0.40622586
3009,"Test","RNM35_20240719_060000.wav",40,45,-0.3109123
3010,"Test","RNM35_20240719_060000.wav",45,50,1.2393898
3002,"Test","RNM35_20240719_060000.wav",5,10,0.01977849
3011,"Test","RNM35_20240719_060000.wav",50,55,0.15141755
3012,"Test","RNM35_20240719_060000.wav",55,60,0.47087318
3013,"Test","RNM35_20240719_070000.wav",0,5,-0.81029755
3015,"Test","RNM35_20240719_070000.wav",10,15,0.006038562
3016,"Test","RNM35_20240719_070000.wav",15,20,-0.30688077
3017,"Test","RNM35_20240719_070000.wav",20,25,2.3921847
3018,"Test","RNM35_20240719_070000.wav",25,30,1.1889632
3019,"Test","RNM35_20240719_070000.wav",30,35,1.6215575
3020,"Test","RNM35_20240719_070000.wav",35,40,2.082624
3021,"Test","RNM35_20240719_070000.wav",40,45,0.29213923
3022,"Test","RNM35_20240719_070000.wav",45,50,1.9987864
3014,"Test","RNM35_20240719_070000.wav",5,10,1.4609835
3023,"Test","RNM35_20240719_070000.wav",50,55,2.2663832
3024,"Test","RNM35_20240719_070000.wav",55,60,1.6002139
3025,"Test","RNM35_20240719_090000.wav",0,5,0.8285615
3027,"Test","RNM35_20240719_090000.wav",10,15,0.28226286
3028,"Test","RNM35_20240719_090000.wav",15,20,-0.18402348
3029,"Test","RNM35_20240719_090000.wav",20,25,2.4527183
3030,"Test","RNM35_20240719_090000.wav",25,30,-0.2956609
3031,"Test","RNM35_20240719_090000.wav",30,35,-0.3035096
3032,"Test","RNM35_20240719_090000.wav",35,40,-0.765159
3033,"Test","RNM35_20240719_090000.wav",40,45,-1.0215068
3034,"Test","RNM35_20240719_090000.wav",45,50,-0.037933215
3026,"Test","RNM35_20240719_090000.wav",5,10,-0.6707559
3035,"Test","RNM35_20240719_090000.wav",50,55,-0.023219734
3036,"Test","RNM35_20240719_090000.wav",55,60,-0.7756733
3037,"Test","RNM35_20240719_100000.wav",0,5,-0.781
3039,"Test","RNM35_20240719_100000.wav",10,15,0.29695398
3040,"Test","RNM35_20240719_100000.wav",15,20,-1.0593076
3041,"Test","RNM35_20240719_100000.wav",20,25,0.8185647
3042,"Test","RNM35_20240719_100000.wav",25,30,1.134932
3043,"Test","RNM35_20240719_100000.wav",30,35,-0.5414211
3044,"Test","RNM35_20240719_100000.wav",35,40,0.12427355
3045,"Test","RNM35_20240719_100000.wav",40,45,-0.48310083
3046,"Test","RNM35_20240719_100000.wav",45,50,0.07773532
3038,"Test","RNM35_20240719_100000.wav",5,10,-0.2527322
3047,"Test","RNM35_20240719_100000.wav",50,55,-0.99852484
3048,"Test","RNM35_20240719_100000.wav",55,60,-0.30997723
3049,"Test","RNM35_20240721_070000.wav",0,5,1.0476708
3051,"Test","RNM35_20240721_070000.wav",10,15,1.193796
3052,"Test","RNM35_20240721_070000.wav",15,20,0.3764956
3053,"Test","RNM35_20240721_070000.wav",20,25,0.18682535
3054,"Test","RNM35_20240721_070000.wav",25,30,0.6391919
3055,"Test","RNM35_20240721_070000.wav",30,35,-0.5473078
3056,"Test","RNM35_20240721_070000.wav",35,40,-0.11895971
3057,"Test","RNM35_20240721_070000.wav",40,45,1.4246271
3058,"Test","RNM35_20240721_070000.wav",45,50,0.6093555
3050,"Test","RNM35_20240721_070000.wav",5,10,1.0177982
3059,"Test","RNM35_20240721_070000.wav",50,55,0.62766594
3060,"Test","RNM35_20240721_070000.wav",55,60,-0.32149494
3061,"Test","RNM35_20240721_090000.wav",0,5,-0.1354545
3063,"Test","RNM35_20240721_090000.wav",10,15,0.014383316
3064,"Test","RNM35_20240721_090000.wav",15,20,-0.49476826
3065,"Test","RNM35_20240721_090000.wav",20,25,-0.112279244
3066,"Test","RNM35_20240721_090000.wav",25,30,0.23109855
3067,"Test","RNM35_20240721_090000.wav",30,35,-0.044648066
3068,"Test","RNM35_20240721_090000.wav",35,40,2.3488035
3069,"Test","RNM35_20240721_090000.wav",40,45,1.1491861
3070,"Test","RNM35_20240721_090000.wav",45,50,-0.1544932
3062,"Test","RNM35_20240721_090000.wav",5,10,-0.6872016
3071,"Test","RNM35_20240721_090000.wav",50,55,0.089074686
3072,"Test","RNM35_20240721_090000.wav",55,60,-0.8695051
3073,"Test","RNM35_20240723_100000.wav",0,5,-1.2582681
3075,"Test","RNM35_20240723_100000.wav",10,15,-0.15994655
3076,"Test","RNM35_20240723_100000.wav",15,20,-1.3580025
3077,"Test","RNM35_20240723_100000.wav",20,25,-0.042165596
3078,"Test","RNM35_20240723_100000.wav",25,30,1.4908893
3079,"Test","RNM35_20240723_100000.wav",30,35,-0.90852565
3080,"Test","RNM35_20240723_100000.wav",35,40,-0.45985812
3081,"Test","RNM35_20240723_100000.wav",40,45,-0.73067755
3082,"Test","RNM35_20240723_100000.wav",45,50,-0.9802246
3074,"Test","RNM35_20240723_100000.wav",5,10,-1.2055198
3083,"Test","RNM35_20240723_100000.wav",50,55,-0.643313
3084,"Test","RNM35_20240723_100000.wav",55,60,-0.07378348
3085,"Test","RNM35_20240723_110000.wav",0,5,0.22431959
3087,"Test","RNM35_20240723_110000.wav",10,15,-0.92072934
3088,"Test","RNM35_20240723_110000.wav",15,20,-0.28304058
3089,"Test","RNM35_20240723_110000.wav",20,25,-0.9383419
3090,"Test","RNM35_20240723_110000.wav",25,30,-1.1943414
3091,"Test","RNM35_20240723_110000.wav",30,35,1.2138011
3092,"Test","RNM35_20240723_110000.wav",35,40,-0.06606518
3093,"Test","RNM35_20240723_110000.wav",40,45,-1.0874232
3094,"Test","RNM35_20240723_110000.wav",45,50,-1.0487273
3086,"Test","RNM35_20240723_110000.wav",5,10,-0.52309793
3095,"Test","RNM35_20240723_110000.wav",50,55,-0.5280056
3096,"Test","RNM35_20240723_110000.wav",55,60,-1.2672228
3097,"Test","RNM35_20240723_120000.wav",0,5,-0.7429907
3099,"Test","RNM35_20240723_120000.wav",10,15,-0.007741086
3100,"Test","RNM35_20240723_120000.wav",15,20,-1.087141
3101,"Test","RNM35_20240723_120000.wav",20,25,1.25481
3102,"Test","RNM35_20240723_120000.wav",25,30,-0.38370228
3103,"Test","RNM35_20240723_120000.wav",30,35,0.7546272
3104,"Test","RNM35_20240723_120000.wav",35,40,-0.8960524
3105,"Test","RNM35_20240723_120000.wav",40,45,-0.16009717
3106,"Test","RNM35_20240723_120000.wav",45,50,-0.23833826
3098,"Test","RNM35_20240723_120000.wav",5,10,1.1400006
3107,"Test","RNM35_20240723_120000.wav",50,55,0.005993709
3108,"Test","RNM35_20240723_120000.wav",55,60,1.2724459
3109,"Test","RNM35_20240723_140000.wav",0,5,-1.1877447
3111,"Test","RNM35_20240723_140000.wav",10,15,0.17567088
3112,"Test","RNM35_20240723_140000.wav",15,20,-1.3703994
3113,"Test","RNM35_20240723_140000.wav",20,25,-1.7242873
3114,"Test","RNM35_20240723_140000.wav",25,30,-0.29569256
3115,"Test","RNM35_20240723_140000.wav",30,35,-1.0987501
3116,"Test","RNM35_20240723_140000.wav",35,40,0.77999836
3117,"Test","RNM35_20240723_140000.wav",40,45,0.18749703
3118,"Test","RNM35_20240723_140000.wav",45,50,-1.6304402
3110,"Test","RNM35_20240723_140000.wav",5,10,0.13447121
3119,"Test","RNM35_20240723_140000.wav",50,55,0.019932508
3120,"Test","RNM35_20240723_140000.wav",55,60,-1.7572508
3121,"Test","TAA14_20230920_170000.wav",0,5,-1.7180116
3123,"Test","TAA14_20230920_170000.wav",10,15,-1.8323098
3124,"Test","TAA14_20230920_170000.wav",15,20,-1.7305441
3125,"Test","TAA14_20230920_170000.wav",20,25,-1.8361962
3126,"Test","TAA14_20230920_170000.wav",25,30,-1.6921098
3127,"Test","TAA14_20230920_170000.wav",30,35,-1.6557555
3128,"Test","TAA14_20230920_170000.wav",35,40,-1.7747531
3129,"Test","TAA14_20230920_170000.wav",40,45,-1.8268236
3130,"Test","TAA14_20230920_170000.wav",45,50,-1.8845793
3122,"Test","TAA14_20230920_170000.wav",5,10,-1.7582295
3131,"Test","TAA14_20230920_170000.wav",50,55,-1.747819
3132,"Test","TAA14_20230920_170000.wav",55,60,-1.7623389
3133,"Test","TAA14_20230921_110000.wav",0,5,-1.8183043
3135,"Test","TAA14_20230921_110000.wav",10,15,-1.5827233
3136,"Test","TAA14_20230921_110000.wav",15,20,-1.3909863
3137,"Test","TAA14_20230921_110000.wav",20,25,-1.1864188
3138,"Test","TAA14_20230921_110000.wav",25,30,-1.67595
3139,"Test","TAA14_20230921_110000.wav",30,35,-1.6785663
3140,"Test","TAA14_20230921_110000.wav",35,40,-1.518942
3141,"Test","TAA14_20230921_110000.wav",40,45,-1.6185641
3142,"Test","TAA14_20230921_110000.wav",45,50,-1.5377011
3134,"Test","TAA14_20230921_110000.wav",5,10,-1.6533163
3143,"Test","TAA14_20230921_110000.wav",50,55,-1.4440467
3144,"Test","TAA14_20230921_110000.wav",55,60,-1.3805919
3145,"Test","TAA14_20230928_060000.wav",0,5,-0.826348
3147,"Test","TAA14_20230928_060000.wav",10,15,-1.3105338
3148,"Test","TAA14_20230928_060000.wav",15,20,-0.99174935
3149,"Test","TAA14_20230928_060000.wav",20,25,-0.9420236
3150,"Test","TAA14_20230928_060000.wav",25,30,-1.080138
3151,"Test","TAA14_20230928_060000.wav",30,35,-1.06202
3152,"Test","TAA14_20230928_060000.wav",35,40,-1.3417138
3153,"Test","TAA14_20230928_060000.wav",40,45,-0.8607599
3154,"Test","TAA14_20230928_060000.wav",45,50,-1.2501738
3146,"Test","TAA14_20230928_060000.wav",5,10,-0.9474104
3155,"Test","TAA14_20230928_060000.wav",50,55,-1.0068312
3156,"Test","TAA14_20230928_060000.wav",55,60,-1.3342094
3157,"Test","TAA14_20231005_110000.wav",0,5,-0.8823822
3159,"Test","TAA14_20231005_110000.wav",10,15,-0.9566906
3160,"Test","TAA14_20231005_110000.wav",15,20,-0.9659085
3161,"Test","TAA14_20231005_110000.wav",20,25,-1.0955179
3162,"Test","TAA14_20231005_110000.wav",25,30,-0.90826666
3163,"Test","TAA14_20231005_110000.wav",30,35,-1.045897
3164,"Test","TAA14_20231005_110000.wav",35,40,-0.8006781
3165,"Test","TAA14_20231005_110000.wav",40,45,-1.2947862
3166,"Test","TAA14_20231005_110000.wav",45,50,-1.0188938
3158,"Test","TAA14_20231005_110000.wav",5,10,-0.93693036
3167,"Test","TAA14_20231005_110000.wav",50,55,-0.8329641
3168,"Test","TAA14_20231005_110000.wav",55,60,-1.0274764
3169,"Test","TAA14_20231006_070000.wav",0,5,-1.4066046
3171,"Test","TAA14_20231006_070000.wav",10,15,-1.3792378
3172,"Test","TAA14_20231006_070000.wav",15,20,-1.4808847
3173,"Test","TAA14_20231006_070000.wav",20,25,-1.3647511
3174,"Test","TAA14_20231006_070000.wav",25,30,-1.2975273
3175,"Test","TAA14_20231006_070000.wav",30,35,-1.459415
3176,"Test","TAA14_20231006_070000.wav",35,40,-1.360939
3177,"Test","TAA14_20231006_070000.wav",40,45,-1.5596106
3178,"Test","TAA14_20231006_070000.wav",45,50,-1.3280474
3170,"Test","TAA14_20231006_070000.wav",5,10,-1.2101955
3179,"Test","TAA14_20231006_070000.wav",50,55,-1.2686522
3180,"Test","TAA14_20231006_070000.wav",55,60,-1.4794769
3181,"Test","TAA14_20231102_170000.wav",0,5,-1.6767402
3183,"Test","TAA14_20231102_170000.wav",10,15,-1.664983
3184,"Test","TAA14_20231102_170000.wav",15,20,-1.8330817
3185,"Test","TAA14_20231102_170000.wav",20,25,-1.5562623
3186,"Test","TAA14_20231102_170000.wav",25,30,-1.6660621
3187,"Test","TAA14_20231102_170000.wav",30,35,-1.6689919
3188,"Test","TAA14_20231102_170000.wav",35,40,-1.7337751
3189,"Test","TAA14_20231102_170000.wav",40,45,-1.572659
3190,"Test","TAA14_20231102_170000.wav",45,50,-1.748324
3182,"Test","TAA14_20231102_170000.wav",5,10,-1.6060761
3191,"Test","TAA14_20231102_170000.wav",50,55,-1.6545417
3192,"Test","TAA14_20231102_170000.wav",55,60,-1.6346866
