"year","elev_band","woy","n_listas","detecciones"
2000,0,1,26,0
2000,0,2,14,0
2000,0,3,15,0
2000,0,4,10,0
2000,0,5,11,0
2000,0,6,21,1
2000,0,7,26,0
2000,0,8,7,0
2000,0,9,14,1
2000,0,10,15,0
2000,0,11,35,0
2000,0,12,11,0
2000,0,13,10,0
2000,0,14,9,0
2000,0,15,7,0
2000,0,16,3,0
2000,0,17,5,0
2000,0,18,7,0
2000,0,19,7,0
2000,0,20,5,0
2000,0,21,5,0
2000,0,22,1,0
2000,0,25,1,0
2000,0,26,9,0
2000,0,27,8,0
2000,0,28,18,0
2000,0,29,5,0
2000,0,30,1,0
2000,0,31,1,0
2000,0,32,1,0
2000,0,33,4,0
2000,0,34,2,0
2000,0,35,2,0
2000,0,36,1,0
2000,0,37,1,0
2000,0,38,3,0
2000,0,39,3,0
2000,0,40,2,0
2000,0,41,16,0
2000,0,42,7,0
2000,0,43,2,0
2000,0,44,7,0
2000,0,45,8,0
2000,0,46,2,0
2000,0,47,5,0
2000,0,48,3,1
2000,0,49,8,0
2000,0,50,8,0
2000,0,51,19,0
2000,0,52,19,3
2000,0,53,6,0
2000,100,3,1,1
2000,100,4,3,0
2000,100,5,7,0
2000,100,6,8,0
2000,100,7,2,0
2000,100,8,4,0
2000,100,9,2,0
2000,100,10,1,0
2000,100,11,5,0
2000,100,12,11,0
2000,100,13,8,0
2000,100,14,5,2
2000,100,16,2,0
2000,100,20,2,0
2000,100,25,2,0
2000,100,27,2,0
2000,100,28,2,0
2000,100,29,1,0
2000,100,37,1,0
2000,100,41,1,0
2000,100,45,2,0
2000,100,46,2,0
2000,100,50,1,0
2000,100,51,1,0
2000,200,5,1,0
2000,200,6,1,0
2000,200,12,1,0
2000,200,14,1,0
2000,200,20,1,0
2000,200,36,1,0
2000,200,42,1,0
2000,200,44,1,0
2000,200,48,1,0
2000,300,2,1,0
2000,300,12,1,0
2000,300,13,3,0
2000,300,33,1,0
2000,300,34,1,0
2000,300,45,1,0
2000,400,15,1,0
2000,400,29,1,0
2000,400,38,1,0
2000,500,3,1,0
2000,500,5,2,0
2000,500,6,1,0
2000,500,7,6,0
2000,500,8,1,0
2000,500,9,1,0
2000,500,10,3,0
2000,500,11,3,0
2000,500,12,2,0
2000,500,14,3,0
2000,500,20,2,0
2000,500,27,1,0
2000,500,28,4,0
2000,500,35,1,0
2000,500,36,1,0
2000,500,38,2,0
2000,500,41,1,0
2000,500,42,2,0
2000,500,43,1,0
2000,500,44,3,0
2000,500,50,3,0
2000,600,3,1,0
2000,600,4,1,0
2000,600,5,1,0
2000,600,7,1,0
2000,600,11,3,0
2000,600,12,2,0
2000,600,13,3,0
2000,600,14,4,0
2000,600,15,1,0
2000,600,26,1,0
2000,600,28,1,0
2000,600,29,1,0
2000,600,39,1,0
2000,600,45,1,0
2000,600,46,1,0
2000,600,50,2,0
2000,600,52,1,0
2000,700,1,2,0
2000,700,2,1,0
2000,700,4,2,1
2000,700,6,2,0
2000,700,7,1,0
2000,700,8,1,0
2000,700,9,1,0
2000,700,10,1,0
2000,700,12,2,0
2000,700,13,1,0
2000,700,21,1,1
2000,700,28,3,0
2000,700,32,1,0
2000,700,33,1,0
2000,700,37,1,0
2000,700,43,1,0
2000,800,3,1,0
2000,800,6,2,0
2000,800,11,3,0
2000,800,13,2,0
2000,800,25,2,0
2000,800,29,1,0
2000,800,35,1,0
2000,800,37,1,0
2000,800,38,1,0
2000,800,40,1,0
2000,800,41,1,0
2000,800,43,1,0
2000,800,44,1,0
2000,800,51,1,0
2000,900,2,3,0
2000,900,3,1,0
2000,900,4,3,0
2000,900,5,2,0
2000,900,6,4,0
2000,900,7,1,0
2000,900,9,3,0
2000,900,10,3,0
2000,900,11,3,0
2000,900,12,5,0
2000,900,13,4,0
2000,900,14,1,0
2000,900,15,3,0
2000,900,16,3,0
2000,900,17,6,0
2000,900,18,5,0
2000,900,20,1,0
2000,900,26,2,0
2000,900,27,8,0
2000,900,28,6,0
2000,900,33,1,0
2000,900,34,5,0
2000,900,35,1,0
2000,900,36,10,0
2000,900,37,4,0
2000,900,40,1,0
2000,900,44,1,0
2000,900,46,1,0
2000,900,48,1,0
2000,900,50,1,0
2000,900,51,1,0
2000,900,52,5,0
2000,1000,1,4,0
2000,1000,2,2,0
2000,1000,10,1,0
2000,1000,12,1,0
2000,1000,13,4,0
2000,1000,16,1,0
2000,1000,17,3,0
2000,1000,18,2,0
2000,1000,19,2,0
2000,1000,20,3,0
2000,1000,21,1,0
2000,1000,22,1,0
2000,1000,23,2,0
2000,1000,24,6,0
2000,1000,25,1,0
2000,1000,26,1,0
2000,1000,28,1,0
2000,1000,32,1,0
2000,1000,33,1,0
2000,1000,34,4,0
2000,1000,35,1,0
2000,1000,36,3,0
2000,1000,37,2,0
2000,1000,38,3,0
2000,1000,46,2,0
2000,1000,47,1,0
2000,1000,48,1,0
2000,1000,51,1,0
2000,1000,52,1,0
2000,1100,1,2,0
2000,1100,4,2,0
2000,1100,6,2,0
2000,1100,8,6,0
2000,1100,9,1,0
2000,1100,10,2,0
2000,1100,11,6,0
2000,1100,12,2,1
2000,1100,13,9,0
2000,1100,14,2,0
2000,1100,16,3,0
2000,1100,17,3,0
2000,1100,18,6,0
2000,1100,19,2,0
2000,1100,20,7,0
2000,1100,27,3,0
2000,1100,28,2,0
2000,1100,29,1,0
2000,1100,32,2,0
2000,1100,33,2,0
2000,1100,34,1,0
2000,1100,35,3,0
2000,1100,36,1,0
2000,1100,37,4,0
2000,1100,38,1,0
2000,1100,40,2,0
2000,1100,42,1,0
2000,1100,43,2,0
2000,1100,44,6,0
2000,1100,47,1,0
2000,1100,48,2,0
2000,1100,49,1,0
2000,1100,51,4,0
2000,1100,52,1,0
2000,1200,1,2,0
2000,1200,2,2,0
2000,1200,5,3,0
2000,1200,7,1,0
2000,1200,9,1,0
2000,1200,11,3,0
2000,1200,13,2,0
2000,1200,20,4,0
2000,1200,21,1,0
2000,1200,22,2,0
2000,1200,23,2,0
2000,1200,24,2,0
2000,1200,27,1,0
2000,1200,32,3,1
2000,1200,33,1,0
2000,1200,34,4,0
2000,1200,35,1,0
2000,1200,38,4,0
2000,1200,39,2,0
2000,1200,47,1,0
2000,1200,50,1,0
2000,1200,52,6,0
2000,1200,53,2,0
2000,1300,1,2,0
2000,1300,5,2,0
2000,1300,6,4,0
2000,1300,7,10,2
2000,1300,11,2,0
2000,1300,12,1,0
2000,1300,13,4,0
2000,1300,14,3,2
2000,1300,15,1,0
2000,1300,20,1,0
2000,1300,26,1,0
2000,1300,28,3,0
2000,1300,31,2,0
2000,1300,32,2,0
2000,1300,39,1,0
2000,1300,40,1,0
2000,1300,44,1,0
2000,1300,51,1,0
2000,1300,52,1,0
2000,1300,53,1,0
2000,1400,1,1,0
2000,1400,7,1,0
2000,1400,8,1,0
2000,1400,10,1,0
2000,1400,11,8,0
2000,1400,12,3,0
2000,1400,17,1,0
2000,1400,18,1,1
2000,1400,21,1,0
2000,1400,25,1,0
2000,1400,28,1,0
2000,1400,31,1,1
2000,1400,33,1,1
2000,1400,35,1,0
2000,1400,47,1,0
2000,1400,51,1,0
2000,1500,1,1,0
2000,1500,2,2,0
2000,1500,3,2,0
2000,1500,4,4,0
2000,1500,5,9,0
2000,1500,7,1,0
2000,1500,8,2,0
2000,1500,9,1,0
2000,1500,11,7,0
2000,1500,12,5,2
2000,1500,18,1,0
2000,1500,20,2,1
2000,1500,25,3,0
2000,1500,27,2,1
2000,1500,28,3,1
2000,1500,32,2,2
2000,1500,36,1,0
2000,1500,40,1,0
2000,1500,43,2,0
2000,1500,45,1,0
2000,1500,51,1,0
2000,1500,52,2,0
2000,1500,53,4,1
2000,1600,1,1,0
2000,1600,6,1,0
2000,1600,10,1,0
2000,1600,11,3,0
2000,1600,13,5,1
2000,1600,14,1,1
2000,1600,27,1,1
2000,1600,32,2,1
2000,1600,36,1,0
2000,1600,52,1,0
2000,1600,53,1,0
2000,1700,13,1,0
2000,1700,22,1,0
2000,1700,24,1,0
2000,1700,25,1,0
2000,1700,33,1,0
2000,1700,34,3,0
2000,1700,44,1,0
2000,1800,8,1,0
2000,1800,11,1,0
2000,1800,14,1,0
2000,1800,35,1,0
2000,1800,51,1,0
2000,1900,11,3,0
2000,1900,50,1,0
2000,2000,22,1,0
2000,2000,34,1,0
2000,2100,5,3,0
2000,2100,8,1,0
2000,2100,10,2,0
2000,2100,11,1,0
2000,2100,13,4,0
2000,2300,2,1,0
2000,2300,4,2,0
2000,2300,11,4,0
2000,2300,13,1,0
2000,2300,14,4,0
2000,2300,15,1,0
2000,2300,17,1,0
2000,2300,28,2,0
2000,2300,50,1,0
2000,2300,52,1,0
2000,2400,13,1,0
2001,0,1,16,1
2001,0,2,30,3
2001,0,3,23,0
2001,0,4,11,0
2001,0,5,15,0
2001,0,6,16,0
2001,0,7,33,2
2001,0,8,20,1
2001,0,9,36,1
2001,0,10,48,1
2001,0,11,38,1
2001,0,12,22,2
2001,0,13,7,1
2001,0,14,11,0
2001,0,15,23,0
2001,0,16,1,0
2001,0,17,12,0
2001,0,18,9,0
2001,0,19,4,0
2001,0,20,4,1
2001,0,21,1,0
2001,0,23,1,0
2001,0,25,8,0
2001,0,26,7,0
2001,0,27,16,0
2001,0,28,12,0
2001,0,29,7,1
2001,0,30,22,0
2001,0,31,8,0
2001,0,32,2,0
2001,0,33,1,0
2001,0,34,4,0
2001,0,35,3,0
2001,0,36,5,0
2001,0,37,2,0
2001,0,38,4,0
2001,0,39,2,0
2001,0,40,6,0
2001,0,41,4,0
2001,0,42,5,0
2001,0,43,12,0
2001,0,44,8,0
2001,0,45,8,0
2001,0,46,6,0
2001,0,47,10,0
2001,0,48,12,0
2001,0,49,6,0
2001,0,50,3,0
2001,0,51,4,0
2001,0,52,18,0
2001,0,53,7,0
2001,100,1,15,1
2001,100,2,1,0
2001,100,3,7,0
2001,100,4,10,6
2001,100,5,9,6
2001,100,6,5,0
2001,100,7,11,0
2001,100,8,4,0
2001,100,9,3,0
2001,100,10,4,0
2001,100,11,6,0
2001,100,12,2,0
2001,100,13,3,0
2001,100,14,5,0
2001,100,15,13,0
2001,100,17,1,0
2001,100,18,2,0
2001,100,19,2,0
2001,100,21,4,0
2001,100,25,1,0
2001,100,26,1,0
2001,100,27,9,0
2001,100,28,2,0
2001,100,29,3,0
2001,100,30,5,0
2001,100,31,1,0
2001,100,32,1,0
2001,100,34,2,0
2001,100,35,1,0
2001,100,36,1,0
2001,100,37,2,0
2001,100,38,3,0
2001,100,39,3,0
2001,100,40,2,0
2001,100,41,2,0
2001,100,42,1,0
2001,100,43,1,0
2001,100,45,3,0
2001,100,47,1,0
2001,100,48,1,0
2001,100,49,1,0
2001,100,50,1,0
2001,100,51,1,0
2001,100,52,6,0
2001,100,53,2,0
2001,200,1,2,0
2001,200,2,1,0
2001,200,3,2,0
2001,200,4,1,0
2001,200,6,2,0
2001,200,7,4,0
2001,200,8,1,0
2001,200,9,1,0
2001,200,10,2,0
2001,200,12,1,0
2001,200,14,1,0
2001,200,15,1,0
2001,200,17,1,0
2001,200,19,1,0
2001,200,24,1,0
2001,200,25,3,0
2001,200,27,1,0
2001,200,28,4,0
2001,200,30,1,0
2001,200,33,1,0
2001,200,37,1,0
2001,200,41,1,0
2001,200,45,1,0
2001,200,46,1,0
2001,200,50,1,0
2001,200,51,4,0
2001,200,52,2,0
2001,300,8,1,0
2001,300,14,1,0
2001,300,20,1,0
2001,300,24,1,0
2001,300,27,1,0
2001,300,28,1,0
2001,300,35,1,0
2001,300,38,1,0
2001,300,52,1,0
2001,400,1,2,0
2001,400,3,1,0
2001,400,6,4,0
2001,400,8,1,0
2001,400,14,1,0
2001,400,15,1,0
2001,400,30,5,0
2001,400,36,1,0
2001,400,45,1,0
2001,500,2,1,0
2001,500,3,1,0
2001,500,4,1,0
2001,500,5,1,0
2001,500,6,1,0
2001,500,7,2,0
2001,500,8,1,0
2001,500,9,2,0
2001,500,10,2,0
2001,500,11,2,1
2001,500,12,1,0
2001,500,13,2,0
2001,500,14,3,0
2001,500,15,1,0
2001,500,17,1,0
2001,500,24,1,0
2001,500,26,6,0
2001,500,28,2,0
2001,500,31,1,0
2001,500,32,2,1
2001,500,41,2,0
2001,500,44,1,0
2001,500,47,1,0
2001,500,51,1,0
2001,500,52,3,0
2001,500,53,1,0
2001,600,1,3,0
2001,600,2,1,0
2001,600,3,1,0
2001,600,4,1,0
2001,600,5,3,0
2001,600,6,2,0
2001,600,7,1,0
2001,600,8,3,0
2001,600,9,2,0
2001,600,10,5,0
2001,600,11,4,0
2001,600,12,4,0
2001,600,13,1,0
2001,600,15,5,0
2001,600,16,1,0
2001,600,17,3,0
2001,600,18,2,0
2001,600,24,1,0
2001,600,26,1,0
2001,600,27,2,0
2001,600,28,4,0
2001,600,29,1,0
2001,600,32,1,0
2001,600,36,1,0
2001,600,45,1,0
2001,600,48,2,0
2001,600,52,2,0
2001,600,53,1,0
2001,700,2,2,0
2001,700,3,1,0
2001,700,6,2,0
2001,700,7,1,0
2001,700,9,1,0
2001,700,10,1,0
2001,700,12,6,0
2001,700,13,1,0
2001,700,20,4,0
2001,700,21,6,0
2001,700,22,8,0
2001,700,23,6,0
2001,700,24,3,0
2001,700,25,1,0
2001,700,29,1,0
2001,700,32,3,0
2001,700,43,1,0
2001,700,45,1,0
2001,800,1,4,0
2001,800,6,2,0
2001,800,7,1,0
2001,800,8,1,0
2001,800,9,1,0
2001,800,11,2,0
2001,800,12,2,0
2001,800,14,2,0
2001,800,22,1,0
2001,800,32,1,0
2001,800,42,1,0
2001,800,43,2,0
2001,800,45,2,0
2001,800,48,1,0
2001,800,52,1,0
2001,900,1,1,0
2001,900,2,5,0
2001,900,3,1,0
2001,900,5,2,0
2001,900,6,2,0
2001,900,7,6,0
2001,900,8,5,0
2001,900,9,5,0
2001,900,10,5,0
2001,900,11,4,0
2001,900,12,3,0
2001,900,13,3,0
2001,900,15,3,0
2001,900,18,1,0
2001,900,19,1,0
2001,900,20,1,0
2001,900,25,1,0
2001,900,27,5,0
2001,900,28,2,0
2001,900,29,4,0
2001,900,32,1,0
2001,900,37,3,0
2001,900,38,7,0
2001,900,39,2,0
2001,900,41,1,0
2001,900,43,1,0
2001,900,45,4,0
2001,900,46,2,0
2001,900,47,1,0
2001,900,52,2,0
2001,900,53,1,0
2001,1000,4,2,0
2001,1000,5,2,0
2001,1000,7,4,0
2001,1000,8,3,0
2001,1000,9,3,0
2001,1000,10,2,0
2001,1000,12,1,0
2001,1000,15,4,0
2001,1000,16,4,0
2001,1000,17,4,0
2001,1000,18,3,0
2001,1000,19,1,0
2001,1000,20,1,0
2001,1000,21,2,0
2001,1000,24,3,0
2001,1000,25,3,0
2001,1000,26,3,0
2001,1000,29,1,0
2001,1000,32,3,0
2001,1000,33,7,0
2001,1000,34,2,0
2001,1000,38,5,0
2001,1000,39,2,0
2001,1000,46,3,0
2001,1000,47,1,0
2001,1000,48,1,0
2001,1000,50,1,0
2001,1000,52,1,0
2001,1000,53,1,0
2001,1100,1,5,0
2001,1100,2,3,0
2001,1100,3,2,0
2001,1100,4,4,0
2001,1100,5,4,0
2001,1100,6,3,0
2001,1100,7,4,0
2001,1100,8,2,0
2001,1100,9,4,0
2001,1100,10,6,0
2001,1100,11,1,0
2001,1100,12,2,0
2001,1100,14,6,0
2001,1100,15,1,0
2001,1100,16,9,0
2001,1100,18,2,0
2001,1100,19,1,0
2001,1100,23,1,0
2001,1100,24,2,0
2001,1100,25,2,0
2001,1100,26,1,0
2001,1100,27,2,0
2001,1100,31,1,1
2001,1100,38,3,0
2001,1100,39,2,0
2001,1100,46,3,0
2001,1100,50,1,0
2001,1100,53,1,0
2001,1200,1,2,0
2001,1200,4,2,0
2001,1200,5,2,0
2001,1200,7,6,0
2001,1200,8,2,0
2001,1200,9,5,0
2001,1200,10,2,0
2001,1200,11,3,0
2001,1200,12,2,0
2001,1200,16,4,0
2001,1200,17,4,0
2001,1200,18,5,0
2001,1200,21,1,0
2001,1200,24,3,0
2001,1200,25,2,0
2001,1200,26,1,0
2001,1200,27,1,0
2001,1200,33,2,0
2001,1200,34,2,0
2001,1200,35,3,0
2001,1200,47,1,0
2001,1200,49,2,0
2001,1200,50,4,0
2001,1200,52,1,0
2001,1300,1,2,0
2001,1300,2,7,0
2001,1300,3,4,0
2001,1300,4,2,0
2001,1300,6,1,0
2001,1300,7,5,0
2001,1300,8,3,0
2001,1300,9,5,0
2001,1300,10,1,0
2001,1300,11,3,0
2001,1300,12,1,0
2001,1300,13,1,0
2001,1300,14,1,0
2001,1300,15,1,0
2001,1300,17,3,0
2001,1300,19,1,0
2001,1300,21,1,1
2001,1300,22,1,0
2001,1300,23,1,1
2001,1300,24,4,1
2001,1300,26,5,2
2001,1300,28,3,1
2001,1300,29,1,0
2001,1300,31,1,1
2001,1300,32,1,1
2001,1300,34,1,0
2001,1300,41,1,0
2001,1300,45,2,0
2001,1300,47,1,0
2001,1300,48,1,0
2001,1300,49,1,0
2001,1300,52,2,0
2001,1400,1,3,0
2001,1400,2,1,0
2001,1400,3,1,0
2001,1400,4,1,0
2001,1400,5,3,0
2001,1400,6,1,0
2001,1400,9,2,0
2001,1400,10,2,0
2001,1400,11,1,0
2001,1400,12,3,0
2001,1400,14,2,0
2001,1400,15,3,2
2001,1400,16,1,0
2001,1400,18,2,0
2001,1400,19,1,0
2001,1400,25,1,1
2001,1400,27,2,0
2001,1400,28,8,4
2001,1400,32,1,0
2001,1400,38,1,0
2001,1400,41,1,0
2001,1400,45,1,0
2001,1400,46,1,0
2001,1400,47,1,0
2001,1400,48,1,0
2001,1400,51,1,0
2001,1400,52,1,0
2001,1500,1,2,0
2001,1500,2,4,0
2001,1500,3,2,0
2001,1500,4,4,0
2001,1500,5,4,0
2001,1500,7,2,0
2001,1500,8,2,0
2001,1500,9,2,0
2001,1500,10,1,0
2001,1500,11,5,0
2001,1500,12,4,1
2001,1500,14,1,0
2001,1500,15,4,3
2001,1500,17,4,1
2001,1500,18,1,1
2001,1500,20,1,0
2001,1500,22,1,1
2001,1500,28,5,0
2001,1500,29,1,1
2001,1500,31,1,1
2001,1500,42,1,0
2001,1500,45,1,0
2001,1500,47,5,0
2001,1500,48,2,0
2001,1500,52,5,0
2001,1600,3,2,0
2001,1600,4,1,0
2001,1600,6,1,0
2001,1600,7,2,0
2001,1600,8,1,0
2001,1600,9,5,0
2001,1600,10,1,0
2001,1600,11,1,0
2001,1600,13,1,0
2001,1600,14,1,1
2001,1600,15,2,0
2001,1600,17,2,1
2001,1600,19,1,0
2001,1600,24,1,0
2001,1600,27,2,0
2001,1600,33,1,0
2001,1600,44,3,0
2001,1600,47,1,0
2001,1600,51,1,0
2001,1600,52,1,0
2001,1700,2,1,0
2001,1700,7,2,0
2001,1700,10,2,0
2001,1700,14,1,0
2001,1700,15,1,0
2001,1700,16,1,0
2001,1700,18,1,0
2001,1700,28,1,0
2001,1700,36,1,0
2001,1700,51,3,0
2001,1800,2,1,0
2001,1800,4,1,0
2001,1800,19,1,0
2001,1800,26,1,0
2001,1900,4,1,0
2001,1900,8,1,0
2001,1900,9,2,0
2001,1900,10,4,0
2001,1900,11,1,0
2001,1900,25,1,0
2001,1900,33,1,0
2001,1900,49,1,0
2001,1900,52,1,0
2001,2200,11,2,0
2001,2300,2,2,0
2001,2300,3,1,0
2001,2300,7,3,0
2001,2300,8,5,0
2001,2300,9,3,0
2001,2300,10,5,0
2001,2300,11,4,0
2001,2300,13,1,0
2001,2300,14,1,0
2001,2300,16,1,0
2001,2300,17,1,0
2001,2300,18,1,0
2001,2300,20,1,0
2001,2300,26,1,0
2001,2300,50,1,0
2001,2300,52,3,0
2001,2400,9,1,0
2001,2400,10,1,0
2001,2400,15,1,0
2001,2400,16,1,0
2001,2400,21,1,0
2001,2400,24,1,0
2001,2400,48,2,0
2002,0,1,8,1
2002,0,2,2,0
2002,0,3,8,0
2002,0,4,7,0
2002,0,5,4,2
2002,0,6,7,2
2002,0,7,15,0
2002,0,8,28,0
2002,0,9,28,3
2002,0,10,15,1
2002,0,11,15,0
2002,0,12,16,0
2002,0,13,20,1
2002,0,14,8,0
2002,0,15,8,0
2002,0,16,13,0
2002,0,17,15,0
2002,0,18,7,0
2002,0,19,2,0
2002,0,20,3,0
2002,0,21,4,0
2002,0,22,4,0
2002,0,23,1,0
2002,0,24,8,0
2002,0,27,1,0
2002,0,28,5,0
2002,0,29,1,0
2002,0,30,7,0
2002,0,31,1,0
2002,0,32,7,0
2002,0,33,5,0
2002,0,34,3,0
2002,0,35,2,0
2002,0,39,1,0
2002,0,40,1,0
2002,0,41,2,0
2002,0,42,4,0
2002,0,43,3,0
2002,0,44,5,0
2002,0,45,10,0
2002,0,46,4,0
2002,0,47,7,0
2002,0,48,10,0
2002,0,49,7,0
2002,0,50,4,0
2002,0,51,14,0
2002,0,52,13,1
2002,0,53,1,1
2002,100,1,6,0
2002,100,3,6,3
2002,100,4,4,3
2002,100,5,3,0
2002,100,6,1,0
2002,100,7,2,0
2002,100,8,6,0
2002,100,9,7,0
2002,100,10,6,0
2002,100,11,3,1
2002,100,12,2,0
2002,100,13,4,0
2002,100,14,2,0
2002,100,17,4,0
2002,100,23,1,0
2002,100,24,2,0
2002,100,25,5,0
2002,100,27,2,0
2002,100,30,1,0
2002,100,31,3,0
2002,100,32,1,0
2002,100,33,2,0
2002,100,37,1,0
2002,100,42,3,0
2002,100,45,2,0
2002,100,46,2,0
2002,100,50,5,0
2002,100,51,1,0
2002,200,3,1,0
2002,200,6,1,0
2002,200,7,2,0
2002,200,8,4,0
2002,200,9,3,0
2002,200,11,1,0
2002,200,14,1,0
2002,200,17,1,0
2002,200,23,4,0
2002,200,30,3,0
2002,200,32,2,0
2002,200,48,1,0
2002,200,51,1,0
2002,200,52,1,0
2002,300,2,1,0
2002,300,5,1,0
2002,300,6,4,0
2002,300,7,1,0
2002,300,9,2,0
2002,300,13,1,0
2002,300,17,1,0
2002,300,20,1,0
2002,300,39,1,0
2002,300,41,2,0
2002,300,50,2,0
2002,400,4,1,0
2002,400,9,1,0
2002,400,28,1,0
2002,400,30,3,0
2002,400,51,1,0
2002,500,3,2,0
2002,500,6,1,0
2002,500,7,1,0
2002,500,8,4,0
2002,500,9,3,0
2002,500,11,2,0
2002,500,14,1,0
2002,500,15,2,0
2002,500,25,2,0
2002,500,28,1,0
2002,500,29,1,0
2002,500,32,2,0
2002,500,34,1,0
2002,500,38,1,0
2002,500,39,1,0
2002,500,42,3,0
2002,500,43,1,0
2002,500,46,1,0
2002,500,48,2,0
2002,500,50,2,0
2002,500,51,5,1
2002,600,1,1,0
2002,600,2,2,0
2002,600,3,2,0
2002,600,4,1,0
2002,600,5,2,0
2002,600,7,2,1
2002,600,8,3,1
2002,600,9,3,0
2002,600,12,1,0
2002,600,13,7,0
2002,600,16,3,0
2002,600,17,3,0
2002,600,29,1,0
2002,600,38,1,0
2002,600,39,1,0
2002,600,43,1,0
2002,600,44,1,0
2002,600,46,1,0
2002,600,48,5,0
2002,600,50,5,0
2002,600,51,1,0
2002,700,1,1,0
2002,700,6,1,0
2002,700,7,1,0
2002,700,8,1,0
2002,700,9,7,1
2002,700,10,2,0
2002,700,15,3,0
2002,700,16,7,0
2002,700,21,1,0
2002,700,23,1,0
2002,700,29,1,0
2002,700,30,1,0
2002,700,31,1,0
2002,700,32,1,0
2002,700,33,2,0
2002,700,34,1,0
2002,700,36,1,0
2002,700,39,1,0
2002,700,40,1,0
2002,700,44,1,0
2002,700,46,1,0
2002,700,47,1,0
2002,800,3,1,0
2002,800,6,1,0
2002,800,8,3,0
2002,800,10,1,0
2002,800,14,2,0
2002,800,15,1,0
2002,800,17,1,0
2002,800,21,1,0
2002,800,23,1,0
2002,800,24,1,0
2002,800,29,1,0
2002,800,32,1,0
2002,800,34,2,0
2002,800,40,1,0
2002,800,42,1,0
2002,800,45,2,0
2002,800,46,1,0
2002,900,2,1,0
2002,900,5,2,0
2002,900,6,3,0
2002,900,7,8,0
2002,900,8,1,0
2002,900,9,5,0
2002,900,10,2,0
2002,900,11,2,0
2002,900,12,2,0
2002,900,14,1,0
2002,900,15,2,0
2002,900,16,2,0
2002,900,17,2,0
2002,900,22,1,0
2002,900,24,1,0
2002,900,31,8,0
2002,900,32,14,0
2002,900,34,2,0
2002,900,36,1,0
2002,900,45,1,0
2002,900,47,2,0
2002,1000,1,1,0
2002,1000,2,2,0
2002,1000,3,1,0
2002,1000,4,2,0
2002,1000,5,1,0
2002,1000,7,1,1
2002,1000,8,5,0
2002,1000,9,1,0
2002,1000,11,4,0
2002,1000,12,5,0
2002,1000,14,2,0
2002,1000,15,1,0
2002,1000,16,1,0
2002,1000,23,1,0
2002,1000,25,1,0
2002,1000,32,1,0
2002,1000,35,1,0
2002,1000,47,1,0
2002,1000,48,2,0
2002,1100,1,1,0
2002,1100,2,1,0
2002,1100,3,3,0
2002,1100,6,1,0
2002,1100,7,4,0
2002,1100,9,4,0
2002,1100,10,3,0
2002,1100,11,3,0
2002,1100,12,1,0
2002,1100,16,1,0
2002,1100,22,3,0
2002,1100,23,3,0
2002,1100,24,1,0
2002,1100,25,2,0
2002,1100,28,2,0
2002,1100,29,2,0
2002,1100,30,6,1
2002,1100,31,2,0
2002,1100,33,1,0
2002,1100,34,1,0
2002,1100,41,1,0
2002,1100,43,1,0
2002,1100,46,1,0
2002,1100,48,3,0
2002,1100,50,2,0
2002,1100,51,1,0
2002,1200,8,3,0
2002,1200,9,1,0
2002,1200,12,1,0
2002,1200,15,3,1
2002,1200,17,2,0
2002,1200,18,3,0
2002,1200,24,2,0
2002,1200,25,3,0
2002,1200,27,1,1
2002,1200,31,2,0
2002,1200,32,2,0
2002,1200,35,1,0
2002,1200,38,1,0
2002,1200,41,1,0
2002,1200,49,1,0
2002,1200,50,1,0
2002,1200,51,1,0
2002,1300,2,2,0
2002,1300,3,1,0
2002,1300,4,2,0
2002,1300,5,2,0
2002,1300,8,3,0
2002,1300,9,5,0
2002,1300,10,5,0
2002,1300,11,2,1
2002,1300,13,3,0
2002,1300,14,2,1
2002,1300,17,3,0
2002,1300,18,1,0
2002,1300,25,1,0
2002,1300,28,2,1
2002,1300,34,1,0
2002,1300,39,1,0
2002,1300,41,1,0
2002,1300,44,1,0
2002,1300,45,2,0
2002,1300,46,1,0
2002,1300,48,1,0
2002,1300,49,1,0
2002,1300,50,2,0
2002,1300,52,1,0
2002,1400,1,2,0
2002,1400,3,1,0
2002,1400,4,2,0
2002,1400,5,1,0
2002,1400,8,6,0
2002,1400,9,3,0
2002,1400,10,2,0
2002,1400,13,2,0
2002,1400,18,1,0
2002,1400,21,1,0
2002,1400,24,2,0
2002,1400,28,1,0
2002,1400,30,2,1
2002,1400,31,1,0
2002,1400,34,2,2
2002,1400,35,2,0
2002,1400,36,1,0
2002,1400,38,1,0
2002,1400,41,1,0
2002,1400,47,1,0
2002,1400,51,2,0
2002,1400,52,1,0
2002,1500,1,2,0
2002,1500,4,3,0
2002,1500,5,2,0
2002,1500,6,2,0
2002,1500,7,2,0
2002,1500,8,6,1
2002,1500,9,3,1
2002,1500,10,1,0
2002,1500,13,1,0
2002,1500,15,2,0
2002,1500,16,2,0
2002,1500,17,2,0
2002,1500,18,2,0
2002,1500,20,1,0
2002,1500,24,3,0
2002,1500,25,1,0
2002,1500,27,1,0
2002,1500,30,1,0
2002,1500,31,1,0
2002,1500,33,1,0
2002,1500,38,3,0
2002,1500,43,1,0
2002,1500,49,2,0
2002,1500,50,5,0
2002,1500,52,4,1
2002,1600,1,1,0
2002,1600,2,1,0
2002,1600,4,1,0
2002,1600,8,1,0
2002,1600,11,1,0
2002,1600,12,2,1
2002,1600,13,2,1
2002,1600,14,1,1
2002,1600,17,1,1
2002,1600,45,1,0
2002,1600,46,2,0
2002,1600,47,1,0
2002,1600,50,1,0
2002,1600,52,1,0
2002,1700,4,1,0
2002,1700,6,1,0
2002,1700,8,1,0
2002,1700,11,1,0
2002,1700,14,1,0
2002,1700,16,1,0
2002,1700,21,1,0
2002,1700,23,1,0
2002,1700,38,1,0
2002,1700,40,1,0
2002,1700,41,1,0
2002,1700,43,1,0
2002,1700,51,2,0
2002,1800,20,1,0
2002,1800,24,1,0
2002,1800,29,3,0
2002,1900,2,1,0
2002,1900,3,1,0
2002,1900,6,1,0
2002,1900,8,1,0
2002,1900,16,1,0
2002,1900,33,2,0
2002,1900,43,1,0
2002,2000,2,1,0
2002,2100,5,1,0
2002,2100,8,1,0
2002,2100,12,1,1
2002,2100,14,1,0
2002,2100,31,1,0
2002,2200,33,1,0
2002,2200,53,1,0
2002,2300,3,1,0
2002,2300,6,2,0
2002,2300,8,1,0
2002,2300,9,1,0
2002,2300,10,1,0
2002,2300,11,1,0
2002,2300,12,1,0
2002,2300,13,1,0
2002,2300,14,2,0
2002,2300,15,1,0
2002,2300,17,1,0
2002,2300,23,4,0
2002,2300,31,5,0
2002,2300,32,1,0
2002,2300,51,1,0
2002,2400,6,1,0
2002,2400,8,2,0
2002,2400,16,1,0
2002,2400,23,1,0
2002,2400,51,1,0
2003,0,1,18,7
2003,0,2,18,2
2003,0,3,16,0
2003,0,4,8,0
2003,0,5,13,0
2003,0,6,24,3
2003,0,7,28,1
2003,0,8,26,0
2003,0,9,31,1
2003,0,10,10,1
2003,0,11,22,0
2003,0,12,6,0
2003,0,13,17,0
2003,0,14,24,0
2003,0,15,32,1
2003,0,16,25,1
2003,0,17,7,0
2003,0,18,2,0
2003,0,20,1,0
2003,0,21,2,0
2003,0,22,6,0
2003,0,23,5,0
2003,0,24,3,0
2003,0,25,13,0
2003,0,26,9,0
2003,0,27,12,0
2003,0,28,7,0
2003,0,29,7,0
2003,0,30,5,0
2003,0,31,9,0
2003,0,32,26,0
2003,0,33,9,0
2003,0,34,12,0
2003,0,35,3,0
2003,0,36,1,0
2003,0,37,5,0
2003,0,38,10,0
2003,0,40,6,0
2003,0,41,7,0
2003,0,42,13,0
2003,0,43,6,0
2003,0,44,16,0
2003,0,45,10,0
2003,0,46,16,0
2003,0,47,17,0
2003,0,48,5,0
2003,0,50,4,0
2003,0,51,9,0
2003,0,52,27,0
2003,0,53,1,0
2003,100,1,3,0
2003,100,2,2,0
2003,100,3,2,0
2003,100,5,3,1
2003,100,6,6,0
2003,100,7,10,3
2003,100,8,2,0
2003,100,9,1,0
2003,100,10,5,0
2003,100,11,6,0
2003,100,13,1,0
2003,100,14,3,0
2003,100,15,2,0
2003,100,16,2,0
2003,100,17,3,0
2003,100,24,1,0
2003,100,25,1,0
2003,100,26,3,0
2003,100,27,8,0
2003,100,28,7,0
2003,100,29,2,0
2003,100,32,3,0
2003,100,33,2,0
2003,100,34,5,0
2003,100,35,1,0
2003,100,36,1,0
2003,100,38,6,0
2003,100,42,1,0
2003,100,43,1,0
2003,100,45,2,0
2003,100,46,1,0
2003,100,47,1,0
2003,100,48,2,0
2003,100,49,1,0
2003,100,51,1,0
2003,100,52,11,0
2003,200,1,1,0
2003,200,2,1,0
2003,200,6,1,0
2003,200,7,2,0
2003,200,8,2,0
2003,200,9,1,0
2003,200,12,1,0
2003,200,13,3,0
2003,200,14,1,0
2003,200,15,5,0
2003,200,16,1,0
2003,200,17,2,0
2003,200,25,2,0
2003,200,26,1,0
2003,200,27,2,0
2003,200,28,1,0
2003,200,29,1,0
2003,200,31,1,0
2003,200,32,4,0
2003,200,33,8,0
2003,200,45,1,0
2003,200,46,1,0
2003,200,47,3,0
2003,200,51,1,0
2003,200,53,1,0
2003,300,4,2,0
2003,300,5,1,0
2003,300,7,2,0
2003,300,8,2,0
2003,300,9,1,0
2003,300,13,1,0
2003,300,14,1,0
2003,300,15,1,0
2003,300,17,1,0
2003,300,19,1,0
2003,300,23,1,0
2003,300,39,1,0
2003,300,44,1,0
2003,300,46,1,0
2003,300,50,2,0
2003,300,51,1,0
2003,300,52,3,0
2003,400,1,2,0
2003,400,2,1,0
2003,400,7,1,0
2003,400,8,3,0
2003,400,9,2,0
2003,400,29,2,0
2003,400,32,1,0
2003,400,34,1,0
2003,400,39,1,0
2003,400,40,2,0
2003,500,1,1,0
2003,500,2,2,0
2003,500,3,1,0
2003,500,4,5,0
2003,500,5,2,0
2003,500,7,3,0
2003,500,8,2,0
2003,500,9,1,0
2003,500,10,3,0
2003,500,11,2,0
2003,500,12,1,0
2003,500,13,3,0
2003,500,14,4,0
2003,500,15,4,0
2003,500,16,1,0
2003,500,17,1,0
2003,500,24,2,0
2003,500,25,1,0
2003,500,26,7,0
2003,500,28,1,0
2003,500,29,1,0
2003,500,30,1,0
2003,500,32,4,0
2003,500,34,1,0
2003,500,36,1,0
2003,500,38,2,0
2003,500,39,2,0
2003,500,40,1,0
2003,500,41,1,0
2003,500,45,1,0
2003,500,46,1,0
2003,500,47,2,0
2003,500,50,2,0
2003,500,51,6,0
2003,500,52,5,0
2003,600,1,1,0
2003,600,3,4,0
2003,600,4,1,0
2003,600,5,3,0
2003,600,6,3,0
2003,600,7,8,0
2003,600,9,2,0
2003,600,10,5,0
2003,600,11,5,0
2003,600,12,2,0
2003,600,13,1,0
2003,600,14,1,0
2003,600,15,1,0
2003,600,16,2,0
2003,600,17,1,0
2003,600,26,4,0
2003,600,29,2,0
2003,600,32,2,0
2003,600,34,1,0
2003,600,35,1,0
2003,600,37,1,0
2003,600,38,4,0
2003,600,39,1,0
2003,600,40,1,0
2003,600,44,1,0
2003,600,47,4,0
2003,600,51,4,0
2003,600,52,2,0
2003,700,1,1,0
2003,700,3,3,0
2003,700,4,1,0
2003,700,5,1,0
2003,700,7,4,0
2003,700,8,1,0
2003,700,9,1,0
2003,700,10,2,0
2003,700,12,2,0
2003,700,13,3,0
2003,700,14,2,0
2003,700,16,1,0
2003,700,20,1,0
2003,700,22,1,0
2003,700,25,1,0
2003,700,27,1,0
2003,700,28,1,0
2003,700,29,1,0
2003,700,30,1,0
2003,700,34,6,4
2003,700,35,5,2
2003,700,37,1,0
2003,700,39,2,0
2003,700,40,4,0
2003,700,41,1,1
2003,700,44,1,0
2003,700,47,1,0
2003,700,48,1,0
2003,800,1,1,0
2003,800,5,1,0
2003,800,6,1,0
2003,800,7,1,0
2003,800,10,4,0
2003,800,12,2,0
2003,800,14,1,0
2003,800,20,4,0
2003,800,26,1,0
2003,800,28,3,0
2003,800,30,1,0
2003,800,33,2,0
2003,800,34,3,0
2003,800,38,1,0
2003,800,40,1,0
2003,800,45,3,0
2003,800,46,1,0
2003,800,47,1,0
2003,800,50,1,0
2003,800,51,2,0
2003,900,1,1,0
2003,900,2,1,0
2003,900,3,1,0
2003,900,5,2,0
2003,900,6,2,0
2003,900,7,4,0
2003,900,9,2,0
2003,900,10,2,0
2003,900,11,5,0
2003,900,13,5,0
2003,900,14,4,0
2003,900,15,4,1
2003,900,22,1,0
2003,900,23,4,0
2003,900,24,1,0
2003,900,25,3,0
2003,900,26,1,0
2003,900,27,1,0
2003,900,28,6,0
2003,900,29,4,0
2003,900,30,2,0
2003,900,32,4,0
2003,900,33,7,0
2003,900,34,2,0
2003,900,35,1,0
2003,900,36,2,0
2003,900,41,1,0
2003,900,42,1,0
2003,900,45,14,0
2003,900,46,3,0
2003,900,47,3,0
2003,900,49,2,0
2003,900,51,5,0
2003,900,53,1,0
2003,1000,2,3,0
2003,1000,5,2,0
2003,1000,6,1,0
2003,1000,7,1,0
2003,1000,16,1,0
2003,1000,17,1,0
2003,1000,18,1,0
2003,1000,21,1,0
2003,1000,22,1,0
2003,1000,23,1,0
2003,1000,24,2,0
2003,1000,26,2,0
2003,1000,27,1,0
2003,1000,31,1,0
2003,1000,33,3,0
2003,1000,34,3,1
2003,1000,35,2,1
2003,1000,36,2,0
2003,1000,37,1,0
2003,1000,40,1,0
2003,1000,43,1,0
2003,1000,46,3,0
2003,1000,47,1,0
2003,1000,48,1,0
2003,1000,50,1,0
2003,1000,51,2,0
2003,1000,52,1,0
2003,1100,1,1,0
2003,1100,2,1,0
2003,1100,3,1,0
2003,1100,4,2,0
2003,1100,5,6,0
2003,1100,6,6,0
2003,1100,7,5,0
2003,1100,8,3,0
2003,1100,9,5,0
2003,1100,10,3,0
2003,1100,11,4,0
2003,1100,13,2,0
2003,1100,14,4,0
2003,1100,15,7,0
2003,1100,16,1,0
2003,1100,18,2,0
2003,1100,19,2,0
2003,1100,20,3,0
2003,1100,24,4,0
2003,1100,25,2,0
2003,1100,26,3,0
2003,1100,27,1,0
2003,1100,28,2,0
2003,1100,29,1,0
2003,1100,32,2,0
2003,1100,33,6,0
2003,1100,34,1,0
2003,1100,35,3,0
2003,1100,36,3,0
2003,1100,37,6,0
2003,1100,45,2,0
2003,1100,46,2,0
2003,1100,47,2,0
2003,1100,49,1,0
2003,1100,51,4,0
2003,1100,52,2,0
2003,1200,2,3,0
2003,1200,3,1,0
2003,1200,4,2,0
2003,1200,6,4,0
2003,1200,8,3,1
2003,1200,9,7,0
2003,1200,10,1,0
2003,1200,12,1,0
2003,1200,13,1,0
2003,1200,15,2,0
2003,1200,17,2,0
2003,1200,20,3,0
2003,1200,23,1,0
2003,1200,25,1,0
2003,1200,26,1,0
2003,1200,28,1,0
2003,1200,29,3,0
2003,1200,33,9,0
2003,1200,34,4,0
2003,1200,37,2,0
2003,1200,38,1,0
2003,1200,39,1,0
2003,1200,40,1,0
2003,1200,43,4,0
2003,1200,47,1,0
2003,1200,48,2,0
2003,1200,50,4,0
2003,1200,51,2,0
2003,1300,1,1,0
2003,1300,2,1,0
2003,1300,3,3,0
2003,1300,4,1,0
2003,1300,5,4,1
2003,1300,6,14,1
2003,1300,7,1,0
2003,1300,8,3,0
2003,1300,9,2,0
2003,1300,11,3,0
2003,1300,12,5,0
2003,1300,13,6,0
2003,1300,14,1,0
2003,1300,15,2,0
2003,1300,17,1,0
2003,1300,19,1,0
2003,1300,20,1,0
2003,1300,23,1,0
2003,1300,25,1,0
2003,1300,26,1,0
2003,1300,27,1,1
2003,1300,29,1,0
2003,1300,32,6,1
2003,1300,34,1,0
2003,1300,38,3,0
2003,1300,46,1,0
2003,1300,47,3,0
2003,1300,50,1,0
2003,1300,51,2,0
2003,1300,52,3,0
2003,1300,53,1,0
2003,1400,1,2,0
2003,1400,2,1,0
2003,1400,3,1,0
2003,1400,4,1,0
2003,1400,5,2,0
2003,1400,6,4,0
2003,1400,7,4,0
2003,1400,8,6,0
2003,1400,9,1,0
2003,1400,10,1,0
2003,1400,11,2,0
2003,1400,12,4,0
2003,1400,14,3,0
2003,1400,15,1,0
2003,1400,17,1,1
2003,1400,19,1,0
2003,1400,26,1,0
2003,1400,27,3,1
2003,1400,28,1,0
2003,1400,29,2,0
2003,1400,34,1,1
2003,1400,38,2,0
2003,1400,46,1,0
2003,1400,47,10,0
2003,1400,49,1,0
2003,1400,50,1,0
2003,1400,51,2,0
2003,1400,52,2,0
2003,1500,2,2,0
2003,1500,3,2,0
2003,1500,6,1,0
2003,1500,8,2,0
2003,1500,9,1,0
2003,1500,10,2,0
2003,1500,12,1,0
2003,1500,14,1,1
2003,1500,15,2,0
2003,1500,16,2,0
2003,1500,26,4,1
2003,1500,27,3,2
2003,1500,29,3,0
2003,1500,30,2,1
2003,1500,32,4,2
2003,1500,34,2,0
2003,1500,47,3,0
2003,1500,48,1,0
2003,1500,51,4,1
2003,1500,52,3,0
2003,1600,1,2,0
2003,1600,4,1,0
2003,1600,5,3,0
2003,1600,9,2,1
2003,1600,10,1,0
2003,1600,13,2,2
2003,1600,18,1,0
2003,1600,22,1,0
2003,1600,24,1,1
2003,1600,27,1,0
2003,1600,30,1,0
2003,1600,32,1,0
2003,1600,34,2,0
2003,1600,37,1,0
2003,1600,47,1,0
2003,1600,51,1,0
2003,1600,52,2,0
2003,1700,1,1,0
2003,1700,8,1,0
2003,1700,11,1,0
2003,1700,16,1,0
2003,1700,18,1,0
2003,1700,25,1,0
2003,1700,45,1,0
2003,1700,50,1,0
2003,1700,52,1,0
2003,1800,6,1,0
2003,1800,7,1,0
2003,1800,12,1,0
2003,1800,13,1,0
2003,1800,16,1,0
2003,1800,24,1,0
2003,1800,36,1,0
2003,1800,52,1,0
2003,1900,1,1,0
2003,1900,6,2,0
2003,1900,7,1,0
2003,1900,8,3,0
2003,1900,9,1,0
2003,1900,10,1,0
2003,1900,14,3,0
2003,1900,16,1,0
2003,1900,37,1,0
2003,1900,52,1,0
2003,2000,26,1,0
2003,2100,1,1,0
2003,2100,6,2,0
2003,2100,7,1,1
2003,2100,11,1,0
2003,2100,12,1,0
2003,2100,13,1,0
2003,2100,14,1,0
2003,2100,19,1,0
2003,2100,39,1,0
2003,2100,45,1,0
2003,2100,49,1,0
2003,2100,51,1,0
2003,2100,52,1,0
2003,2200,1,4,0
2003,2200,5,1,0
2003,2200,6,3,0
2003,2200,7,1,0
2003,2200,36,1,0
2003,2300,2,4,0
2003,2300,7,2,0
2003,2300,8,1,0
2003,2300,10,3,0
2003,2300,11,9,0
2003,2300,13,3,0
2003,2300,14,6,0
2003,2300,15,3,0
2003,2300,16,1,0
2003,2300,17,4,0
2003,2300,25,1,0
2003,2300,27,1,0
2003,2300,28,1,0
2003,2300,29,1,0
2003,2300,34,6,0
2003,2300,37,1,0
2003,2300,47,1,0
2003,2300,48,1,0
2003,2300,49,1,0
2003,2300,52,4,0
2003,2300,53,1,0
2003,2400,10,1,0
2003,2400,13,1,0
2003,2400,15,1,0
2003,2400,49,1,0
2003,2400,51,1,0
2003,2400,52,1,0
2004,0,1,9,0
2004,0,2,33,1
2004,0,3,22,0
2004,0,4,17,1
2004,0,5,15,0
2004,0,6,27,0
2004,0,7,24,0
2004,0,8,19,0
2004,0,9,22,0
2004,0,10,18,0
2004,0,11,20,1
2004,0,12,24,0
2004,0,13,25,0
2004,0,14,11,0
2004,0,15,13,0
2004,0,16,25,0
2004,0,17,19,0
2004,0,18,13,0
2004,0,19,8,0
2004,0,20,1,0
2004,0,21,3,0
2004,0,22,7,0
2004,0,23,7,0
2004,0,24,1,0
2004,0,25,7,1
2004,0,26,16,0
2004,0,27,18,0
2004,0,28,16,0
2004,0,29,15,0
2004,0,30,6,1
2004,0,31,20,0
2004,0,32,15,0
2004,0,33,11,0
2004,0,34,2,0
2004,0,35,3,0
2004,0,38,1,0
2004,0,42,5,0
2004,0,43,11,0
2004,0,44,2,0
2004,0,45,7,0
2004,0,46,11,0
2004,0,47,5,0
2004,0,48,6,0
2004,0,49,5,0
2004,0,50,11,0
2004,0,51,9,0
2004,0,52,21,1
2004,0,53,5,1
2004,100,1,2,0
2004,100,2,3,0
2004,100,3,5,2
2004,100,4,9,2
2004,100,5,2,0
2004,100,6,4,0
2004,100,7,5,0
2004,100,8,10,0
2004,100,9,4,0
2004,100,10,12,0
2004,100,11,6,0
2004,100,12,21,6
2004,100,13,11,1
2004,100,14,5,0
2004,100,15,2,0
2004,100,16,2,0
2004,100,17,4,0
2004,100,18,3,0
2004,100,19,10,0
2004,100,20,1,0
2004,100,21,3,0
2004,100,22,8,0
2004,100,23,3,0
2004,100,24,5,0
2004,100,25,10,0
2004,100,26,1,0
2004,100,27,2,0
2004,100,29,2,0
2004,100,31,8,0
2004,100,32,2,0
2004,100,33,3,0
2004,100,34,2,0
2004,100,43,1,0
2004,100,44,2,0
2004,100,46,9,0
2004,100,47,2,0
2004,100,48,3,0
2004,100,49,2,0
2004,100,50,1,0
2004,100,51,3,0
2004,100,52,5,0
2004,100,53,1,0
2004,200,1,1,0
2004,200,2,1,0
2004,200,4,2,1
2004,200,5,3,0
2004,200,6,1,0
2004,200,7,1,0
2004,200,8,1,0
2004,200,9,3,0
2004,200,10,4,0
2004,200,12,1,0
2004,200,15,1,0
2004,200,18,1,0
2004,200,19,1,0
2004,200,20,2,0
2004,200,21,2,0
2004,200,26,4,0
2004,200,27,2,0
2004,200,31,4,0
2004,200,32,1,0
2004,200,33,1,0
2004,200,44,1,0
2004,200,46,4,0
2004,200,47,2,0
2004,200,48,2,0
2004,200,52,1,0
2004,200,53,1,0
2004,300,2,4,0
2004,300,3,2,0
2004,300,4,1,0
2004,300,5,1,0
2004,300,8,3,0
2004,300,9,1,0
2004,300,10,1,0
2004,300,13,1,0
2004,300,14,1,0
2004,300,18,1,0
2004,300,26,1,0
2004,300,28,1,0
2004,300,33,2,0
2004,300,48,1,0
2004,400,1,2,0
2004,400,2,1,0
2004,400,5,1,0
2004,400,7,1,0
2004,400,8,2,0
2004,400,11,1,0
2004,400,12,1,0
2004,400,13,3,0
2004,400,14,1,0
2004,400,21,1,0
2004,400,27,1,0
2004,400,31,1,0
2004,400,32,1,0
2004,400,33,1,0
2004,400,51,1,0
2004,500,1,2,0
2004,500,2,3,0
2004,500,3,1,0
2004,500,6,1,0
2004,500,7,2,0
2004,500,8,1,0
2004,500,9,3,0
2004,500,10,1,0
2004,500,11,3,0
2004,500,12,9,0
2004,500,13,1,0
2004,500,15,1,0
2004,500,16,2,0
2004,500,17,1,0
2004,500,19,2,0
2004,500,21,3,0
2004,500,22,1,0
2004,500,23,3,0
2004,500,26,5,0
2004,500,27,4,0
2004,500,29,2,0
2004,500,31,4,0
2004,500,34,1,0
2004,500,35,2,0
2004,500,39,2,0
2004,500,40,6,0
2004,500,41,2,0
2004,500,42,2,0
2004,500,46,1,0
2004,500,47,3,0
2004,500,49,2,0
2004,500,50,2,0
2004,500,51,7,1
2004,500,52,1,0
2004,500,53,2,0
2004,600,2,1,0
2004,600,4,2,0
2004,600,5,1,0
2004,600,6,3,0
2004,600,7,5,0
2004,600,8,2,0
2004,600,9,1,0
2004,600,11,5,0
2004,600,12,1,0
2004,600,13,2,0
2004,600,14,1,0
2004,600,15,1,0
2004,600,16,2,0
2004,600,18,5,0
2004,600,22,1,0
2004,600,24,1,0
2004,600,25,1,0
2004,600,26,2,0
2004,600,27,1,0
2004,600,28,2,0
2004,600,31,2,0
2004,600,32,2,0
2004,600,35,1,0
2004,600,39,2,0
2004,600,45,1,0
2004,600,46,1,0
2004,600,48,2,0
2004,600,49,1,0
2004,600,52,1,0
2004,700,1,2,0
2004,700,2,3,0
2004,700,4,1,0
2004,700,5,1,0
2004,700,6,2,0
2004,700,8,1,0
2004,700,10,1,1
2004,700,12,2,0
2004,700,13,4,0
2004,700,14,2,0
2004,700,16,2,0
2004,700,17,1,0
2004,700,21,4,0
2004,700,23,1,0
2004,700,24,3,0
2004,700,25,2,0
2004,700,26,1,0
2004,700,27,5,0
2004,700,28,1,0
2004,700,29,1,0
2004,700,30,1,0
2004,700,31,2,0
2004,700,32,1,0
2004,700,36,1,0
2004,700,39,3,0
2004,700,40,2,0
2004,700,41,1,0
2004,700,46,1,1
2004,700,47,1,1
2004,700,49,3,0
2004,700,50,1,0
2004,700,51,1,0
2004,800,1,3,0
2004,800,2,1,0
2004,800,6,2,0
2004,800,7,4,0
2004,800,8,1,0
2004,800,10,1,0
2004,800,11,1,0
2004,800,12,2,0
2004,800,13,2,0
2004,800,21,2,0
2004,800,25,1,0
2004,800,26,2,0
2004,800,27,1,0
2004,800,28,1,0
2004,800,29,1,0
2004,800,31,1,0
2004,800,32,4,0
2004,800,34,1,0
2004,800,38,1,0
2004,800,40,1,0
2004,800,41,1,0
2004,800,44,1,0
2004,800,45,1,0
2004,800,51,1,0
2004,800,53,1,0
2004,900,1,1,0
2004,900,2,5,0
2004,900,3,7,0
2004,900,4,2,0
2004,900,5,1,0
2004,900,6,1,0
2004,900,7,2,0
2004,900,8,4,0
2004,900,9,6,0
2004,900,10,10,0
2004,900,11,7,0
2004,900,12,8,0
2004,900,13,2,0
2004,900,14,1,0
2004,900,16,2,0
2004,900,17,1,0
2004,900,18,1,0
2004,900,19,1,0
2004,900,20,3,0
2004,900,21,5,0
2004,900,22,1,0
2004,900,24,1,0
2004,900,26,1,0
2004,900,28,2,0
2004,900,31,6,0
2004,900,32,10,0
2004,900,34,2,0
2004,900,35,1,0
2004,900,36,1,0
2004,900,44,2,0
2004,900,47,1,0
2004,900,51,1,0
2004,900,52,1,0
2004,1000,1,3,0
2004,1000,2,2,0
2004,1000,3,1,0
2004,1000,7,1,0
2004,1000,8,2,0
2004,1000,9,3,0
2004,1000,10,2,0
2004,1000,11,3,0
2004,1000,12,2,0
2004,1000,13,2,0
2004,1000,15,1,0
2004,1000,17,1,0
2004,1000,18,3,0
2004,1000,19,1,0
2004,1000,20,1,0
2004,1000,21,3,0
2004,1000,23,1,0
2004,1000,25,1,0
2004,1000,26,1,0
2004,1000,28,4,0
2004,1000,31,1,0
2004,1000,32,2,0
2004,1000,33,3,0
2004,1000,34,1,0
2004,1000,35,1,0
2004,1000,36,2,0
2004,1000,37,1,0
2004,1000,38,1,0
2004,1000,44,1,0
2004,1000,47,2,0
2004,1000,48,2,0
2004,1000,50,2,0
2004,1000,51,1,0
2004,1100,1,5,0
2004,1100,2,4,0
2004,1100,3,8,0
2004,1100,4,1,0
2004,1100,5,4,0
2004,1100,7,2,0
2004,1100,8,7,0
2004,1100,9,3,0
2004,1100,10,4,0
2004,1100,11,5,0
2004,1100,12,6,0
2004,1100,13,2,0
2004,1100,14,1,0
2004,1100,15,2,0
2004,1100,16,4,0
2004,1100,17,3,0
2004,1100,18,2,0
2004,1100,19,5,0
2004,1100,20,1,0
2004,1100,22,1,0
2004,1100,23,1,0
2004,1100,24,3,0
2004,1100,25,3,0
2004,1100,26,1,0
2004,1100,27,3,0
2004,1100,30,1,0
2004,1100,31,6,0
2004,1100,33,2,0
2004,1100,34,1,0
2004,1100,37,1,0
2004,1100,41,1,0
2004,1100,42,1,0
2004,1100,44,1,0
2004,1100,45,1,0
2004,1100,46,1,0
2004,1100,47,5,0
2004,1100,49,1,0
2004,1100,50,3,0
2004,1100,51,3,0
2004,1100,52,3,0
2004,1200,1,2,0
2004,1200,2,2,0
2004,1200,3,4,1
2004,1200,5,1,0
2004,1200,6,5,0
2004,1200,7,4,0
2004,1200,8,1,0
2004,1200,11,1,0
2004,1200,12,8,0
2004,1200,13,1,0
2004,1200,17,1,0
2004,1200,18,3,0
2004,1200,20,2,0
2004,1200,21,3,0
2004,1200,23,1,0
2004,1200,24,1,1
2004,1200,26,1,0
2004,1200,28,1,0
2004,1200,32,4,0
2004,1200,34,1,0
2004,1200,38,2,0
2004,1200,39,2,0
2004,1200,44,2,0
2004,1200,45,2,0
2004,1200,48,1,0
2004,1200,49,1,0
2004,1200,50,2,0
2004,1200,51,2,0
2004,1300,1,3,0
2004,1300,3,4,0
2004,1300,4,5,0
2004,1300,7,2,0
2004,1300,8,1,0
2004,1300,9,11,0
2004,1300,10,14,0
2004,1300,11,2,0
2004,1300,12,6,1
2004,1300,15,1,0
2004,1300,17,1,0
2004,1300,18,1,0
2004,1300,20,2,0
2004,1300,21,1,0
2004,1300,23,2,1
2004,1300,26,3,2
2004,1300,27,2,0
2004,1300,28,3,2
2004,1300,29,2,1
2004,1300,32,3,1
2004,1300,33,1,1
2004,1300,34,1,0
2004,1300,42,1,0
2004,1300,44,1,0
2004,1300,45,3,0
2004,1300,46,3,0
2004,1300,48,2,0
2004,1300,51,2,0
2004,1300,52,2,0
2004,1400,2,1,0
2004,1400,3,5,0
2004,1400,4,1,0
2004,1400,5,1,0
2004,1400,6,1,0
2004,1400,7,2,0
2004,1400,8,2,0
2004,1400,9,2,0
2004,1400,10,2,0
2004,1400,11,1,0
2004,1400,12,7,1
2004,1400,14,2,0
2004,1400,18,1,1
2004,1400,23,1,0
2004,1400,25,1,0
2004,1400,27,1,0
2004,1400,30,1,0
2004,1400,31,3,0
2004,1400,32,3,0
2004,1400,33,6,3
2004,1400,44,1,0
2004,1400,46,1,0
2004,1400,47,3,0
2004,1400,48,1,0
2004,1400,49,1,0
2004,1400,51,1,0
2004,1400,52,4,0
2004,1400,53,1,0
2004,1500,1,5,0
2004,1500,2,2,0
2004,1500,3,1,0
2004,1500,5,4,0
2004,1500,6,3,0
2004,1500,7,2,0
2004,1500,8,4,0
2004,1500,9,2,0
2004,1500,10,8,1
2004,1500,11,2,0
2004,1500,12,2,0
2004,1500,13,2,1
2004,1500,15,2,1
2004,1500,16,1,0
2004,1500,17,1,0
2004,1500,18,3,2
2004,1500,19,2,1
2004,1500,22,1,1
2004,1500,24,6,1
2004,1500,25,2,0
2004,1500,26,1,0
2004,1500,27,2,2
2004,1500,28,2,0
2004,1500,32,1,0
2004,1500,33,6,0
2004,1500,43,1,0
2004,1500,47,1,0
2004,1500,48,1,0
2004,1500,49,1,0
2004,1500,51,1,1
2004,1500,52,1,0
2004,1600,1,3,0
2004,1600,3,6,0
2004,1600,4,2,0
2004,1600,7,1,0
2004,1600,8,3,0
2004,1600,10,2,0
2004,1600,11,4,0
2004,1600,12,1,1
2004,1600,13,1,1
2004,1600,15,1,0
2004,1600,18,2,1
2004,1600,20,1,0
2004,1600,21,1,0
2004,1600,23,3,1
2004,1600,24,11,1
2004,1600,25,1,0
2004,1600,26,2,0
2004,1600,29,1,0
2004,1600,31,1,0
2004,1600,45,1,0
2004,1600,47,1,0
2004,1600,49,1,0
2004,1600,52,1,0
2004,1700,3,1,0
2004,1700,7,1,0
2004,1700,11,1,0
2004,1700,12,1,0
2004,1700,30,1,0
2004,1700,47,1,0
2004,1800,3,1,0
2004,1800,7,2,0
2004,1800,11,2,0
2004,1800,13,1,0
2004,1800,25,1,0
2004,1900,4,1,0
2004,1900,8,2,0
2004,1900,10,1,0
2004,1900,25,1,0
2004,2000,3,1,0
2004,2000,11,1,0
2004,2000,12,1,0
2004,2000,24,1,0
2004,2000,31,1,0
2004,2000,45,1,0
2004,2100,8,1,1
2004,2100,10,2,0
2004,2100,12,1,0
2004,2200,8,2,0
2004,2200,23,1,0
2004,2200,28,1,0
2004,2300,3,2,0
2004,2300,4,1,0
2004,2300,5,3,0
2004,2300,6,1,0
2004,2300,7,6,0
2004,2300,8,9,0
2004,2300,10,1,0
2004,2300,11,5,0
2004,2300,12,5,0
2004,2300,15,2,0
2004,2300,20,1,0
2004,2300,21,1,0
2004,2300,22,2,0
2004,2300,23,2,0
2004,2300,32,4,0
2004,2300,42,1,0
2004,2300,45,1,0
2004,2300,47,1,0
2004,2300,49,4,0
2004,2300,50,1,0
2004,2300,51,1,0
2004,2300,52,2,0
2004,2400,2,1,0
2004,2400,6,2,0
2004,2400,13,1,0
2004,2400,32,3,0
2005,0,1,17,3
2005,0,2,7,1
2005,0,3,12,1
2005,0,4,20,2
2005,0,5,26,1
2005,0,6,52,0
2005,0,7,53,0
2005,0,8,30,0
2005,0,9,31,3
2005,0,10,36,0
2005,0,11,32,0
2005,0,12,46,0
2005,0,13,38,0
2005,0,14,34,0
2005,0,15,36,0
2005,0,16,20,0
2005,0,17,13,0
2005,0,18,7,0
2005,0,19,2,0
2005,0,20,8,0
2005,0,21,9,0
2005,0,23,7,0
2005,0,24,3,0
2005,0,25,3,0
2005,0,26,11,0
2005,0,27,16,1
2005,0,28,18,0
2005,0,29,16,0
2005,0,30,14,2
2005,0,31,11,0
2005,0,32,7,0
2005,0,33,8,0
2005,0,34,5,0
2005,0,35,3,0
2005,0,36,4,0
2005,0,38,3,0
2005,0,39,8,0
2005,0,40,1,0
2005,0,41,1,0
2005,0,42,6,0
2005,0,43,11,0
2005,0,44,8,0
2005,0,45,21,0
2005,0,46,49,0
2005,0,47,17,0
2005,0,48,10,0
2005,0,49,6,0
2005,0,50,8,0
2005,0,51,7,0
2005,0,52,19,1
2005,0,53,11,0
2005,100,1,1,0
2005,100,2,6,0
2005,100,3,3,0
2005,100,4,7,1
2005,100,5,5,1
2005,100,6,8,1
2005,100,7,7,1
2005,100,8,4,0
2005,100,9,7,0
2005,100,10,15,1
2005,100,11,11,1
2005,100,12,15,7
2005,100,13,12,7
2005,100,14,19,5
2005,100,15,8,2
2005,100,16,3,0
2005,100,17,1,0
2005,100,20,1,0
2005,100,21,3,0
2005,100,22,2,0
2005,100,25,2,0
2005,100,27,4,0
2005,100,29,5,0
2005,100,30,4,0
2005,100,31,1,0
2005,100,32,1,0
2005,100,33,1,0
2005,100,34,2,0
2005,100,36,1,0
2005,100,38,3,0
2005,100,39,3,0
2005,100,42,2,0
2005,100,43,1,0
2005,100,44,1,0
2005,100,45,7,0
2005,100,46,5,0
2005,100,47,3,0
2005,100,48,1,0
2005,100,49,3,0
2005,100,50,1,0
2005,100,52,2,0
2005,100,53,1,0
2005,200,1,2,0
2005,200,2,1,0
2005,200,5,1,0
2005,200,6,3,0
2005,200,7,1,0
2005,200,9,1,0
2005,200,10,2,0
2005,200,11,1,0
2005,200,12,2,0
2005,200,13,1,0
2005,200,14,2,0
2005,200,15,2,0
2005,200,17,1,0
2005,200,18,1,0
2005,200,21,2,1
2005,200,26,1,0
2005,200,29,3,0
2005,200,30,1,0
2005,200,33,1,0
2005,200,38,2,0
2005,200,45,3,0
2005,200,46,1,0
2005,200,48,1,0
2005,200,49,1,0
2005,200,51,2,0
2005,200,52,1,0
2005,300,7,3,0
2005,300,9,1,0
2005,300,10,3,0
2005,300,13,1,0
2005,300,18,1,0
2005,300,19,1,0
2005,300,27,1,0
2005,300,30,1,0
2005,300,44,1,0
2005,300,45,1,0
2005,300,50,1,0
2005,300,52,1,0
2005,400,2,2,0
2005,400,5,2,0
2005,400,8,1,0
2005,400,10,2,0
2005,400,11,3,0
2005,400,12,3,1
2005,400,16,1,0
2005,400,17,1,0
2005,400,24,1,0
2005,400,25,1,0
2005,400,29,4,0
2005,400,49,3,0
2005,500,1,1,0
2005,500,3,1,0
2005,500,5,1,0
2005,500,6,1,0
2005,500,7,1,0
2005,500,9,8,0
2005,500,10,3,0
2005,500,11,5,0
2005,500,12,2,1
2005,500,13,3,0
2005,500,14,3,0
2005,500,17,3,0
2005,500,18,2,0
2005,500,20,3,0
2005,500,21,3,0
2005,500,22,2,0
2005,500,23,7,0
2005,500,24,7,0
2005,500,25,6,0
2005,500,26,8,0
2005,500,27,7,0
2005,500,28,8,0
2005,500,29,7,0
2005,500,30,4,0
2005,500,31,7,0
2005,500,32,2,0
2005,500,33,4,0
2005,500,34,1,0
2005,500,36,2,0
2005,500,37,1,0
2005,500,38,2,0
2005,500,39,2,0
2005,500,40,2,0
2005,500,41,1,0
2005,500,42,1,0
2005,500,43,3,0
2005,500,45,3,0
2005,500,46,1,0
2005,500,47,1,0
2005,500,49,2,0
2005,500,50,5,1
2005,500,51,3,0
2005,500,52,2,0
2005,600,1,2,0
2005,600,2,1,0
2005,600,3,3,0
2005,600,5,1,0
2005,600,7,3,0
2005,600,8,3,0
2005,600,9,4,0
2005,600,10,6,1
2005,600,11,3,0
2005,600,12,3,0
2005,600,13,1,0
2005,600,14,2,0
2005,600,15,2,0
2005,600,16,1,0
2005,600,24,2,0
2005,600,25,1,0
2005,600,26,2,0
2005,600,27,3,1
2005,600,28,1,0
2005,600,29,1,0
2005,600,31,1,0
2005,600,34,1,0
2005,600,36,2,0
2005,600,43,3,0
2005,600,44,1,0
2005,600,45,3,0
2005,600,49,1,0
2005,600,50,2,0
2005,600,51,2,0
2005,600,52,4,0
2005,700,4,1,0
2005,700,6,2,0
2005,700,7,4,0
2005,700,8,1,0
2005,700,9,6,0
2005,700,10,4,0
2005,700,11,2,0
2005,700,13,2,0
2005,700,18,1,0
2005,700,22,2,1
2005,700,26,1,0
2005,700,28,3,1
2005,700,38,1,0
2005,700,39,5,0
2005,700,40,4,0
2005,700,44,1,0
2005,700,46,2,0
2005,700,49,2,0
2005,700,51,1,0
2005,700,52,1,0
2005,800,1,1,0
2005,800,4,1,0
2005,800,5,3,0
2005,800,6,1,0
2005,800,7,1,0
2005,800,8,1,0
2005,800,9,2,0
2005,800,10,3,0
2005,800,11,2,0
2005,800,12,2,0
2005,800,15,1,0
2005,800,16,2,0
2005,800,18,2,0
2005,800,25,1,0
2005,800,26,1,0
2005,800,27,1,0
2005,800,28,5,0
2005,800,29,4,0
2005,800,30,3,0
2005,800,31,2,0
2005,800,32,1,0
2005,800,33,2,0
2005,800,36,1,0
2005,800,38,1,0
2005,800,39,1,0
2005,800,41,1,0
2005,800,45,1,0
2005,800,46,1,0
2005,800,49,1,0
2005,800,52,1,0
2005,900,2,2,0
2005,900,5,4,0
2005,900,6,10,1
2005,900,7,2,0
2005,900,8,2,0
2005,900,9,4,1
2005,900,10,2,0
2005,900,11,3,0
2005,900,12,6,0
2005,900,13,2,0
2005,900,14,3,0
2005,900,15,5,0
2005,900,16,5,0
2005,900,17,1,0
2005,900,20,1,0
2005,900,22,1,0
2005,900,25,3,0
2005,900,26,2,0
2005,900,27,3,0
2005,900,28,11,0
2005,900,29,1,0
2005,900,30,2,0
2005,900,31,9,0
2005,900,32,2,0
2005,900,34,1,0
2005,900,37,1,0
2005,900,38,1,0
2005,900,39,1,0
2005,900,45,1,0
2005,900,46,2,0
2005,900,47,2,0
2005,900,49,2,0
2005,900,51,1,0
2005,900,52,9,0
2005,1000,2,4,0
2005,1000,3,1,0
2005,1000,4,1,0
2005,1000,5,1,0
2005,1000,6,1,0
2005,1000,7,2,0
2005,1000,8,2,0
2005,1000,9,1,0
2005,1000,10,2,0
2005,1000,11,1,0
2005,1000,13,4,0
2005,1000,19,1,0
2005,1000,26,1,0
2005,1000,27,1,0
2005,1000,28,5,0
2005,1000,29,2,0
2005,1000,30,3,0
2005,1000,32,2,0
2005,1000,37,1,0
2005,1000,38,1,0
2005,1000,40,2,0
2005,1000,47,3,0
2005,1000,48,2,0
2005,1000,49,1,0
2005,1000,51,2,0
2005,1000,52,1,0
2005,1100,1,3,0
2005,1100,2,1,0
2005,1100,3,4,0
2005,1100,4,3,0
2005,1100,5,2,0
2005,1100,7,5,0
2005,1100,8,3,0
2005,1100,9,7,0
2005,1100,10,4,0
2005,1100,11,3,0
2005,1100,12,10,0
2005,1100,13,11,1
2005,1100,14,4,0
2005,1100,15,3,0
2005,1100,16,2,0
2005,1100,19,2,0
2005,1100,20,4,0
2005,1100,21,2,0
2005,1100,22,1,0
2005,1100,24,10,0
2005,1100,25,6,0
2005,1100,26,3,0
2005,1100,28,1,0
2005,1100,29,3,0
2005,1100,30,2,0
2005,1100,31,3,0
2005,1100,33,1,0
2005,1100,36,1,0
2005,1100,38,1,0
2005,1100,40,1,0
2005,1100,41,1,0
2005,1100,43,1,0
2005,1100,44,1,0
2005,1100,45,2,0
2005,1100,46,1,0
2005,1100,47,2,0
2005,1100,49,1,0
2005,1100,50,6,0
2005,1100,51,3,0
2005,1100,52,3,0
2005,1200,1,1,0
2005,1200,2,3,0
2005,1200,3,5,0
2005,1200,4,1,0
2005,1200,5,5,0
2005,1200,7,1,0
2005,1200,8,3,0
2005,1200,9,5,1
2005,1200,10,5,1
2005,1200,11,4,0
2005,1200,12,4,0
2005,1200,13,1,0
2005,1200,15,1,0
2005,1200,16,3,0
2005,1200,20,4,0
2005,1200,23,1,0
2005,1200,24,2,0
2005,1200,28,1,0
2005,1200,32,1,0
2005,1200,38,1,0
2005,1200,40,2,0
2005,1200,41,2,0
2005,1200,42,1,0
2005,1200,44,2,0
2005,1200,45,2,0
2005,1200,47,1,0
2005,1200,50,3,0
2005,1200,51,3,0
2005,1200,53,1,0
2005,1300,3,4,0
2005,1300,4,1,0
2005,1300,5,3,0
2005,1300,6,7,3
2005,1300,7,6,0
2005,1300,8,5,0
2005,1300,9,4,0
2005,1300,10,6,1
2005,1300,11,5,0
2005,1300,12,2,1
2005,1300,13,2,0
2005,1300,14,1,0
2005,1300,16,3,1
2005,1300,17,1,0
2005,1300,18,1,0
2005,1300,26,3,0
2005,1300,27,1,1
2005,1300,28,1,0
2005,1300,29,6,5
2005,1300,30,2,1
2005,1300,32,1,1
2005,1300,33,3,1
2005,1300,40,1,0
2005,1300,43,2,0
2005,1300,44,3,0
2005,1300,45,3,0
2005,1300,46,2,0
2005,1300,48,1,0
2005,1300,49,4,0
2005,1300,50,4,0
2005,1300,51,1,0
2005,1300,52,1,0
2005,1400,2,3,0
2005,1400,3,3,0
2005,1400,5,4,0
2005,1400,6,5,0
2005,1400,7,1,0
2005,1400,8,6,0
2005,1400,9,2,0
2005,1400,10,3,1
2005,1400,11,2,0
2005,1400,12,2,0
2005,1400,13,1,0
2005,1400,14,7,0
2005,1400,15,1,0
2005,1400,16,1,0
2005,1400,17,1,0
2005,1400,18,1,0
2005,1400,23,1,0
2005,1400,24,1,1
2005,1400,26,1,0
2005,1400,30,2,0
2005,1400,31,1,0
2005,1400,32,1,0
2005,1400,34,1,0
2005,1400,36,1,0
2005,1400,38,1,0
2005,1400,45,2,0
2005,1400,46,1,0
2005,1400,47,1,0
2005,1400,50,1,0
2005,1400,52,1,0
2005,1500,1,2,0
2005,1500,3,1,0
2005,1500,4,2,0
2005,1500,5,5,0
2005,1500,6,5,1
2005,1500,7,1,0
2005,1500,8,5,0
2005,1500,9,1,0
2005,1500,10,1,0
2005,1500,11,3,0
2005,1500,12,1,0
2005,1500,13,1,0
2005,1500,14,4,0
2005,1500,15,5,0
2005,1500,16,1,0
2005,1500,17,2,0
2005,1500,18,1,0
2005,1500,20,2,1
2005,1500,21,2,1
2005,1500,22,7,3
2005,1500,24,2,0
2005,1500,25,1,0
2005,1500,28,1,0
2005,1500,29,3,1
2005,1500,30,2,0
2005,1500,32,3,0
2005,1500,33,2,1
2005,1500,41,1,0
2005,1500,45,2,0
2005,1500,46,4,0
2005,1500,48,2,0
2005,1500,52,2,0
2005,1600,1,2,0
2005,1600,2,1,0
2005,1600,3,1,0
2005,1600,4,1,0
2005,1600,6,5,0
2005,1600,7,1,1
2005,1600,8,1,0
2005,1600,9,1,0
2005,1600,10,2,0
2005,1600,11,1,0
2005,1600,12,1,0
2005,1600,13,2,2
2005,1600,14,1,1
2005,1600,16,1,0
2005,1600,17,2,2
2005,1600,22,1,0
2005,1600,27,1,0
2005,1600,29,1,0
2005,1600,30,2,2
2005,1600,33,2,0
2005,1600,34,1,1
2005,1600,45,2,0
2005,1600,46,2,0
2005,1600,49,1,0
2005,1700,2,1,0
2005,1700,4,1,0
2005,1700,6,1,0
2005,1700,7,1,0
2005,1700,29,1,0
2005,1700,31,2,0
2005,1700,38,1,0
2005,1800,9,1,0
2005,1800,50,3,0
2005,1900,2,1,0
2005,1900,6,2,0
2005,1900,7,2,0
2005,1900,9,1,0
2005,1900,10,3,0
2005,1900,11,1,1
2005,1900,13,1,0
2005,1900,15,1,0
2005,1900,40,2,0
2005,2000,4,1,0
2005,2000,8,1,0
2005,2000,15,1,0
2005,2000,52,1,0
2005,2100,5,1,0
2005,2100,6,2,0
2005,2100,7,2,0
2005,2100,9,1,0
2005,2100,11,2,0
2005,2100,15,1,0
2005,2100,31,1,0
2005,2100,43,1,0
2005,2200,6,1,0
2005,2200,7,2,0
2005,2200,9,1,0
2005,2200,11,1,0
2005,2200,29,1,0
2005,2300,3,1,0
2005,2300,5,2,0
2005,2300,6,4,0
2005,2300,7,1,0
2005,2300,8,1,0
2005,2300,9,3,0
2005,2300,11,6,0
2005,2300,12,2,0
2005,2300,13,4,0
2005,2300,16,3,0
2005,2300,20,1,0
2005,2300,25,1,0
2005,2300,28,1,0
2005,2300,30,1,0
2005,2300,32,2,0
2005,2300,46,1,0
2005,2300,50,1,0
2005,2300,52,5,0
2005,2400,2,1,0
2005,2400,7,1,0
2005,2400,50,1,0
2005,2400,52,2,0
2006,0,1,25,1
2006,0,2,41,0
2006,0,3,33,1
2006,0,4,46,2
2006,0,5,27,1
2006,0,6,24,0
2006,0,7,8,0
2006,0,8,30,2
2006,0,9,45,0
2006,0,10,20,2
2006,0,11,31,0
2006,0,12,31,0
2006,0,13,31,0
2006,0,14,11,0
2006,0,15,8,1
2006,0,16,13,0
2006,0,17,6,0
2006,0,18,6,0
2006,0,20,5,0
2006,0,21,7,0
2006,0,22,4,0
2006,0,23,6,0
2006,0,24,10,0
2006,0,25,8,0
2006,0,26,9,0
2006,0,27,11,0
2006,0,28,12,0
2006,0,29,13,0
2006,0,30,2,1
2006,0,31,10,0
2006,0,32,10,0
2006,0,33,1,0
2006,0,34,6,0
2006,0,35,1,0
2006,0,36,5,0
2006,0,37,2,0
2006,0,38,2,0
2006,0,40,2,0
2006,0,41,5,0
2006,0,42,3,0
2006,0,43,15,0
2006,0,44,10,0
2006,0,45,6,0
2006,0,46,3,0
2006,0,47,4,0
2006,0,48,9,0
2006,0,49,21,0
2006,0,50,7,0
2006,0,51,31,0
2006,0,52,23,1
2006,0,53,5,0
2006,100,1,4,0
2006,100,2,22,0
2006,100,3,10,0
2006,100,4,17,2
2006,100,5,6,0
2006,100,6,6,1
2006,100,7,13,0
2006,100,8,16,0
2006,100,9,6,0
2006,100,10,1,0
2006,100,11,6,0
2006,100,12,10,0
2006,100,13,20,0
2006,100,14,7,0
2006,100,15,5,0
2006,100,16,3,0
2006,100,17,2,0
2006,100,18,2,0
2006,100,20,2,0
2006,100,21,1,0
2006,100,22,2,0
2006,100,25,3,0
2006,100,26,1,0
2006,100,27,1,0
2006,100,28,3,0
2006,100,29,2,0
2006,100,30,1,0
2006,100,34,6,0
2006,100,36,1,0
2006,100,42,1,0
2006,100,43,2,0
2006,100,44,1,0
2006,100,48,1,0
2006,100,49,2,0
2006,100,50,1,0
2006,100,51,4,0
2006,100,52,1,0
2006,200,1,2,0
2006,200,2,2,0
2006,200,3,7,0
2006,200,4,4,0
2006,200,5,3,0
2006,200,6,5,1
2006,200,7,3,0
2006,200,8,9,1
2006,200,9,2,0
2006,200,10,3,0
2006,200,11,1,0
2006,200,13,3,0
2006,200,15,2,0
2006,200,21,1,0
2006,200,26,1,0
2006,200,31,1,0
2006,200,35,1,0
2006,200,42,1,0
2006,200,43,1,0
2006,200,46,1,0
2006,200,47,1,0
2006,200,48,2,0
2006,200,50,1,0
2006,200,52,4,0
2006,200,53,2,0
2006,300,3,2,0
2006,300,4,2,0
2006,300,6,2,0
2006,300,7,2,0
2006,300,11,2,0
2006,300,24,4,0
2006,300,27,3,0
2006,300,31,1,0
2006,300,44,2,0
2006,300,45,2,0
2006,300,47,1,0
2006,300,50,1,0
2006,300,51,1,0
2006,400,2,1,0
2006,400,5,1,0
2006,400,8,1,0
2006,400,9,1,0
2006,400,16,1,0
2006,400,26,1,0
2006,400,31,1,0
2006,400,33,1,0
2006,400,41,1,0
2006,400,43,1,0
2006,400,44,1,0
2006,400,45,1,0
2006,400,50,1,0
2006,400,51,1,0
2006,400,52,2,0
2006,500,1,4,0
2006,500,2,2,0
2006,500,3,7,0
2006,500,4,4,0
2006,500,6,3,0
2006,500,8,2,0
2006,500,9,5,0
2006,500,10,1,0
2006,500,11,4,0
2006,500,12,1,0
2006,500,15,5,0
2006,500,16,1,0
2006,500,20,2,0
2006,500,21,1,0
2006,500,22,2,0
2006,500,23,1,0
2006,500,24,2,0
2006,500,27,1,0
2006,500,31,1,0
2006,500,39,1,0
2006,500,40,1,0
2006,500,41,1,0
2006,500,42,3,0
2006,500,43,5,0
2006,500,44,1,0
2006,500,45,1,0
2006,500,50,8,0
2006,500,51,2,0
2006,500,52,1,0
2006,500,53,1,0
2006,600,1,1,0
2006,600,2,2,0
2006,600,3,11,0
2006,600,4,3,0
2006,600,5,7,0
2006,600,6,1,0
2006,600,7,1,0
2006,600,8,1,0
2006,600,9,5,0
2006,600,10,4,0
2006,600,11,3,0
2006,600,12,4,0
2006,600,13,5,0
2006,600,15,7,0
2006,600,16,2,0
2006,600,17,1,0
2006,600,18,3,0
2006,600,20,1,0
2006,600,22,1,0
2006,600,26,4,0
2006,600,27,2,0
2006,600,28,2,0
2006,600,32,2,0
2006,600,36,2,0
2006,600,39,1,0
2006,600,41,1,0
2006,600,42,4,0
2006,600,49,1,0
2006,600,50,3,0
2006,600,51,2,0
2006,600,52,2,0
2006,600,53,2,0
2006,700,1,6,0
2006,700,2,2,0
2006,700,3,2,0
2006,700,4,1,0
2006,700,5,3,0
2006,700,6,4,0
2006,700,7,1,0
2006,700,8,4,0
2006,700,9,4,0
2006,700,10,1,0
2006,700,11,4,0
2006,700,12,1,0
2006,700,18,1,0
2006,700,21,1,0
2006,700,27,1,0
2006,700,28,1,0
2006,700,29,1,0
2006,700,30,1,0
2006,700,35,1,0
2006,700,39,3,0
2006,700,40,2,0
2006,700,41,2,0
2006,700,42,1,0
2006,700,47,2,0
2006,700,49,4,0
2006,700,50,2,0
2006,700,51,3,0
2006,700,52,2,0
2006,800,1,4,0
2006,800,2,1,0
2006,800,3,2,0
2006,800,4,1,0
2006,800,5,3,0
2006,800,6,3,0
2006,800,9,5,0
2006,800,10,1,0
2006,800,11,1,0
2006,800,12,3,0
2006,800,22,1,0
2006,800,24,1,0
2006,800,28,2,1
2006,800,33,1,0
2006,800,36,1,0
2006,800,37,3,0
2006,800,40,1,0
2006,800,41,2,0
2006,800,47,1,0
2006,800,48,4,0
2006,800,49,3,0
2006,800,50,2,0
2006,800,52,1,0
2006,900,1,4,0
2006,900,2,1,0
2006,900,3,6,0
2006,900,4,7,0
2006,900,5,6,0
2006,900,6,3,0
2006,900,7,13,0
2006,900,9,9,0
2006,900,11,4,0
2006,900,12,6,0
2006,900,13,1,0
2006,900,14,5,0
2006,900,16,2,0
2006,900,18,3,0
2006,900,19,1,0
2006,900,20,3,0
2006,900,23,1,0
2006,900,24,2,0
2006,900,28,2,0
2006,900,30,1,0
2006,900,31,1,0
2006,900,32,1,0
2006,900,36,3,0
2006,900,42,1,0
2006,900,44,1,0
2006,900,48,1,0
2006,900,49,1,0
2006,900,50,1,0
2006,900,51,1,0
2006,900,52,1,0
2006,1000,1,2,0
2006,1000,2,2,0
2006,1000,3,3,0
2006,1000,4,2,0
2006,1000,7,2,0
2006,1000,8,1,0
2006,1000,9,1,0
2006,1000,10,4,0
2006,1000,11,1,0
2006,1000,12,1,0
2006,1000,19,2,1
2006,1000,20,2,0
2006,1000,23,1,0
2006,1000,25,1,0
2006,1000,32,3,0
2006,1000,33,1,0
2006,1000,37,2,0
2006,1000,41,1,0
2006,1000,45,1,0
2006,1000,49,1,0
2006,1100,1,3,0
2006,1100,2,2,0
2006,1100,3,5,0
2006,1100,4,2,0
2006,1100,5,3,0
2006,1100,6,5,0
2006,1100,7,2,0
2006,1100,8,3,0
2006,1100,9,12,0
2006,1100,10,5,0
2006,1100,11,8,0
2006,1100,12,9,0
2006,1100,13,5,0
2006,1100,16,1,0
2006,1100,18,2,0
2006,1100,20,3,0
2006,1100,21,1,0
2006,1100,23,1,0
2006,1100,25,1,0
2006,1100,26,2,0
2006,1100,28,1,0
2006,1100,29,1,0
2006,1100,30,3,0
2006,1100,31,1,0
2006,1100,32,2,0
2006,1100,34,1,0
2006,1100,35,1,0
2006,1100,36,1,0
2006,1100,40,1,0
2006,1100,41,1,0
2006,1100,44,1,0
2006,1100,48,2,0
2006,1100,49,3,0
2006,1100,52,2,0
2006,1100,53,2,0
2006,1200,1,5,0
2006,1200,2,2,0
2006,1200,3,1,0
2006,1200,4,3,0
2006,1200,5,1,0
2006,1200,6,1,0
2006,1200,8,1,0
2006,1200,9,4,0
2006,1200,10,1,0
2006,1200,11,3,1
2006,1200,12,1,0
2006,1200,13,1,1
2006,1200,16,1,0
2006,1200,17,1,0
2006,1200,18,1,0
2006,1200,19,2,1
2006,1200,26,1,1
2006,1200,27,1,1
2006,1200,29,1,0
2006,1200,30,1,0
2006,1200,45,1,0
2006,1200,50,2,0
2006,1200,51,1,0
2006,1200,52,4,0
2006,1300,1,5,0
2006,1300,2,2,0
2006,1300,3,4,0
2006,1300,4,3,0
2006,1300,6,4,0
2006,1300,7,8,0
2006,1300,9,2,0
2006,1300,10,9,0
2006,1300,11,5,0
2006,1300,12,4,0
2006,1300,13,2,0
2006,1300,14,1,0
2006,1300,18,1,0
2006,1300,19,4,0
2006,1300,25,1,0
2006,1300,26,2,2
2006,1300,27,2,0
2006,1300,28,1,1
2006,1300,29,1,0
2006,1300,31,1,0
2006,1300,36,2,1
2006,1300,43,1,0
2006,1300,48,1,0
2006,1300,49,5,0
2006,1300,50,1,0
2006,1300,51,4,0
2006,1300,52,4,1
2006,1300,53,1,0
2006,1400,2,1,0
2006,1400,3,4,0
2006,1400,4,3,0
2006,1400,5,1,0
2006,1400,7,1,0
2006,1400,9,2,0
2006,1400,11,3,1
2006,1400,12,4,1
2006,1400,13,2,0
2006,1400,14,1,0
2006,1400,15,1,0
2006,1400,16,1,0
2006,1400,17,1,0
2006,1400,18,1,0
2006,1400,19,1,0
2006,1400,21,1,0
2006,1400,24,5,3
2006,1400,27,1,0
2006,1400,29,1,0
2006,1400,32,1,0
2006,1400,36,1,0
2006,1400,47,1,0
2006,1400,48,1,0
2006,1400,49,1,0
2006,1400,51,2,0
2006,1400,52,2,0
2006,1500,1,1,0
2006,1500,2,3,0
2006,1500,3,1,0
2006,1500,4,5,0
2006,1500,5,1,0
2006,1500,6,1,0
2006,1500,8,3,0
2006,1500,9,5,1
2006,1500,10,5,0
2006,1500,11,5,0
2006,1500,12,5,1
2006,1500,15,1,0
2006,1500,16,2,1
2006,1500,17,2,0
2006,1500,18,5,1
2006,1500,19,1,0
2006,1500,21,1,0
2006,1500,22,2,1
2006,1500,26,1,1
2006,1500,27,1,0
2006,1500,28,5,1
2006,1500,29,2,1
2006,1500,30,1,1
2006,1500,31,1,0
2006,1500,44,1,0
2006,1500,45,1,0
2006,1500,48,2,0
2006,1500,50,4,1
2006,1500,51,1,0
2006,1500,52,7,0
2006,1600,2,2,0
2006,1600,3,2,0
2006,1600,4,1,0
2006,1600,5,4,0
2006,1600,6,4,0
2006,1600,10,5,0
2006,1600,11,1,0
2006,1600,12,2,1
2006,1600,13,4,1
2006,1600,14,1,1
2006,1600,16,2,1
2006,1600,18,2,0
2006,1600,19,2,1
2006,1600,24,1,0
2006,1600,27,1,0
2006,1600,28,1,0
2006,1600,31,1,0
2006,1600,32,1,1
2006,1600,42,1,0
2006,1600,52,1,0
2006,1600,53,1,0
2006,1700,2,1,0
2006,1700,9,1,0
2006,1700,16,1,0
2006,1700,40,1,0
2006,1800,8,2,0
2006,1800,18,1,0
2006,1800,22,1,0
2006,1800,27,1,0
2006,1800,36,1,0
2006,1800,37,1,0
2006,1800,51,1,0
2006,1800,52,4,0
2006,1800,53,1,0
2006,1900,1,2,0
2006,1900,2,2,0
2006,1900,5,1,0
2006,1900,6,1,0
2006,1900,7,2,0
2006,1900,9,1,0
2006,1900,12,1,0
2006,1900,26,1,0
2006,1900,27,2,0
2006,1900,29,2,0
2006,1900,51,1,0
2006,2000,10,1,0
2006,2100,6,1,0
2006,2100,7,1,0
2006,2100,9,1,0
2006,2100,11,1,0
2006,2100,12,1,0
2006,2100,14,1,0
2006,2100,30,1,0
2006,2100,37,1,0
2006,2100,49,1,0
2006,2100,52,1,0
2006,2200,21,2,0
2006,2200,29,1,0
2006,2200,49,1,0
2006,2300,1,1,0
2006,2300,2,7,0
2006,2300,3,5,0
2006,2300,4,9,0
2006,2300,5,4,0
2006,2300,7,3,0
2006,2300,9,6,0
2006,2300,10,3,0
2006,2300,11,1,0
2006,2300,12,3,0
2006,2300,13,2,0
2006,2300,14,1,0
2006,2300,16,2,0
2006,2300,18,3,0
2006,2300,20,2,0
2006,2300,22,1,0
2006,2300,24,1,0
2006,2300,30,1,0
2006,2300,36,4,0
2006,2300,43,1,0
2006,2300,44,2,0
2006,2300,48,2,0
2006,2300,52,1,0
2006,2400,7,1,0
2006,2400,20,2,0
2007,0,1,26,3
2007,0,2,33,0
2007,0,3,19,0
2007,0,4,64,0
2007,0,5,65,2
2007,0,6,44,4
2007,0,7,41,5
2007,0,8,34,1
2007,0,9,24,3
2007,0,10,28,1
2007,0,11,36,0
2007,0,12,61,1
2007,0,13,65,0
2007,0,14,14,0
2007,0,15,17,0
2007,0,16,9,0
2007,0,17,7,0
2007,0,18,14,0
2007,0,19,8,0
2007,0,20,2,0
2007,0,21,5,0
2007,0,23,6,0
2007,0,24,5,0
2007,0,25,18,0
2007,0,26,28,1
2007,0,27,21,0
2007,0,28,8,0
2007,0,29,3,0
2007,0,30,10,0
2007,0,31,5,0
2007,0,32,15,0
2007,0,33,7,0
2007,0,34,3,0
2007,0,35,7,0
2007,0,36,15,0
2007,0,37,2,0
2007,0,38,7,0
2007,0,39,12,0
2007,0,40,5,0
2007,0,41,7,0
2007,0,42,8,0
2007,0,43,8,0
2007,0,44,5,0
2007,0,45,4,0
2007,0,46,8,0
2007,0,47,14,0
2007,0,48,11,0
2007,0,49,13,0
2007,0,50,22,0
2007,0,51,18,0
2007,0,52,22,0
2007,0,53,3,0
2007,100,1,10,0
2007,100,2,6,0
2007,100,3,77,0
2007,100,4,32,0
2007,100,5,58,0
2007,100,6,5,1
2007,100,7,4,0
2007,100,8,4,0
2007,100,9,4,0
2007,100,10,7,0
2007,100,11,10,0
2007,100,12,12,0
2007,100,13,22,0
2007,100,14,9,0
2007,100,15,4,0
2007,100,16,4,0
2007,100,21,5,0
2007,100,22,2,0
2007,100,23,3,0
2007,100,25,32,0
2007,100,26,21,0
2007,100,27,11,0
2007,100,28,6,0
2007,100,29,1,0
2007,100,30,3,0
2007,100,31,3,0
2007,100,32,11,0
2007,100,33,1,0
2007,100,34,3,0
2007,100,36,1,0
2007,100,37,5,0
2007,100,38,8,0
2007,100,39,1,0
2007,100,40,1,0
2007,100,47,1,0
2007,100,48,3,0
2007,100,49,10,0
2007,100,50,9,0
2007,100,51,4,0
2007,100,52,13,0
2007,200,1,8,0
2007,200,4,1,0
2007,200,5,8,0
2007,200,6,1,0
2007,200,8,1,0
2007,200,10,4,0
2007,200,13,2,0
2007,200,14,1,0
2007,200,15,1,0
2007,200,17,1,0
2007,200,18,1,0
2007,200,23,1,0
2007,200,27,1,0
2007,200,29,2,0
2007,200,30,2,0
2007,200,32,3,0
2007,200,33,3,0
2007,200,34,1,0
2007,200,35,1,0
2007,200,36,1,0
2007,200,41,1,0
2007,200,45,1,0
2007,200,47,1,0
2007,200,49,2,0
2007,200,52,1,0
2007,300,2,5,0
2007,300,3,1,0
2007,300,4,1,0
2007,300,8,3,0
2007,300,9,1,0
2007,300,10,2,0
2007,300,30,1,0
2007,300,33,1,0
2007,300,40,1,0
2007,300,42,1,0
2007,300,43,1,0
2007,300,47,2,0
2007,300,50,2,0
2007,300,52,1,0
2007,300,53,7,0
2007,400,1,2,0
2007,400,5,2,0
2007,400,6,2,0
2007,400,7,1,0
2007,400,11,2,0
2007,400,13,3,0
2007,400,14,2,0
2007,400,15,1,0
2007,400,21,2,0
2007,400,25,3,0
2007,400,28,1,0
2007,400,34,1,0
2007,400,35,1,0
2007,400,44,1,0
2007,400,50,1,0
2007,400,51,2,0
2007,500,1,1,0
2007,500,2,4,0
2007,500,3,6,0
2007,500,4,1,0
2007,500,5,1,0
2007,500,6,2,0
2007,500,7,2,0
2007,500,8,1,0
2007,500,9,1,0
2007,500,10,7,0
2007,500,11,10,0
2007,500,12,11,0
2007,500,13,2,0
2007,500,14,3,0
2007,500,15,3,0
2007,500,16,8,0
2007,500,17,1,0
2007,500,18,1,0
2007,500,20,1,0
2007,500,21,2,0
2007,500,22,2,0
2007,500,23,1,0
2007,500,25,2,0
2007,500,28,1,0
2007,500,29,2,0
2007,500,30,2,0
2007,500,32,5,0
2007,500,33,1,0
2007,500,35,1,0
2007,500,36,1,0
2007,500,38,1,0
2007,500,41,1,0
2007,500,43,1,0
2007,500,44,2,0
2007,500,45,1,0
2007,500,46,1,0
2007,500,47,7,0
2007,500,49,2,0
2007,500,50,3,0
2007,500,51,11,0
2007,500,52,13,0
2007,600,1,5,0
2007,600,2,2,0
2007,600,3,6,0
2007,600,4,3,0
2007,600,5,6,0
2007,600,6,1,0
2007,600,7,1,0
2007,600,8,2,0
2007,600,9,7,1
2007,600,10,2,0
2007,600,11,4,0
2007,600,12,8,0
2007,600,13,9,0
2007,600,14,3,0
2007,600,15,1,0
2007,600,16,5,0
2007,600,18,1,0
2007,600,20,1,0
2007,600,24,3,0
2007,600,25,4,0
2007,600,28,1,0
2007,600,29,6,0
2007,600,30,2,0
2007,600,33,1,0
2007,600,35,1,0
2007,600,37,1,0
2007,600,39,2,0
2007,600,40,1,0
2007,600,41,3,0
2007,600,42,3,0
2007,600,44,2,0
2007,600,45,1,0
2007,600,46,1,0
2007,600,47,1,0
2007,600,48,6,0
2007,600,49,2,0
2007,600,50,4,0
2007,600,51,1,0
2007,600,52,1,0
2007,600,53,1,0
2007,700,1,1,0
2007,700,2,3,0
2007,700,3,4,0
2007,700,4,2,0
2007,700,5,1,0
2007,700,6,1,0
2007,700,7,2,0
2007,700,8,2,0
2007,700,9,5,0
2007,700,10,2,0
2007,700,11,4,0
2007,700,12,2,0
2007,700,13,5,0
2007,700,14,1,0
2007,700,15,5,0
2007,700,16,9,0
2007,700,17,1,0
2007,700,18,4,0
2007,700,19,6,0
2007,700,28,3,0
2007,700,30,1,0
2007,700,32,1,0
2007,700,38,1,0
2007,700,40,3,0
2007,700,42,1,0
2007,700,44,2,0
2007,700,45,1,0
2007,700,46,3,0
2007,700,47,22,0
2007,700,48,8,0
2007,700,49,2,0
2007,700,50,6,0
2007,700,51,4,0
2007,700,52,6,0
2007,800,1,1,0
2007,800,2,1,0
2007,800,3,1,0
2007,800,4,3,0
2007,800,5,1,0
2007,800,6,5,1
2007,800,7,1,0
2007,800,8,3,0
2007,800,9,3,0
2007,800,10,2,0
2007,800,11,2,0
2007,800,12,4,0
2007,800,13,2,0
2007,800,14,2,0
2007,800,15,1,0
2007,800,16,7,0
2007,800,24,3,1
2007,800,29,1,0
2007,800,30,1,0
2007,800,31,13,0
2007,800,32,11,0
2007,800,35,2,0
2007,800,39,3,0
2007,800,41,2,0
2007,800,42,2,0
2007,800,43,1,0
2007,800,44,1,0
2007,800,46,1,0
2007,800,47,4,0
2007,800,49,1,0
2007,800,50,9,0
2007,800,52,2,0
2007,900,1,2,0
2007,900,2,8,0
2007,900,3,1,0
2007,900,4,2,0
2007,900,5,2,0
2007,900,6,1,0
2007,900,7,3,0
2007,900,8,5,0
2007,900,9,5,0
2007,900,10,5,0
2007,900,11,8,0
2007,900,12,11,0
2007,900,13,5,0
2007,900,14,2,0
2007,900,17,1,0
2007,900,23,1,0
2007,900,25,1,0
2007,900,26,1,0
2007,900,29,2,0
2007,900,30,2,0
2007,900,31,8,0
2007,900,32,12,0
2007,900,35,1,0
2007,900,39,1,0
2007,900,40,1,0
2007,900,41,1,0
2007,900,42,2,0
2007,900,43,1,0
2007,900,45,1,0
2007,900,47,1,0
2007,900,48,1,0
2007,900,49,4,0
2007,900,50,1,0
2007,900,51,1,0
2007,900,52,7,0
2007,900,53,2,0
2007,1000,1,5,0
2007,1000,3,7,0
2007,1000,4,1,0
2007,1000,6,1,0
2007,1000,7,4,0
2007,1000,9,3,0
2007,1000,10,1,0
2007,1000,12,3,0
2007,1000,13,1,0
2007,1000,15,1,0
2007,1000,16,1,0
2007,1000,19,1,0
2007,1000,20,2,0
2007,1000,21,2,0
2007,1000,26,1,0
2007,1000,28,3,0
2007,1000,29,9,0
2007,1000,30,6,0
2007,1000,32,3,0
2007,1000,33,5,0
2007,1000,34,9,0
2007,1000,35,4,0
2007,1000,38,4,0
2007,1000,39,2,0
2007,1000,40,2,0
2007,1000,41,2,0
2007,1000,42,6,0
2007,1000,44,2,0
2007,1000,45,7,0
2007,1000,47,1,0
2007,1000,48,5,0
2007,1000,49,7,0
2007,1000,50,10,0
2007,1000,51,4,0
2007,1000,52,4,0
2007,1100,1,7,0
2007,1100,2,7,0
2007,1100,3,8,1
2007,1100,4,6,0
2007,1100,5,1,0
2007,1100,6,2,0
2007,1100,7,3,0
2007,1100,8,7,0
2007,1100,9,8,1
2007,1100,10,5,0
2007,1100,11,8,0
2007,1100,12,11,0
2007,1100,13,10,0
2007,1100,14,1,0
2007,1100,15,2,0
2007,1100,16,1,0
2007,1100,17,2,0
2007,1100,18,1,0
2007,1100,19,1,0
2007,1100,23,1,0
2007,1100,25,1,0
2007,1100,26,3,0
2007,1100,27,2,0
2007,1100,28,6,0
2007,1100,29,2,0
2007,1100,30,4,0
2007,1100,31,3,0
2007,1100,32,6,0
2007,1100,34,3,0
2007,1100,35,4,0
2007,1100,42,1,0
2007,1100,43,1,0
2007,1100,44,1,0
2007,1100,46,2,0
2007,1100,47,1,0
2007,1100,48,4,0
2007,1100,49,2,0
2007,1100,50,6,0
2007,1100,51,5,0
2007,1100,52,1,0
2007,1200,1,1,0
2007,1200,2,3,0
2007,1200,3,11,0
2007,1200,4,6,0
2007,1200,5,1,0
2007,1200,6,1,0
2007,1200,7,1,0
2007,1200,9,4,0
2007,1200,10,6,1
2007,1200,11,4,0
2007,1200,12,6,0
2007,1200,13,3,0
2007,1200,14,2,0
2007,1200,15,2,0
2007,1200,16,2,0
2007,1200,19,1,0
2007,1200,24,1,0
2007,1200,25,2,0
2007,1200,26,2,0
2007,1200,27,1,0
2007,1200,28,2,0
2007,1200,31,1,0
2007,1200,32,5,0
2007,1200,33,1,0
2007,1200,34,1,0
2007,1200,36,1,0
2007,1200,38,2,0
2007,1200,39,1,0
2007,1200,40,4,0
2007,1200,41,1,0
2007,1200,42,1,0
2007,1200,43,5,0
2007,1200,44,1,0
2007,1200,45,2,0
2007,1200,46,1,0
2007,1200,48,3,0
2007,1200,49,3,0
2007,1200,50,1,0
2007,1200,51,1,0
2007,1200,52,2,0
2007,1300,1,1,0
2007,1300,2,4,0
2007,1300,3,3,0
2007,1300,4,3,0
2007,1300,5,1,1
2007,1300,6,1,0
2007,1300,7,2,0
2007,1300,8,5,0
2007,1300,9,2,0
2007,1300,10,6,0
2007,1300,11,5,1
2007,1300,12,4,0
2007,1300,13,7,0
2007,1300,15,2,1
2007,1300,21,1,1
2007,1300,25,3,0
2007,1300,26,2,2
2007,1300,27,1,0
2007,1300,28,1,0
2007,1300,30,3,0
2007,1300,31,1,0
2007,1300,32,3,1
2007,1300,33,3,1
2007,1300,34,1,0
2007,1300,36,1,0
2007,1300,40,1,0
2007,1300,41,1,0
2007,1300,42,1,0
2007,1300,43,3,0
2007,1300,44,1,0
2007,1300,46,1,0
2007,1300,47,2,0
2007,1300,49,1,0
2007,1300,50,1,0
2007,1300,51,1,0
2007,1300,52,1,0
2007,1400,1,2,0
2007,1400,3,12,0
2007,1400,4,1,0
2007,1400,6,1,0
2007,1400,7,5,0
2007,1400,8,6,0
2007,1400,9,8,0
2007,1400,10,3,1
2007,1400,11,5,0
2007,1400,12,3,0
2007,1400,13,2,0
2007,1400,14,1,0
2007,1400,15,4,0
2007,1400,16,3,0
2007,1400,17,2,0
2007,1400,19,2,0
2007,1400,20,2,1
2007,1400,21,4,1
2007,1400,26,2,0
2007,1400,27,3,1
2007,1400,33,2,0
2007,1400,34,3,1
2007,1400,35,1,0
2007,1400,36,1,0
2007,1400,43,1,0
2007,1400,47,2,0
2007,1400,49,2,0
2007,1400,50,1,0
2007,1400,51,1,0
2007,1400,52,2,0
2007,1500,1,2,0
2007,1500,2,1,0
2007,1500,4,9,0
2007,1500,5,4,0
2007,1500,6,1,0
2007,1500,7,1,0
2007,1500,8,10,0
2007,1500,11,4,0
2007,1500,12,6,0
2007,1500,13,8,1
2007,1500,19,1,0
2007,1500,20,1,1
2007,1500,21,3,0
2007,1500,24,1,0
2007,1500,26,4,3
2007,1500,27,1,0
2007,1500,28,3,0
2007,1500,30,6,2
2007,1500,34,1,0
2007,1500,35,1,1
2007,1500,40,1,0
2007,1500,44,2,0
2007,1500,47,2,0
2007,1500,49,1,0
2007,1500,52,3,0
2007,1600,1,7,0
2007,1600,2,3,0
2007,1600,3,5,0
2007,1600,4,2,0
2007,1600,6,4,0
2007,1600,7,1,0
2007,1600,9,4,0
2007,1600,11,1,0
2007,1600,12,1,1
2007,1600,13,4,1
2007,1600,21,2,0
2007,1600,26,1,0
2007,1600,27,1,0
2007,1600,30,1,0
2007,1600,37,1,0
2007,1600,42,1,0
2007,1600,46,1,0
2007,1600,47,1,0
2007,1600,52,4,0
2007,1700,3,1,0
2007,1700,4,1,0
2007,1700,9,2,0
2007,1700,13,1,0
2007,1700,30,1,0
2007,1700,43,2,0
2007,1800,4,2,0
2007,1800,10,1,0
2007,1800,40,1,0
2007,1800,42,1,0
2007,1800,43,2,0
2007,1900,2,1,0
2007,1900,5,5,0
2007,1900,7,2,0
2007,1900,9,1,0
2007,1900,11,1,0
2007,1900,12,1,0
2007,1900,13,2,0
2007,1900,18,1,0
2007,1900,20,1,0
2007,1900,33,2,0
2007,1900,43,1,0
2007,1900,50,1,0
2007,2000,11,1,0
2007,2000,43,1,0
2007,2000,52,1,0
2007,2100,3,3,0
2007,2100,6,2,0
2007,2100,7,1,1
2007,2100,12,4,0
2007,2100,16,1,0
2007,2100,20,1,0
2007,2100,28,1,0
2007,2100,42,1,0
2007,2100,43,1,0
2007,2100,52,1,0
2007,2200,3,3,0
2007,2200,4,1,0
2007,2200,7,1,0
2007,2200,16,1,0
2007,2200,19,1,0
2007,2200,20,2,0
2007,2200,29,1,0
2007,2200,43,1,0
2007,2300,2,8,0
2007,2300,3,1,0
2007,2300,4,6,0
2007,2300,5,16,0
2007,2300,6,1,0
2007,2300,8,5,0
2007,2300,9,4,0
2007,2300,11,5,0
2007,2300,12,10,0
2007,2300,13,8,0
2007,2300,14,1,0
2007,2300,16,1,0
2007,2300,22,1,0
2007,2300,26,1,0
2007,2300,27,3,0
2007,2300,29,1,0
2007,2300,31,4,0
2007,2300,32,5,0
2007,2300,36,1,0
2007,2300,41,1,0
2007,2300,42,2,0
2007,2300,48,2,0
2007,2300,49,1,0
2007,2300,50,1,0
2007,2300,51,2,0
2007,2400,5,1,0
2007,2400,16,1,0
2007,2400,27,1,0
2007,2400,42,1,0
2007,2400,47,2,0
2007,2400,52,1,0
2008,0,1,43,2
2008,0,2,52,2
2008,0,3,43,0
2008,0,4,36,0
2008,0,5,57,3
2008,0,6,65,2
2008,0,7,73,0
2008,0,8,46,0
2008,0,9,71,3
2008,0,10,89,2
2008,0,11,58,0
2008,0,12,60,1
2008,0,13,56,0
2008,0,14,27,0
2008,0,15,31,0
2008,0,16,38,0
2008,0,17,11,0
2008,0,18,11,0
2008,0,19,15,0
2008,0,20,8,0
2008,0,21,3,0
2008,0,22,4,0
2008,0,23,11,0
2008,0,24,10,0
2008,0,25,24,0
2008,0,26,44,0
2008,0,27,27,0
2008,0,28,28,0
2008,0,29,44,0
2008,0,30,25,0
2008,0,31,17,0
2008,0,32,18,0
2008,0,33,12,0
2008,0,34,19,0
2008,0,35,15,0
2008,0,36,24,0
2008,0,37,4,0
2008,0,38,10,0
2008,0,39,2,0
2008,0,40,5,0
2008,0,41,13,0
2008,0,42,20,0
2008,0,43,10,0
2008,0,44,13,0
2008,0,45,8,0
2008,0,46,13,0
2008,0,47,41,0
2008,0,48,22,0
2008,0,49,5,0
2008,0,50,21,0
2008,0,51,48,0
2008,0,52,27,0
2008,0,53,5,0
2008,100,1,9,0
2008,100,2,12,0
2008,100,3,4,0
2008,100,4,1,0
2008,100,5,10,0
2008,100,6,19,1
2008,100,7,13,0
2008,100,8,9,0
2008,100,9,12,0
2008,100,10,8,0
2008,100,11,11,0
2008,100,12,7,0
2008,100,13,14,0
2008,100,14,11,0
2008,100,15,3,0
2008,100,16,2,0
2008,100,19,1,0
2008,100,20,1,0
2008,100,23,1,0
2008,100,24,3,0
2008,100,25,4,0
2008,100,26,6,0
2008,100,27,6,0
2008,100,28,4,0
2008,100,29,20,0
2008,100,30,4,0
2008,100,31,11,0
2008,100,32,11,0
2008,100,33,1,0
2008,100,34,3,0
2008,100,35,4,0
2008,100,36,3,0
2008,100,37,1,0
2008,100,39,1,0
2008,100,40,6,0
2008,100,41,2,0
2008,100,43,2,0
2008,100,44,5,0
2008,100,45,2,0
2008,100,46,6,0
2008,100,47,9,0
2008,100,48,13,0
2008,100,49,4,0
2008,100,50,1,0
2008,100,51,8,0
2008,100,52,5,1
2008,100,53,4,0
2008,200,1,2,0
2008,200,2,6,0
2008,200,3,3,0
2008,200,4,6,0
2008,200,5,2,0
2008,200,6,1,0
2008,200,7,6,0
2008,200,8,1,0
2008,200,9,4,0
2008,200,10,8,2
2008,200,11,4,0
2008,200,12,4,0
2008,200,13,4,0
2008,200,14,3,0
2008,200,17,1,0
2008,200,25,2,0
2008,200,26,8,0
2008,200,27,2,0
2008,200,28,1,0
2008,200,29,1,0
2008,200,32,1,0
2008,200,36,1,0
2008,200,42,1,0
2008,200,47,3,0
2008,200,48,1,0
2008,200,52,1,0
2008,300,1,2,0
2008,300,2,2,0
2008,300,4,3,0
2008,300,5,1,0
2008,300,6,2,0
2008,300,8,1,0
2008,300,10,3,0
2008,300,11,6,0
2008,300,12,1,0
2008,300,13,3,0
2008,300,14,1,0
2008,300,20,1,0
2008,300,25,1,0
2008,300,35,1,0
2008,300,37,7,0
2008,300,38,1,0
2008,300,41,3,0
2008,300,43,1,0
2008,300,45,1,0
2008,300,46,1,0
2008,300,51,1,0
2008,400,1,1,0
2008,400,2,2,0
2008,400,3,1,0
2008,400,4,2,0
2008,400,8,1,0
2008,400,10,2,0
2008,400,11,1,0
2008,400,12,1,0
2008,400,15,4,0
2008,400,19,1,0
2008,400,20,1,0
2008,400,23,1,0
2008,400,26,1,0
2008,400,27,1,0
2008,400,29,2,0
2008,400,31,1,0
2008,400,35,1,0
2008,400,41,1,0
2008,400,42,1,0
2008,400,45,1,0
2008,400,46,1,0
2008,400,52,1,0
2008,500,1,4,0
2008,500,2,8,0
2008,500,3,2,0
2008,500,4,3,0
2008,500,5,2,0
2008,500,6,4,0
2008,500,7,3,0
2008,500,8,5,0
2008,500,9,8,0
2008,500,10,7,0
2008,500,11,1,0
2008,500,12,4,0
2008,500,13,6,0
2008,500,14,2,0
2008,500,16,2,0
2008,500,21,5,0
2008,500,22,1,0
2008,500,25,7,0
2008,500,26,1,0
2008,500,27,5,0
2008,500,28,6,0
2008,500,29,5,0
2008,500,30,2,0
2008,500,31,1,0
2008,500,32,2,0
2008,500,33,2,0
2008,500,34,1,0
2008,500,35,2,0
2008,500,36,5,0
2008,500,37,1,0
2008,500,41,3,0
2008,500,42,4,0
2008,500,43,2,0
2008,500,44,1,0
2008,500,45,3,0
2008,500,46,1,0
2008,500,47,3,0
2008,500,48,4,0
2008,500,49,1,0
2008,500,50,6,0
2008,500,51,6,0
2008,500,52,5,0
2008,600,1,6,0
2008,600,2,9,0
2008,600,3,4,0
2008,600,4,5,0
2008,600,5,3,0
2008,600,6,5,0
2008,600,7,5,0
2008,600,8,9,0
2008,600,9,8,0
2008,600,10,13,1
2008,600,11,5,0
2008,600,12,8,1
2008,600,13,5,0
2008,600,14,2,0
2008,600,15,4,0
2008,600,16,1,1
2008,600,17,2,0
2008,600,18,1,0
2008,600,20,2,0
2008,600,21,1,0
2008,600,25,5,0
2008,600,26,1,0
2008,600,27,5,0
2008,600,28,3,0
2008,600,29,9,0
2008,600,30,3,0
2008,600,31,4,0
2008,600,32,1,0
2008,600,34,2,0
2008,600,35,2,0
2008,600,36,2,0
2008,600,37,5,0
2008,600,40,5,0
2008,600,41,2,0
2008,600,44,4,0
2008,600,45,4,2
2008,600,46,7,0
2008,600,47,4,0
2008,600,48,1,0
2008,600,49,5,0
2008,600,50,5,0
2008,600,51,2,0
2008,600,52,7,0
2008,700,1,1,0
2008,700,2,2,0
2008,700,3,5,0
2008,700,4,2,0
2008,700,5,1,0
2008,700,6,10,0
2008,700,7,3,0
2008,700,8,13,0
2008,700,9,2,0
2008,700,10,4,0
2008,700,11,3,0
2008,700,12,10,0
2008,700,13,7,0
2008,700,14,1,0
2008,700,15,1,0
2008,700,17,4,0
2008,700,22,6,0
2008,700,23,13,0
2008,700,25,5,0
2008,700,26,2,0
2008,700,27,2,0
2008,700,28,2,0
2008,700,29,3,0
2008,700,30,2,0
2008,700,31,7,3
2008,700,32,1,0
2008,700,33,1,0
2008,700,35,9,0
2008,700,36,8,0
2008,700,37,3,0
2008,700,38,3,0
2008,700,39,1,0
2008,700,40,1,0
2008,700,42,3,0
2008,700,43,3,0
2008,700,44,5,0
2008,700,45,7,0
2008,700,47,13,0
2008,700,48,7,0
2008,700,50,2,0
2008,700,51,4,0
2008,700,52,4,0
2008,800,3,5,0
2008,800,4,1,0
2008,800,5,5,0
2008,800,6,4,0
2008,800,7,2,0
2008,800,8,6,0
2008,800,9,4,0
2008,800,12,2,0
2008,800,13,6,0
2008,800,14,3,0
2008,800,15,5,0
2008,800,19,1,0
2008,800,23,7,0
2008,800,24,3,0
2008,800,25,1,0
2008,800,26,3,0
2008,800,27,1,0
2008,800,29,1,0
2008,800,30,1,0
2008,800,31,1,0
2008,800,32,1,0
2008,800,35,4,0
2008,800,36,1,0
2008,800,42,6,0
2008,800,45,1,0
2008,800,47,1,0
2008,800,48,1,0
2008,800,49,1,0
2008,800,50,1,0
2008,800,52,5,0
2008,900,1,3,0
2008,900,2,5,0
2008,900,3,3,0
2008,900,4,4,0
2008,900,5,5,0
2008,900,6,4,0
2008,900,7,5,0
2008,900,8,9,0
2008,900,9,4,0
2008,900,10,5,0
2008,900,11,4,0
2008,900,12,7,0
2008,900,13,9,0
2008,900,14,9,0
2008,900,15,1,0
2008,900,16,2,0
2008,900,18,2,0
2008,900,20,4,0
2008,900,21,6,0
2008,900,23,6,0
2008,900,24,6,0
2008,900,25,1,0
2008,900,28,1,0
2008,900,29,3,0
2008,900,30,2,0
2008,900,31,3,0
2008,900,32,4,0
2008,900,33,2,0
2008,900,36,1,0
2008,900,37,4,0
2008,900,40,3,0
2008,900,41,2,0
2008,900,43,1,0
2008,900,44,6,0
2008,900,45,4,0
2008,900,47,1,0
2008,900,48,1,0
2008,900,49,1,0
2008,900,50,1,0
2008,900,51,3,0
2008,900,52,14,0
2008,900,53,1,0
2008,1000,1,2,0
2008,1000,2,2,0
2008,1000,3,2,0
2008,1000,4,2,0
2008,1000,5,4,0
2008,1000,6,1,0
2008,1000,7,2,0
2008,1000,8,3,0
2008,1000,9,3,0
2008,1000,10,3,0
2008,1000,11,1,0
2008,1000,12,5,0
2008,1000,13,8,0
2008,1000,14,9,0
2008,1000,15,7,0
2008,1000,16,2,0
2008,1000,17,1,0
2008,1000,19,2,0
2008,1000,20,3,0
2008,1000,21,3,0
2008,1000,23,6,0
2008,1000,24,2,0
2008,1000,25,3,0
2008,1000,26,1,0
2008,1000,27,2,0
2008,1000,28,1,0
2008,1000,29,2,0
2008,1000,30,2,0
2008,1000,33,2,0
2008,1000,34,3,0
2008,1000,35,2,0
2008,1000,45,1,0
2008,1000,46,1,0
2008,1000,47,3,0
2008,1000,49,3,0
2008,1000,50,2,0
2008,1000,51,2,0
2008,1100,1,5,0
2008,1100,2,16,0
2008,1100,3,20,0
2008,1100,4,5,0
2008,1100,5,7,0
2008,1100,6,5,0
2008,1100,7,10,0
2008,1100,8,8,0
2008,1100,9,6,0
2008,1100,10,6,0
2008,1100,11,6,0
2008,1100,12,8,0
2008,1100,13,13,0
2008,1100,14,6,0
2008,1100,15,1,0
2008,1100,16,7,0
2008,1100,17,3,0
2008,1100,18,1,0
2008,1100,21,4,0
2008,1100,22,12,0
2008,1100,23,5,0
2008,1100,24,3,1
2008,1100,25,1,0
2008,1100,26,7,1
2008,1100,27,1,0
2008,1100,28,8,0
2008,1100,29,8,0
2008,1100,31,4,0
2008,1100,32,2,0
2008,1100,33,6,0
2008,1100,34,4,0
2008,1100,35,5,0
2008,1100,36,1,0
2008,1100,40,1,0
2008,1100,43,1,0
2008,1100,44,1,0
2008,1100,45,1,0
2008,1100,47,2,0
2008,1100,48,9,0
2008,1100,49,1,0
2008,1100,51,3,0
2008,1200,1,1,0
2008,1200,2,8,0
2008,1200,3,5,0
2008,1200,4,1,0
2008,1200,5,2,0
2008,1200,6,5,0
2008,1200,8,6,0
2008,1200,9,1,0
2008,1200,10,6,3
2008,1200,11,1,1
2008,1200,12,4,2
2008,1200,13,1,0
2008,1200,14,8,1
2008,1200,15,2,0
2008,1200,17,1,0
2008,1200,18,1,0
2008,1200,19,2,0
2008,1200,21,2,0
2008,1200,22,3,0
2008,1200,23,1,1
2008,1200,27,1,0
2008,1200,29,1,0
2008,1200,30,3,0
2008,1200,31,1,0
2008,1200,32,2,0
2008,1200,34,2,0
2008,1200,35,1,0
2008,1200,37,1,0
2008,1200,38,6,0
2008,1200,39,2,0
2008,1200,40,8,0
2008,1200,41,6,0
2008,1200,43,5,0
2008,1200,44,7,0
2008,1200,45,7,0
2008,1200,46,7,0
2008,1200,47,7,0
2008,1200,48,7,0
2008,1200,49,10,0
2008,1200,50,9,0
2008,1200,51,10,0
2008,1200,52,7,0
2008,1200,53,3,0
2008,1300,1,3,0
2008,1300,2,3,0
2008,1300,3,1,0
2008,1300,4,8,0
2008,1300,5,4,0
2008,1300,6,4,0
2008,1300,7,2,0
2008,1300,8,7,0
2008,1300,9,3,0
2008,1300,10,3,0
2008,1300,11,6,0
2008,1300,12,4,0
2008,1300,13,2,1
2008,1300,14,1,0
2008,1300,15,1,0
2008,1300,16,4,1
2008,1300,18,2,0
2008,1300,19,2,0
2008,1300,21,1,0
2008,1300,23,1,0
2008,1300,24,2,0
2008,1300,25,4,1
2008,1300,26,8,5
2008,1300,27,4,0
2008,1300,28,6,2
2008,1300,29,1,0
2008,1300,31,1,0
2008,1300,32,1,0
2008,1300,34,1,1
2008,1300,36,1,0
2008,1300,37,1,0
2008,1300,38,1,0
2008,1300,43,2,0
2008,1300,45,3,1
2008,1300,46,1,0
2008,1300,48,1,0
2008,1300,49,1,0
2008,1300,51,1,0
2008,1300,52,5,0
2008,1400,1,5,0
2008,1400,2,3,0
2008,1400,3,2,0
2008,1400,4,1,0
2008,1400,6,6,0
2008,1400,7,4,0
2008,1400,8,8,0
2008,1400,9,5,0
2008,1400,10,4,0
2008,1400,11,14,1
2008,1400,12,5,0
2008,1400,13,5,1
2008,1400,14,4,0
2008,1400,15,5,0
2008,1400,16,1,0
2008,1400,18,3,1
2008,1400,19,1,0
2008,1400,21,2,0
2008,1400,22,2,0
2008,1400,24,1,0
2008,1400,26,2,1
2008,1400,27,2,0
2008,1400,29,2,1
2008,1400,30,1,0
2008,1400,32,1,0
2008,1400,34,1,0
2008,1400,35,1,0
2008,1400,37,1,0
2008,1400,38,1,0
2008,1400,42,3,0
2008,1400,43,1,0
2008,1400,44,4,0
2008,1400,46,1,0
2008,1400,47,2,0
2008,1400,48,1,0
2008,1400,51,2,0
2008,1500,2,10,0
2008,1500,3,2,1
2008,1500,4,4,0
2008,1500,5,1,0
2008,1500,6,4,0
2008,1500,7,5,0
2008,1500,8,2,0
2008,1500,9,3,0
2008,1500,11,7,2
2008,1500,12,4,0
2008,1500,13,4,1
2008,1500,14,7,0
2008,1500,16,2,0
2008,1500,17,1,0
2008,1500,18,1,0
2008,1500,20,1,0
2008,1500,21,3,0
2008,1500,25,2,0
2008,1500,26,10,1
2008,1500,27,3,0
2008,1500,29,2,0
2008,1500,30,2,0
2008,1500,31,1,0
2008,1500,32,2,1
2008,1500,33,1,0
2008,1500,42,4,0
2008,1500,44,4,0
2008,1500,45,2,0
2008,1500,46,2,0
2008,1500,47,4,0
2008,1500,48,2,0
2008,1500,49,2,0
2008,1500,50,2,0
2008,1500,51,6,0
2008,1500,52,1,0
2008,1600,1,6,0
2008,1600,2,6,0
2008,1600,4,2,0
2008,1600,5,5,2
2008,1600,6,1,0
2008,1600,7,4,0
2008,1600,8,2,0
2008,1600,9,5,1
2008,1600,10,2,0
2008,1600,11,4,3
2008,1600,12,5,1
2008,1600,14,1,0
2008,1600,15,2,2
2008,1600,17,2,1
2008,1600,18,1,0
2008,1600,19,1,0
2008,1600,21,1,1
2008,1600,25,1,1
2008,1600,26,4,1
2008,1600,28,2,0
2008,1600,29,1,0
2008,1600,30,1,0
2008,1600,37,1,0
2008,1600,39,1,0
2008,1600,40,4,0
2008,1600,42,1,0
2008,1600,44,3,0
2008,1600,46,4,0
2008,1600,49,1,0
2008,1700,1,1,0
2008,1700,7,2,0
2008,1700,9,2,0
2008,1700,10,2,0
2008,1700,16,2,0
2008,1700,20,1,0
2008,1700,29,2,0
2008,1700,30,1,0
2008,1700,50,1,0
2008,1700,51,1,0
2008,1800,1,2,0
2008,1800,3,1,0
2008,1800,5,1,0
2008,1800,7,2,0
2008,1800,9,2,1
2008,1800,11,1,0
2008,1800,12,1,0
2008,1800,32,3,0
2008,1800,52,1,0
2008,1900,2,1,0
2008,1900,5,1,0
2008,1900,7,1,0
2008,1900,8,1,0
2008,1900,10,2,0
2008,1900,11,1,0
2008,1900,13,2,0
2008,1900,20,1,0
2008,1900,21,1,1
2008,1900,37,3,0
2008,1900,41,1,0
2008,1900,45,2,0
2008,1900,48,2,0
2008,1900,50,1,0
2008,1900,51,1,0
2008,1900,52,2,0
2008,1900,53,1,0
2008,2000,5,2,0
2008,2000,9,1,0
2008,2000,11,1,0
2008,2000,47,3,0
2008,2000,48,1,0
2008,2100,1,1,0
2008,2100,4,1,0
2008,2100,5,2,0
2008,2100,6,1,0
2008,2100,9,2,0
2008,2100,11,1,0
2008,2100,12,4,0
2008,2100,37,1,0
2008,2100,41,1,1
2008,2100,45,2,0
2008,2100,52,3,0
2008,2200,1,2,0
2008,2200,2,1,0
2008,2200,3,2,0
2008,2200,5,1,0
2008,2200,7,1,0
2008,2200,41,1,0
2008,2200,45,1,0
2008,2200,50,1,0
2008,2200,52,1,0
2008,2200,53,1,0
2008,2300,2,8,0
2008,2300,3,7,0
2008,2300,4,5,0
2008,2300,5,4,0
2008,2300,6,7,0
2008,2300,7,5,0
2008,2300,8,2,0
2008,2300,9,8,0
2008,2300,10,6,0
2008,2300,11,9,0
2008,2300,12,6,0
2008,2300,13,2,0
2008,2300,14,1,0
2008,2300,15,4,0
2008,2300,17,2,0
2008,2300,19,1,0
2008,2300,20,1,0
2008,2300,21,2,0
2008,2300,22,1,0
2008,2300,24,3,0
2008,2300,25,2,0
2008,2300,28,3,0
2008,2300,29,6,0
2008,2300,31,2,0
2008,2300,32,5,0
2008,2300,33,1,0
2008,2300,36,5,0
2008,2300,37,1,0
2008,2300,38,2,0
2008,2300,43,1,0
2008,2300,45,5,0
2008,2300,47,3,0
2008,2300,48,5,0
2008,2300,51,3,0
2008,2300,52,6,0
2008,2400,4,2,0
2008,2400,6,1,0
2008,2400,7,2,0
2008,2400,8,2,0
2008,2400,9,1,0
2008,2400,28,1,0
2008,2400,48,2,0
2009,0,1,72,0
2009,0,2,58,1
2009,0,3,82,0
2009,0,4,20,0
2009,0,5,23,0
2009,0,6,41,1
2009,0,7,63,2
2009,0,8,51,2
2009,0,9,51,1
2009,0,10,44,0
2009,0,11,64,3
2009,0,12,75,0
2009,0,13,31,0
2009,0,14,27,0
2009,0,15,21,0
2009,0,16,30,0
2009,0,17,33,0
2009,0,18,7,0
2009,0,19,17,0
2009,0,20,12,0
2009,0,21,18,0
2009,0,22,7,0
2009,0,23,2,0
2009,0,24,12,0
2009,0,25,16,0
2009,0,26,5,0
2009,0,27,29,0
2009,0,28,28,0
2009,0,29,7,0
2009,0,30,11,0
2009,0,31,17,0
2009,0,32,1,0
2009,0,33,21,0
2009,0,34,9,0
2009,0,35,8,0
2009,0,36,6,0
2009,0,37,8,0
2009,0,38,11,0
2009,0,39,10,0
2009,0,40,9,0
2009,0,41,11,0
2009,0,42,9,0
2009,0,43,9,0
2009,0,44,13,0
2009,0,45,14,0
2009,0,46,18,0
2009,0,47,15,0
2009,0,48,31,0
2009,0,49,45,0
2009,0,50,36,0
2009,0,51,50,0
2009,0,52,31,0
2009,0,53,8,0
2009,100,1,8,0
2009,100,2,54,0
2009,100,3,49,0
2009,100,4,5,1
2009,100,5,2,0
2009,100,6,28,1
2009,100,7,14,0
2009,100,8,15,0
2009,100,9,17,1
2009,100,10,8,1
2009,100,11,8,0
2009,100,12,16,0
2009,100,13,12,0
2009,100,14,7,0
2009,100,15,4,0
2009,100,16,6,0
2009,100,17,3,0
2009,100,19,5,0
2009,100,20,8,0
2009,100,22,7,0
2009,100,25,14,0
2009,100,26,5,0
2009,100,27,10,0
2009,100,28,19,0
2009,100,29,14,0
2009,100,30,2,0
2009,100,32,2,0
2009,100,34,1,0
2009,100,37,1,0
2009,100,38,1,0
2009,100,39,1,0
2009,100,40,2,0
2009,100,41,5,0
2009,100,42,2,0
2009,100,43,2,0
2009,100,46,1,0
2009,100,47,7,0
2009,100,48,9,0
2009,100,49,10,0
2009,100,50,10,0
2009,100,51,5,0
2009,100,52,2,0
2009,200,2,1,0
2009,200,3,2,0
2009,200,4,2,0
2009,200,6,5,0
2009,200,7,3,0
2009,200,8,22,0
2009,200,9,2,0
2009,200,10,4,0
2009,200,12,5,0
2009,200,13,2,0
2009,200,14,1,0
2009,200,15,1,0
2009,200,16,2,0
2009,200,19,1,0
2009,200,20,1,0
2009,200,22,4,0
2009,200,23,1,0
2009,200,24,1,0
2009,200,25,2,0
2009,200,26,3,0
2009,200,27,1,0
2009,200,29,1,0
2009,200,30,1,0
2009,200,33,1,0
2009,200,37,2,0
2009,200,38,3,0
2009,200,41,1,0
2009,200,43,2,0
2009,200,44,3,0
2009,200,48,6,0
2009,200,49,5,0
2009,200,50,1,0
2009,200,52,1,0
2009,300,2,4,0
2009,300,6,4,0
2009,300,7,2,0
2009,300,8,6,0
2009,300,9,3,0
2009,300,11,1,0
2009,300,19,1,0
2009,300,20,1,0
2009,300,22,5,0
2009,300,23,1,0
2009,300,26,1,0
2009,300,31,1,0
2009,300,42,4,0
2009,300,45,1,0
2009,300,47,1,0
2009,300,49,5,0
2009,300,51,1,0
2009,400,2,1,0
2009,400,3,1,0
2009,400,7,1,0
2009,400,8,2,0
2009,400,9,1,0
2009,400,11,1,0
2009,400,14,1,0
2009,400,22,1,0
2009,400,24,1,0
2009,400,26,1,0
2009,400,38,1,0
2009,400,40,1,0
2009,400,45,1,0
2009,400,48,1,0
2009,400,49,1,0
2009,500,1,1,0
2009,500,2,4,0
2009,500,3,3,0
2009,500,4,2,0
2009,500,5,2,0
2009,500,6,5,0
2009,500,7,10,0
2009,500,8,3,0
2009,500,10,5,0
2009,500,11,10,0
2009,500,12,11,0
2009,500,13,8,0
2009,500,14,8,0
2009,500,15,2,0
2009,500,16,1,0
2009,500,17,1,0
2009,500,19,2,0
2009,500,20,4,0
2009,500,21,1,0
2009,500,22,1,0
2009,500,24,1,0
2009,500,25,4,0
2009,500,26,2,0
2009,500,27,1,0
2009,500,28,5,0
2009,500,29,2,0
2009,500,30,1,0
2009,500,32,1,0
2009,500,33,2,0
2009,500,37,1,0
2009,500,38,2,0
2009,500,44,1,0
2009,500,45,2,0
2009,500,48,2,0
2009,500,49,1,0
2009,500,50,2,0
2009,500,51,12,2
2009,500,52,12,0
2009,500,53,3,0
2009,600,1,2,0
2009,600,2,4,0
2009,600,3,8,0
2009,600,4,7,0
2009,600,5,6,0
2009,600,6,5,0
2009,600,7,13,0
2009,600,8,4,0
2009,600,9,5,0
2009,600,10,5,0
2009,600,11,3,0
2009,600,12,2,0
2009,600,13,6,2
2009,600,14,3,0
2009,600,16,3,0
2009,600,19,3,0
2009,600,20,4,0
2009,600,21,5,0
2009,600,22,3,0
2009,600,24,2,0
2009,600,26,5,0
2009,600,27,3,0
2009,600,28,4,0
2009,600,29,5,0
2009,600,32,1,0
2009,600,33,3,0
2009,600,34,2,0
2009,600,35,1,0
2009,600,36,2,0
2009,600,37,1,0
2009,600,38,3,0
2009,600,40,2,0
2009,600,41,1,0
2009,600,42,1,0
2009,600,43,1,0
2009,600,44,2,0
2009,600,45,2,0
2009,600,46,3,0
2009,600,47,1,0
2009,600,48,3,0
2009,600,49,2,0
2009,600,51,5,0
2009,600,52,3,0
2009,700,3,5,0
2009,700,4,1,0
2009,700,5,7,0
2009,700,6,4,0
2009,700,7,7,0
2009,700,8,18,0
2009,700,9,15,0
2009,700,10,25,0
2009,700,11,29,0
2009,700,12,12,0
2009,700,13,18,0
2009,700,14,19,0
2009,700,15,19,0
2009,700,16,52,0
2009,700,17,16,0
2009,700,18,1,0
2009,700,19,7,0
2009,700,20,2,0
2009,700,21,6,0
2009,700,22,3,0
2009,700,23,2,0
2009,700,26,1,0
2009,700,31,1,0
2009,700,32,1,0
2009,700,33,2,0
2009,700,37,2,1
2009,700,39,2,0
2009,700,41,1,0
2009,700,44,6,0
2009,700,45,1,0
2009,700,47,2,0
2009,700,48,2,0
2009,700,49,2,0
2009,700,50,4,0
2009,700,51,6,0
2009,700,52,6,0
2009,800,5,3,0
2009,800,7,4,0
2009,800,8,2,0
2009,800,9,3,0
2009,800,12,5,0
2009,800,13,4,0
2009,800,14,1,0
2009,800,18,1,0
2009,800,19,3,0
2009,800,20,3,0
2009,800,26,1,0
2009,800,28,4,0
2009,800,29,1,0
2009,800,32,1,0
2009,800,34,1,0
2009,800,36,1,0
2009,800,38,1,0
2009,800,43,1,0
2009,800,46,3,0
2009,800,48,1,0
2009,900,2,2,0
2009,900,4,4,0
2009,900,5,1,0
2009,900,7,6,0
2009,900,9,3,0
2009,900,10,7,0
2009,900,11,7,0
2009,900,12,5,1
2009,900,13,1,0
2009,900,14,3,0
2009,900,15,1,0
2009,900,18,1,0
2009,900,19,1,0
2009,900,20,2,0
2009,900,21,1,0
2009,900,22,1,0
2009,900,23,1,0
2009,900,24,7,0
2009,900,26,2,0
2009,900,28,12,0
2009,900,29,7,0
2009,900,30,5,0
2009,900,31,1,0
2009,900,34,1,0
2009,900,35,2,0
2009,900,36,6,0
2009,900,43,1,0
2009,900,46,2,0
2009,900,47,2,0
2009,900,48,4,0
2009,900,49,4,0
2009,900,50,4,0
2009,900,51,11,0
2009,900,52,12,0
2009,900,53,1,0
2009,1000,2,2,0
2009,1000,3,1,0
2009,1000,6,2,0
2009,1000,7,2,0
2009,1000,9,3,0
2009,1000,10,1,0
2009,1000,11,2,0
2009,1000,12,3,1
2009,1000,13,2,0
2009,1000,14,2,0
2009,1000,15,2,0
2009,1000,20,1,0
2009,1000,21,1,0
2009,1000,22,3,0
2009,1000,23,4,0
2009,1000,24,1,0
2009,1000,25,1,0
2009,1000,26,2,0
2009,1000,27,1,0
2009,1000,28,4,0
2009,1000,36,2,0
2009,1000,37,5,0
2009,1000,38,1,0
2009,1000,40,2,0
2009,1000,43,1,0
2009,1000,44,1,0
2009,1000,46,1,0
2009,1000,48,3,0
2009,1000,49,4,0
2009,1000,50,3,0
2009,1000,51,2,0
2009,1000,52,1,0
2009,1000,53,2,0
2009,1100,1,6,0
2009,1100,2,7,0
2009,1100,3,5,0
2009,1100,4,7,0
2009,1100,5,11,0
2009,1100,6,4,0
2009,1100,7,9,0
2009,1100,8,1,0
2009,1100,9,4,0
2009,1100,10,8,0
2009,1100,11,17,0
2009,1100,12,4,0
2009,1100,13,5,0
2009,1100,14,7,0
2009,1100,15,3,0
2009,1100,16,2,0
2009,1100,20,2,0
2009,1100,22,3,0
2009,1100,23,2,0
2009,1100,24,9,0
2009,1100,25,12,0
2009,1100,26,8,0
2009,1100,27,5,0
2009,1100,28,14,0
2009,1100,29,7,0
2009,1100,30,4,0
2009,1100,31,2,0
2009,1100,32,1,0
2009,1100,33,3,0
2009,1100,34,1,0
2009,1100,35,3,0
2009,1100,36,2,0
2009,1100,38,1,0
2009,1100,40,3,0
2009,1100,42,1,0
2009,1100,43,1,0
2009,1100,44,1,0
2009,1100,47,1,0
2009,1100,48,3,0
2009,1100,49,3,0
2009,1100,50,2,0
2009,1100,51,2,0
2009,1100,52,4,0
2009,1100,53,2,0
2009,1200,1,8,0
2009,1200,2,13,0
2009,1200,3,2,0
2009,1200,4,8,0
2009,1200,5,7,0
2009,1200,6,8,0
2009,1200,7,6,0
2009,1200,8,9,0
2009,1200,9,8,0
2009,1200,10,16,0
2009,1200,11,18,4
2009,1200,12,9,0
2009,1200,13,13,0
2009,1200,14,9,0
2009,1200,15,4,0
2009,1200,16,5,0
2009,1200,17,10,0
2009,1200,18,7,0
2009,1200,19,7,0
2009,1200,20,4,0
2009,1200,21,10,2
2009,1200,22,8,0
2009,1200,23,9,0
2009,1200,24,5,0
2009,1200,25,8,1
2009,1200,26,7,0
2009,1200,27,6,0
2009,1200,28,3,1
2009,1200,29,1,0
2009,1200,30,1,0
2009,1200,37,6,0
2009,1200,38,7,0
2009,1200,39,8,0
2009,1200,40,7,0
2009,1200,41,7,0
2009,1200,42,7,0
2009,1200,43,8,0
2009,1200,44,7,0
2009,1200,45,8,0
2009,1200,46,7,0
2009,1200,47,7,0
2009,1200,48,11,0
2009,1200,49,12,0
2009,1200,50,4,0
2009,1200,51,14,0
2009,1200,52,10,0
2009,1200,53,3,0
2009,1300,1,1,0
2009,1300,2,2,0
2009,1300,3,3,0
2009,1300,4,2,0
2009,1300,5,1,0
2009,1300,6,1,0
2009,1300,7,2,0
2009,1300,8,1,0
2009,1300,9,7,2
2009,1300,10,6,0
2009,1300,11,2,1
2009,1300,12,14,0
2009,1300,13,3,0
2009,1300,14,3,0
2009,1300,15,4,1
2009,1300,17,1,0
2009,1300,18,1,0
2009,1300,19,2,1
2009,1300,20,5,1
2009,1300,21,6,1
2009,1300,22,12,0
2009,1300,24,1,0
2009,1300,26,1,0
2009,1300,27,3,3
2009,1300,28,9,3
2009,1300,29,11,2
2009,1300,30,5,2
2009,1300,31,1,0
2009,1300,32,2,0
2009,1300,35,2,0
2009,1300,42,2,0
2009,1300,48,1,0
2009,1300,50,1,0
2009,1300,51,2,0
2009,1300,52,7,0
2009,1300,53,1,0
2009,1400,1,1,0
2009,1400,3,4,0
2009,1400,4,3,0
2009,1400,5,2,0
2009,1400,6,1,0
2009,1400,7,2,0
2009,1400,8,3,0
2009,1400,9,2,1
2009,1400,11,4,0
2009,1400,12,5,0
2009,1400,14,1,0
2009,1400,15,1,0
2009,1400,16,1,0
2009,1400,17,1,0
2009,1400,19,1,0
2009,1400,20,1,0
2009,1400,21,2,1
2009,1400,24,1,1
2009,1400,25,2,1
2009,1400,26,1,1
2009,1400,27,3,0
2009,1400,28,2,0
2009,1400,29,3,1
2009,1400,31,1,0
2009,1400,32,1,0
2009,1400,37,2,1
2009,1400,38,2,0
2009,1400,42,2,0
2009,1400,45,1,0
2009,1400,47,1,0
2009,1400,48,5,0
2009,1400,51,3,0
2009,1400,52,7,0
2009,1400,53,1,0
2009,1500,1,2,0
2009,1500,2,1,0
2009,1500,3,2,0
2009,1500,4,3,0
2009,1500,6,1,0
2009,1500,7,4,0
2009,1500,8,4,0
2009,1500,9,11,0
2009,1500,10,2,0
2009,1500,11,3,1
2009,1500,12,2,0
2009,1500,13,1,0
2009,1500,14,3,1
2009,1500,16,1,0
2009,1500,17,1,0
2009,1500,19,3,0
2009,1500,20,3,0
2009,1500,21,3,0
2009,1500,22,1,0
2009,1500,26,7,0
2009,1500,27,6,1
2009,1500,28,6,0
2009,1500,29,2,0
2009,1500,30,3,0
2009,1500,31,1,0
2009,1500,32,2,0
2009,1500,33,2,1
2009,1500,38,1,0
2009,1500,39,3,0
2009,1500,42,1,0
2009,1500,46,1,0
2009,1500,48,2,0
2009,1500,49,5,0
2009,1500,50,1,0
2009,1500,51,1,0
2009,1500,52,1,0
2009,1500,53,2,0
2009,1600,1,4,0
2009,1600,2,6,0
2009,1600,3,1,0
2009,1600,4,1,0
2009,1600,7,8,1
2009,1600,8,2,0
2009,1600,9,4,0
2009,1600,10,2,0
2009,1600,11,3,0
2009,1600,12,2,0
2009,1600,13,4,4
2009,1600,14,1,1
2009,1600,16,2,1
2009,1600,17,2,0
2009,1600,20,4,1
2009,1600,21,1,1
2009,1600,27,3,1
2009,1600,28,4,0
2009,1600,31,1,0
2009,1600,33,1,1
2009,1600,34,1,0
2009,1600,35,1,0
2009,1600,36,3,0
2009,1600,37,3,0
2009,1600,38,1,0
2009,1600,41,1,0
2009,1600,42,5,0
2009,1600,45,2,0
2009,1600,48,1,0
2009,1600,49,1,1
2009,1600,53,1,0
2009,1700,1,1,0
2009,1700,5,1,0
2009,1700,8,2,0
2009,1700,12,2,0
2009,1700,29,1,1
2009,1700,41,2,0
2009,1700,45,1,0
2009,1700,46,1,0
2009,1700,48,2,0
2009,1700,51,1,0
2009,1700,52,1,0
2009,1800,5,1,0
2009,1800,8,2,0
2009,1800,9,1,0
2009,1800,10,1,0
2009,1800,14,2,0
2009,1800,16,1,1
2009,1800,20,1,0
2009,1800,37,1,0
2009,1800,43,6,0
2009,1800,44,2,0
2009,1800,45,1,0
2009,1800,50,1,0
2009,1800,51,1,0
2009,1900,1,1,0
2009,1900,5,2,0
2009,1900,12,1,0
2009,1900,13,2,0
2009,1900,15,2,1
2009,1900,36,1,0
2009,1900,51,1,0
2009,1900,52,3,0
2009,1900,53,2,0
2009,2000,1,1,0
2009,2000,24,1,0
2009,2000,41,1,0
2009,2000,51,2,0
2009,2000,52,1,0
2009,2100,2,1,0
2009,2100,4,1,0
2009,2100,5,2,0
2009,2100,6,2,0
2009,2100,7,2,0
2009,2100,9,1,0
2009,2100,12,5,0
2009,2100,13,1,0
2009,2100,20,1,0
2009,2100,25,2,0
2009,2100,28,1,0
2009,2100,29,1,0
2009,2100,52,2,0
2009,2200,5,1,0
2009,2200,6,1,0
2009,2200,7,1,0
2009,2200,8,1,0
2009,2200,9,1,0
2009,2200,13,2,0
2009,2200,22,2,0
2009,2200,23,1,0
2009,2200,52,1,0
2009,2300,2,5,0
2009,2300,3,6,0
2009,2300,4,3,0
2009,2300,5,3,0
2009,2300,6,7,0
2009,2300,7,1,0
2009,2300,8,2,0
2009,2300,9,5,0
2009,2300,11,6,0
2009,2300,12,10,0
2009,2300,13,7,0
2009,2300,14,2,0
2009,2300,15,4,0
2009,2300,16,1,0
2009,2300,19,3,0
2009,2300,20,4,0
2009,2300,21,3,0
2009,2300,28,4,0
2009,2300,29,5,0
2009,2300,30,1,0
2009,2300,31,2,0
2009,2300,33,1,0
2009,2300,35,3,0
2009,2300,37,3,0
2009,2300,38,3,0
2009,2300,45,1,0
2009,2300,47,1,0
2009,2300,48,5,0
2009,2300,50,4,0
2009,2300,51,2,0
2009,2300,52,2,0
2009,2400,5,1,0
2009,2400,7,1,0
2009,2400,11,5,0
2009,2400,25,1,0
2009,2400,31,1,0
2009,2400,52,2,0
2010,0,1,45,0
2010,0,2,79,2
2010,0,3,63,2
2010,0,4,78,0
2010,0,5,57,0
2010,0,6,74,5
2010,0,7,62,0
2010,0,8,60,0
2010,0,9,55,0
2010,0,10,71,0
2010,0,11,56,0
2010,0,12,47,0
2010,0,13,53,0
2010,0,14,50,0
2010,0,15,67,0
2010,0,16,27,0
2010,0,17,21,0
2010,0,18,18,0
2010,0,19,28,0
2010,0,20,21,0
2010,0,21,29,0
2010,0,22,14,0
2010,0,23,18,0
2010,0,24,9,0
2010,0,25,14,0
2010,0,26,24,0
2010,0,27,15,0
2010,0,28,26,0
2010,0,29,14,1
2010,0,30,32,0
2010,0,31,23,0
2010,0,32,51,0
2010,0,33,39,0
2010,0,34,29,0
2010,0,35,22,0
2010,0,36,16,0
2010,0,37,16,1
2010,0,38,14,0
2010,0,39,5,0
2010,0,40,19,0
2010,0,41,5,0
2010,0,42,19,0
2010,0,43,14,0
2010,0,44,16,0
2010,0,45,28,0
2010,0,46,35,0
2010,0,47,18,0
2010,0,48,16,0
2010,0,49,13,0
2010,0,50,40,1
2010,0,51,33,0
2010,0,52,42,0
2010,0,53,6,0
2010,100,1,8,0
2010,100,2,12,0
2010,100,3,14,0
2010,100,4,5,0
2010,100,5,11,0
2010,100,6,33,2
2010,100,7,19,0
2010,100,8,18,1
2010,100,9,14,0
2010,100,10,21,0
2010,100,11,13,0
2010,100,12,12,0
2010,100,13,13,0
2010,100,14,7,0
2010,100,15,8,0
2010,100,16,7,0
2010,100,17,5,0
2010,100,18,6,0
2010,100,19,2,0
2010,100,20,2,0
2010,100,21,5,0
2010,100,22,6,0
2010,100,23,3,0
2010,100,24,7,0
2010,100,25,7,0
2010,100,26,8,0
2010,100,27,7,0
2010,100,28,13,0
2010,100,29,10,0
2010,100,30,6,0
2010,100,31,8,0
2010,100,32,11,0
2010,100,33,2,0
2010,100,34,3,0
2010,100,35,4,0
2010,100,36,10,0
2010,100,37,3,0
2010,100,38,4,0
2010,100,39,2,0
2010,100,40,4,0
2010,100,41,2,0
2010,100,42,1,0
2010,100,43,7,0
2010,100,44,3,0
2010,100,45,7,0
2010,100,46,12,0
2010,100,47,3,0
2010,100,48,1,0
2010,100,49,4,0
2010,100,50,4,0
2010,100,51,10,0
2010,100,52,12,0
2010,100,53,5,0
2010,200,1,5,0
2010,200,2,3,0
2010,200,3,1,0
2010,200,4,4,0
2010,200,5,10,0
2010,200,6,28,0
2010,200,7,3,0
2010,200,8,3,0
2010,200,9,3,0
2010,200,10,4,0
2010,200,11,2,0
2010,200,12,6,0
2010,200,13,3,0
2010,200,14,15,0
2010,200,15,2,0
2010,200,19,1,0
2010,200,23,1,0
2010,200,24,3,0
2010,200,25,1,0
2010,200,26,2,0
2010,200,27,1,0
2010,200,29,1,0
2010,200,30,3,0
2010,200,31,4,0
2010,200,32,2,0
2010,200,33,4,0
2010,200,34,3,0
2010,200,35,1,0
2010,200,36,1,0
2010,200,37,1,0
2010,200,38,3,0
2010,200,39,1,0
2010,200,41,3,1
2010,200,43,2,0
2010,200,45,2,0
2010,200,46,4,0
2010,200,49,6,0
2010,200,51,1,0
2010,300,1,1,0
2010,300,2,1,0
2010,300,4,1,0
2010,300,5,4,0
2010,300,6,5,0
2010,300,7,3,0
2010,300,8,3,0
2010,300,9,4,0
2010,300,10,1,0
2010,300,11,1,0
2010,300,12,1,0
2010,300,13,3,0
2010,300,15,5,0
2010,300,17,1,0
2010,300,18,1,0
2010,300,19,4,0
2010,300,22,1,0
2010,300,23,1,0
2010,300,24,9,0
2010,300,25,2,0
2010,300,26,1,0
2010,300,30,1,0
2010,300,31,2,0
2010,300,42,1,0
2010,300,45,2,0
2010,300,46,3,0
2010,300,47,1,0
2010,300,49,2,1
2010,300,50,1,0
2010,300,51,2,0
2010,400,4,1,0
2010,400,5,2,0
2010,400,6,1,0
2010,400,7,1,0
2010,400,10,2,0
2010,400,11,2,0
2010,400,12,1,0
2010,400,14,1,0
2010,400,15,2,0
2010,400,17,1,0
2010,400,18,1,0
2010,400,23,1,0
2010,400,26,1,0
2010,400,28,2,0
2010,400,31,2,0
2010,400,32,2,0
2010,400,36,1,0
2010,400,41,2,0
2010,400,45,5,0
2010,400,50,4,0
2010,400,51,2,0
2010,500,1,6,0
2010,500,2,2,0
2010,500,3,2,0
2010,500,4,3,0
2010,500,5,15,0
2010,500,6,7,0
2010,500,7,4,0
2010,500,8,4,0
2010,500,9,5,0
2010,500,10,4,0
2010,500,11,13,0
2010,500,12,15,0
2010,500,13,1,0
2010,500,14,12,0
2010,500,15,8,0
2010,500,17,3,0
2010,500,18,1,0
2010,500,19,1,0
2010,500,20,2,0
2010,500,21,5,0
2010,500,22,6,0
2010,500,23,3,0
2010,500,24,1,0
2010,500,25,2,0
2010,500,26,3,0
2010,500,27,1,0
2010,500,28,2,0
2010,500,29,4,0
2010,500,30,4,0
2010,500,31,3,0
2010,500,32,3,0
2010,500,33,10,1
2010,500,34,3,0
2010,500,35,4,0
2010,500,37,7,0
2010,500,38,1,0
2010,500,39,4,0
2010,500,40,2,0
2010,500,41,3,0
2010,500,42,1,0
2010,500,43,1,0
2010,500,44,4,0
2010,500,45,4,0
2010,500,46,1,0
2010,500,47,1,0
2010,500,48,3,0
2010,500,50,1,0
2010,500,51,8,0
2010,500,52,3,0
2010,600,1,8,0
2010,600,2,4,0
2010,600,3,4,0
2010,600,4,13,0
2010,600,5,9,0
2010,600,6,4,1
2010,600,7,8,0
2010,600,8,2,0
2010,600,9,7,0
2010,600,10,6,0
2010,600,11,9,0
2010,600,12,8,1
2010,600,13,3,0
2010,600,14,25,1
2010,600,15,8,0
2010,600,16,1,0
2010,600,17,2,0
2010,600,18,2,0
2010,600,19,1,0
2010,600,20,1,0
2010,600,21,5,0
2010,600,22,3,0
2010,600,23,6,0
2010,600,24,5,0
2010,600,25,1,0
2010,600,26,1,0
2010,600,27,1,0
2010,600,28,2,0
2010,600,29,3,0
2010,600,30,3,0
2010,600,31,6,0
2010,600,32,1,0
2010,600,33,3,0
2010,600,34,1,0
2010,600,35,4,0
2010,600,36,1,0
2010,600,38,3,0
2010,600,39,1,0
2010,600,40,2,0
2010,600,41,4,0
2010,600,42,1,0
2010,600,43,2,0
2010,600,44,2,0
2010,600,45,8,0
2010,600,46,2,0
2010,600,47,2,0
2010,600,48,1,0
2010,600,49,4,0
2010,600,50,5,0
2010,600,51,8,0
2010,600,52,1,0
2010,600,53,1,0
2010,700,1,6,0
2010,700,3,1,0
2010,700,4,5,0
2010,700,5,11,0
2010,700,6,2,0
2010,700,7,14,0
2010,700,8,1,0
2010,700,9,1,0
2010,700,10,14,0
2010,700,11,32,0
2010,700,12,52,0
2010,700,13,50,0
2010,700,14,41,0
2010,700,15,16,0
2010,700,16,51,0
2010,700,17,37,0
2010,700,18,16,0
2010,700,19,27,0
2010,700,20,8,0
2010,700,21,3,0
2010,700,22,11,0
2010,700,23,25,0
2010,700,24,11,0
2010,700,25,8,0
2010,700,26,3,0
2010,700,27,4,0
2010,700,28,13,0
2010,700,29,3,0
2010,700,30,1,0
2010,700,31,2,0
2010,700,32,1,0
2010,700,33,5,0
2010,700,34,40,0
2010,700,35,39,0
2010,700,36,47,1
2010,700,37,41,0
2010,700,38,10,0
2010,700,39,1,0
2010,700,40,2,0
2010,700,43,9,0
2010,700,44,1,0
2010,700,45,28,0
2010,700,46,3,0
2010,700,48,5,0
2010,700,49,3,0
2010,700,50,3,0
2010,700,51,6,0
2010,700,52,11,0
2010,700,53,1,0
2010,800,2,1,0
2010,800,3,3,0
2010,800,5,6,0
2010,800,6,4,1
2010,800,7,4,0
2010,800,8,2,0
2010,800,9,3,0
2010,800,11,7,0
2010,800,12,11,0
2010,800,13,4,0
2010,800,14,5,0
2010,800,15,7,0
2010,800,18,8,2
2010,800,22,9,0
2010,800,23,1,0
2010,800,24,2,0
2010,800,26,1,0
2010,800,27,2,0
2010,800,28,2,0
2010,800,29,1,0
2010,800,30,3,0
2010,800,31,2,0
2010,800,32,2,0
2010,800,33,1,0
2010,800,34,1,0
2010,800,35,1,0
2010,800,36,1,0
2010,800,43,1,0
2010,800,45,10,0
2010,800,46,3,0
2010,800,48,1,0
2010,800,50,2,0
2010,800,52,3,0
2010,900,1,1,0
2010,900,2,5,0
2010,900,3,13,0
2010,900,4,5,0
2010,900,5,5,0
2010,900,6,5,0
2010,900,7,9,0
2010,900,8,12,0
2010,900,9,23,0
2010,900,10,5,0
2010,900,11,9,0
2010,900,12,5,0
2010,900,13,3,0
2010,900,14,4,0
2010,900,15,3,0
2010,900,16,1,0
2010,900,17,2,0
2010,900,18,2,0
2010,900,19,1,0
2010,900,20,1,0
2010,900,21,5,0
2010,900,22,1,0
2010,900,23,6,0
2010,900,25,1,0
2010,900,27,4,0
2010,900,28,4,0
2010,900,29,2,0
2010,900,30,3,0
2010,900,31,4,0
2010,900,32,6,0
2010,900,33,3,0
2010,900,34,1,0
2010,900,35,3,0
2010,900,36,3,0
2010,900,37,2,0
2010,900,38,1,0
2010,900,45,3,0
2010,900,47,2,0
2010,900,48,9,0
2010,900,49,3,0
2010,900,50,2,0
2010,900,51,1,0
2010,900,52,11,0
2010,900,53,2,0
2010,1000,1,4,0
2010,1000,2,4,0
2010,1000,3,2,0
2010,1000,4,1,0
2010,1000,5,4,0
2010,1000,6,4,0
2010,1000,7,5,0
2010,1000,8,6,0
2010,1000,9,12,4
2010,1000,10,8,0
2010,1000,11,2,0
2010,1000,12,1,0
2010,1000,13,3,0
2010,1000,14,3,1
2010,1000,15,4,0
2010,1000,16,1,0
2010,1000,18,1,0
2010,1000,21,1,0
2010,1000,22,2,1
2010,1000,23,2,0
2010,1000,24,1,0
2010,1000,25,3,0
2010,1000,27,1,1
2010,1000,28,1,0
2010,1000,30,5,1
2010,1000,31,3,1
2010,1000,33,3,0
2010,1000,34,2,0
2010,1000,35,1,0
2010,1000,36,4,0
2010,1000,37,4,0
2010,1000,40,1,0
2010,1000,41,1,0
2010,1000,44,7,0
2010,1000,45,1,0
2010,1000,47,1,0
2010,1000,48,3,0
2010,1000,49,3,0
2010,1000,50,8,1
2010,1000,51,5,0
2010,1000,52,2,0
2010,1100,1,4,0
2010,1100,2,10,0
2010,1100,3,20,1
2010,1100,4,11,0
2010,1100,5,2,0
2010,1100,6,11,1
2010,1100,7,11,1
2010,1100,8,18,0
2010,1100,9,16,0
2010,1100,10,6,0
2010,1100,11,21,0
2010,1100,12,7,0
2010,1100,13,7,0
2010,1100,14,7,0
2010,1100,15,7,0
2010,1100,16,4,0
2010,1100,17,2,0
2010,1100,18,1,0
2010,1100,22,6,0
2010,1100,23,3,0
2010,1100,24,4,0
2010,1100,25,1,0
2010,1100,26,2,0
2010,1100,27,5,0
2010,1100,28,5,0
2010,1100,29,2,0
2010,1100,30,7,0
2010,1100,31,13,0
2010,1100,32,13,0
2010,1100,33,11,0
2010,1100,34,4,0
2010,1100,35,3,0
2010,1100,36,1,0
2010,1100,37,4,0
2010,1100,38,7,0
2010,1100,39,5,0
2010,1100,40,7,0
2010,1100,41,9,0
2010,1100,42,4,0
2010,1100,43,1,0
2010,1100,45,1,0
2010,1100,46,2,0
2010,1100,47,1,0
2010,1100,48,2,0
2010,1100,50,5,0
2010,1100,51,5,0
2010,1100,52,7,0
2010,1100,53,1,0
2010,1200,1,10,0
2010,1200,2,7,0
2010,1200,3,12,0
2010,1200,4,9,0
2010,1200,5,9,0
2010,1200,6,7,0
2010,1200,7,12,0
2010,1200,8,9,0
2010,1200,9,16,3
2010,1200,10,11,0
2010,1200,11,16,0
2010,1200,12,12,1
2010,1200,13,23,0
2010,1200,14,7,0
2010,1200,15,9,1
2010,1200,16,9,2
2010,1200,17,7,0
2010,1200,18,8,1
2010,1200,19,10,0
2010,1200,20,3,0
2010,1200,21,5,0
2010,1200,22,8,0
2010,1200,23,8,0
2010,1200,24,7,0
2010,1200,25,1,0
2010,1200,26,1,0
2010,1200,27,7,0
2010,1200,28,6,0
2010,1200,29,8,0
2010,1200,30,8,0
2010,1200,31,8,0
2010,1200,32,12,0
2010,1200,33,10,0
2010,1200,34,4,0
2010,1200,35,6,0
2010,1200,36,8,0
2010,1200,37,8,0
2010,1200,38,8,0
2010,1200,39,7,0
2010,1200,40,7,0
2010,1200,41,6,0
2010,1200,42,5,0
2010,1200,43,6,0
2010,1200,44,7,0
2010,1200,45,9,0
2010,1200,46,4,0
2010,1200,47,10,0
2010,1200,48,9,0
2010,1200,49,9,0
2010,1200,50,12,1
2010,1200,51,12,0
2010,1200,52,9,0
2010,1200,53,2,0
2010,1300,1,4,0
2010,1300,2,2,1
2010,1300,3,2,0
2010,1300,4,8,0
2010,1300,6,4,0
2010,1300,7,11,1
2010,1300,8,8,1
2010,1300,9,4,0
2010,1300,10,5,1
2010,1300,11,7,0
2010,1300,12,6,1
2010,1300,13,3,0
2010,1300,14,4,0
2010,1300,15,3,0
2010,1300,16,1,0
2010,1300,17,2,0
2010,1300,19,3,1
2010,1300,20,2,1
2010,1300,21,1,1
2010,1300,22,7,4
2010,1300,23,1,0
2010,1300,24,3,3
2010,1300,25,5,3
2010,1300,26,1,0
2010,1300,27,6,4
2010,1300,28,4,4
2010,1300,29,2,1
2010,1300,30,2,0
2010,1300,31,2,1
2010,1300,32,7,3
2010,1300,34,2,1
2010,1300,35,2,0
2010,1300,37,1,0
2010,1300,45,1,0
2010,1300,47,4,0
2010,1300,48,3,0
2010,1300,49,2,0
2010,1300,50,1,0
2010,1300,51,1,0
2010,1300,52,1,0
2010,1400,1,6,0
2010,1400,2,8,0
2010,1400,3,1,0
2010,1400,4,2,0
2010,1400,5,5,0
2010,1400,6,4,0
2010,1400,7,3,0
2010,1400,8,3,0
2010,1400,9,2,0
2010,1400,10,2,0
2010,1400,11,3,0
2010,1400,12,3,1
2010,1400,13,5,1
2010,1400,14,4,0
2010,1400,15,3,1
2010,1400,16,2,0
2010,1400,18,1,0
2010,1400,20,1,0
2010,1400,22,2,1
2010,1400,23,1,0
2010,1400,24,1,0
2010,1400,26,1,0
2010,1400,28,1,0
2010,1400,29,6,2
2010,1400,30,1,0
2010,1400,31,6,0
2010,1400,32,3,0
2010,1400,33,1,0
2010,1400,34,5,0
2010,1400,35,4,2
2010,1400,36,4,0
2010,1400,37,2,0
2010,1400,41,1,0
2010,1400,42,3,0
2010,1400,43,2,0
2010,1400,44,2,0
2010,1400,45,2,0
2010,1400,46,4,0
2010,1400,47,4,0
2010,1400,48,1,0
2010,1400,51,1,0
2010,1400,52,2,0
2010,1400,53,1,0
2010,1500,1,6,0
2010,1500,2,4,0
2010,1500,3,2,0
2010,1500,5,4,0
2010,1500,6,3,0
2010,1500,7,5,0
2010,1500,8,8,0
2010,1500,9,9,0
2010,1500,10,2,1
2010,1500,11,3,2
2010,1500,13,5,2
2010,1500,14,3,3
2010,1500,15,8,2
2010,1500,16,2,1
2010,1500,17,9,4
2010,1500,18,2,1
2010,1500,19,4,4
2010,1500,20,4,4
2010,1500,21,1,1
2010,1500,22,5,1
2010,1500,23,1,0
2010,1500,24,4,2
2010,1500,25,3,1
2010,1500,26,3,0
2010,1500,27,3,1
2010,1500,28,1,0
2010,1500,29,4,0
2010,1500,30,1,1
2010,1500,31,2,1
2010,1500,32,7,1
2010,1500,33,2,0
2010,1500,34,2,1
2010,1500,35,1,0
2010,1500,40,1,0
2010,1500,41,1,0
2010,1500,42,2,0
2010,1500,45,4,0
2010,1500,46,5,0
2010,1500,47,3,0
2010,1500,48,1,0
2010,1500,50,2,0
2010,1500,51,4,0
2010,1500,52,2,0
2010,1600,1,7,0
2010,1600,2,3,0
2010,1600,3,3,0
2010,1600,4,14,0
2010,1600,5,7,0
2010,1600,6,1,0
2010,1600,7,5,0
2010,1600,8,7,0
2010,1600,9,3,1
2010,1600,10,14,1
2010,1600,11,5,5
2010,1600,12,5,1
2010,1600,13,4,0
2010,1600,14,11,1
2010,1600,15,4,0
2010,1600,16,3,1
2010,1600,17,1,0
2010,1600,18,1,0
2010,1600,20,1,1
2010,1600,22,2,2
2010,1600,24,2,0
2010,1600,25,2,0
2010,1600,31,1,0
2010,1600,34,1,0
2010,1600,35,3,0
2010,1600,37,1,0
2010,1600,43,1,0
2010,1600,45,4,0
2010,1600,46,3,0
2010,1600,47,1,0
2010,1600,48,1,0
2010,1600,50,1,0
2010,1600,51,4,0
2010,1600,52,3,0
2010,1700,7,1,0
2010,1700,10,1,0
2010,1700,11,1,0
2010,1700,13,1,0
2010,1700,25,1,0
2010,1700,28,2,0
2010,1700,29,1,0
2010,1700,30,5,0
2010,1700,31,1,0
2010,1700,32,1,0
2010,1700,41,1,0
2010,1800,2,1,0
2010,1800,3,4,0
2010,1800,4,1,0
2010,1800,5,1,0
2010,1800,6,3,0
2010,1800,7,1,0
2010,1800,10,2,1
2010,1800,11,2,0
2010,1800,12,1,0
2010,1800,13,1,0
2010,1800,14,3,0
2010,1800,15,1,0
2010,1800,16,2,0
2010,1800,17,1,0
2010,1800,19,5,0
2010,1800,20,3,0
2010,1800,27,1,0
2010,1800,32,2,0
2010,1800,37,1,0
2010,1800,38,1,0
2010,1800,39,1,0
2010,1800,40,1,0
2010,1800,41,1,0
2010,1800,42,1,0
2010,1800,50,1,0
2010,1800,51,3,0
2010,1900,1,3,0
2010,1900,3,2,0
2010,1900,4,3,0
2010,1900,6,4,0
2010,1900,7,4,0
2010,1900,9,1,0
2010,1900,10,3,0
2010,1900,13,3,0
2010,1900,16,2,0
2010,1900,29,1,0
2010,1900,41,1,0
2010,1900,44,1,0
2010,1900,45,1,0
2010,1900,46,1,0
2010,1900,47,2,0
2010,1900,51,1,0
2010,2000,1,1,0
2010,2000,2,1,0
2010,2000,3,2,0
2010,2000,4,3,0
2010,2000,5,1,0
2010,2000,10,2,0
2010,2000,12,2,0
2010,2000,13,2,0
2010,2000,20,1,0
2010,2000,25,1,0
2010,2000,30,2,0
2010,2000,50,3,0
2010,2100,1,2,0
2010,2100,3,1,0
2010,2100,6,1,0
2010,2100,7,1,0
2010,2100,9,1,0
2010,2100,10,2,0
2010,2100,13,1,0
2010,2100,25,1,0
2010,2100,44,1,0
2010,2100,45,1,0
2010,2100,47,1,0
2010,2100,50,4,0
2010,2100,51,2,0
2010,2200,2,2,0
2010,2200,4,3,0
2010,2200,7,3,0
2010,2200,10,6,0
2010,2200,13,1,0
2010,2200,16,2,0
2010,2200,31,2,0
2010,2200,32,2,0
2010,2200,44,1,0
2010,2200,47,1,0
2010,2200,51,1,0
2010,2300,1,16,0
2010,2300,2,11,0
2010,2300,3,12,0
2010,2300,4,1,0
2010,2300,5,3,0
2010,2300,6,13,0
2010,2300,7,19,0
2010,2300,8,3,0
2010,2300,9,19,0
2010,2300,10,5,0
2010,2300,11,8,0
2010,2300,12,4,0
2010,2300,13,11,0
2010,2300,14,2,0
2010,2300,15,5,0
2010,2300,16,3,0
2010,2300,21,1,0
2010,2300,22,7,0
2010,2300,26,3,0
2010,2300,27,6,0
2010,2300,29,1,0
2010,2300,30,2,0
2010,2300,31,3,0
2010,2300,32,7,0
2010,2300,33,2,0
2010,2300,34,2,0
2010,2300,36,4,0
2010,2300,38,1,0
2010,2300,45,2,0
2010,2300,46,2,0
2010,2300,47,1,0
2010,2300,51,8,0
2010,2300,52,1,0
2010,2400,2,1,0
2010,2400,4,2,0
2010,2400,8,1,0
2010,2400,9,1,0
2010,2400,11,2,0
2010,2400,12,2,0
2010,2400,36,1,0
2010,2400,39,3,0
2010,2400,44,1,0
2011,0,1,69,2
2011,0,2,64,3
2011,0,3,68,1
2011,0,4,54,0
2011,0,5,96,3
2011,0,6,90,1
2011,0,7,49,0
2011,0,8,59,0
2011,0,9,82,0
2011,0,10,51,0
2011,0,11,77,1
2011,0,12,53,0
2011,0,13,51,0
2011,0,14,40,0
2011,0,15,27,0
2011,0,16,42,0
2011,0,17,34,0
2011,0,18,14,0
2011,0,19,23,0
2011,0,20,18,0
2011,0,21,20,0
2011,0,22,12,0
2011,0,23,9,0
2011,0,24,17,0
2011,0,25,24,0
2011,0,26,17,0
2011,0,27,16,0
2011,0,28,27,0
2011,0,29,24,0
2011,0,30,21,0
2011,0,31,32,1
2011,0,32,12,1
2011,0,33,5,0
2011,0,34,15,0
2011,0,35,7,0
2011,0,36,4,0
2011,0,37,12,0
2011,0,38,16,0
2011,0,39,6,0
2011,0,41,7,0
2011,0,42,10,0
2011,0,43,15,0
2011,0,44,22,0
2011,0,45,30,0
2011,0,46,42,0
2011,0,47,50,0
2011,0,48,16,0
2011,0,49,21,0
2011,0,50,31,1
2011,0,51,46,0
2011,0,52,38,0
2011,0,53,4,0
2011,100,1,7,0
2011,100,2,20,0
2011,100,3,25,0
2011,100,4,17,0
2011,100,5,25,2
2011,100,6,36,0
2011,100,7,14,0
2011,100,8,28,0
2011,100,9,28,0
2011,100,10,16,0
2011,100,11,21,0
2011,100,12,16,0
2011,100,13,23,0
2011,100,14,16,0
2011,100,15,8,0
2011,100,16,7,0
2011,100,17,8,0
2011,100,18,4,0
2011,100,19,5,0
2011,100,20,2,0
2011,100,22,1,0
2011,100,23,1,0
2011,100,24,5,0
2011,100,25,4,0
2011,100,26,4,0
2011,100,27,4,0
2011,100,28,6,0
2011,100,29,6,0
2011,100,30,3,0
2011,100,31,3,0
2011,100,32,4,0
2011,100,33,3,0
2011,100,34,12,0
2011,100,35,2,0
2011,100,41,5,0
2011,100,43,3,0
2011,100,44,7,0
2011,100,46,3,0
2011,100,47,5,0
2011,100,48,5,0
2011,100,49,8,0
2011,100,50,2,0
2011,100,51,2,0
2011,100,52,12,0
2011,200,1,6,0
2011,200,2,4,0
2011,200,3,3,0
2011,200,4,3,0
2011,200,5,14,1
2011,200,6,3,0
2011,200,7,3,0
2011,200,8,2,0
2011,200,9,3,0
2011,200,10,2,0
2011,200,11,3,0
2011,200,13,15,0
2011,200,14,4,0
2011,200,15,5,0
2011,200,16,4,0
2011,200,18,2,0
2011,200,19,1,0
2011,200,21,2,0
2011,200,22,1,0
2011,200,23,1,0
2011,200,24,6,0
2011,200,25,2,0
2011,200,28,4,0
2011,200,29,4,0
2011,200,30,1,0
2011,200,31,2,1
2011,200,32,1,0
2011,200,33,1,0
2011,200,36,3,0
2011,200,37,2,0
2011,200,38,3,0
2011,200,43,1,0
2011,200,44,2,0
2011,200,45,4,0
2011,200,46,5,0
2011,200,47,7,0
2011,200,48,2,0
2011,200,49,1,0
2011,200,50,2,0
2011,200,51,2,0
2011,200,52,6,0
2011,300,1,2,0
2011,300,2,1,0
2011,300,3,2,0
2011,300,4,4,0
2011,300,5,5,0
2011,300,6,3,0
2011,300,7,5,0
2011,300,8,1,0
2011,300,9,1,0
2011,300,10,9,0
2011,300,11,1,0
2011,300,12,2,0
2011,300,13,3,0
2011,300,14,1,0
2011,300,15,1,0
2011,300,18,1,0
2011,300,19,1,0
2011,300,20,2,0
2011,300,21,2,0
2011,300,23,2,0
2011,300,24,1,0
2011,300,25,2,0
2011,300,26,5,0
2011,300,27,2,0
2011,300,28,3,0
2011,300,29,3,0
2011,300,31,2,0
2011,300,32,5,0
2011,300,38,1,0
2011,300,44,1,0
2011,300,45,5,0
2011,300,49,1,0
2011,300,50,1,0
2011,300,51,4,0
2011,300,52,3,0
2011,400,4,2,0
2011,400,5,2,0
2011,400,6,2,0
2011,400,8,1,0
2011,400,9,1,0
2011,400,10,1,0
2011,400,11,2,0
2011,400,13,2,0
2011,400,15,1,0
2011,400,16,1,0
2011,400,24,6,0
2011,400,25,7,0
2011,400,26,8,0
2011,400,27,8,0
2011,400,28,6,0
2011,400,29,6,0
2011,400,32,8,0
2011,400,34,6,0
2011,400,37,1,0
2011,400,43,2,0
2011,400,45,2,0
2011,400,46,1,0
2011,400,49,2,0
2011,400,50,5,0
2011,400,51,2,0
2011,400,52,1,0
2011,500,1,8,0
2011,500,2,6,0
2011,500,4,5,0
2011,500,5,5,0
2011,500,6,10,0
2011,500,7,4,0
2011,500,8,5,0
2011,500,9,3,0
2011,500,10,5,0
2011,500,11,6,0
2011,500,12,9,0
2011,500,13,4,0
2011,500,14,4,0
2011,500,15,10,0
2011,500,16,3,0
2011,500,17,2,0
2011,500,18,3,0
2011,500,19,3,0
2011,500,21,8,0
2011,500,23,3,0
2011,500,24,6,0
2011,500,26,6,0
2011,500,27,1,0
2011,500,28,2,0
2011,500,29,2,0
2011,500,30,4,0
2011,500,31,1,0
2011,500,32,8,0
2011,500,34,2,0
2011,500,35,1,0
2011,500,36,1,0
2011,500,37,2,0
2011,500,38,2,0
2011,500,39,1,0
2011,500,40,1,0
2011,500,41,1,0
2011,500,43,3,0
2011,500,44,4,0
2011,500,45,4,0
2011,500,46,3,0
2011,500,47,2,0
2011,500,48,2,0
2011,500,49,26,0
2011,500,50,3,0
2011,500,51,11,0
2011,500,52,3,0
2011,600,1,3,0
2011,600,2,9,0
2011,600,3,8,0
2011,600,4,6,0
2011,600,5,2,0
2011,600,6,7,0
2011,600,7,10,1
2011,600,8,8,0
2011,600,9,6,1
2011,600,10,8,1
2011,600,11,7,0
2011,600,12,11,2
2011,600,13,18,0
2011,600,14,7,0
2011,600,15,5,0
2011,600,16,8,0
2011,600,17,6,0
2011,600,19,4,0
2011,600,20,1,0
2011,600,21,2,0
2011,600,23,1,0
2011,600,24,2,0
2011,600,25,5,0
2011,600,26,1,0
2011,600,27,1,0
2011,600,28,1,0
2011,600,29,4,1
2011,600,30,1,0
2011,600,31,3,0
2011,600,32,4,0
2011,600,33,1,0
2011,600,35,1,0
2011,600,37,3,0
2011,600,41,2,0
2011,600,43,1,0
2011,600,44,3,1
2011,600,45,7,0
2011,600,46,1,0
2011,600,47,1,0
2011,600,48,3,1
2011,600,49,7,2
2011,600,50,5,0
2011,600,51,2,0
2011,600,52,2,0
2011,600,53,1,0
2011,700,1,7,0
2011,700,2,4,0
2011,700,3,6,0
2011,700,4,11,0
2011,700,6,7,0
2011,700,7,3,0
2011,700,8,5,0
2011,700,9,4,0
2011,700,11,4,0
2011,700,12,12,0
2011,700,13,3,0
2011,700,14,4,0
2011,700,15,4,0
2011,700,16,7,0
2011,700,17,4,0
2011,700,18,5,1
2011,700,19,5,1
2011,700,20,3,0
2011,700,22,1,0
2011,700,23,8,0
2011,700,24,9,0
2011,700,25,6,0
2011,700,26,11,0
2011,700,27,4,0
2011,700,28,2,0
2011,700,29,3,0
2011,700,30,1,0
2011,700,31,2,0
2011,700,32,8,0
2011,700,33,7,0
2011,700,34,10,0
2011,700,35,4,0
2011,700,36,8,0
2011,700,37,1,0
2011,700,39,2,0
2011,700,40,2,0
2011,700,42,2,0
2011,700,43,8,0
2011,700,44,1,0
2011,700,45,7,0
2011,700,46,1,0
2011,700,47,4,0
2011,700,49,4,0
2011,700,50,6,0
2011,700,51,1,0
2011,700,52,7,0
2011,800,1,1,0
2011,800,3,1,0
2011,800,4,5,0
2011,800,5,1,0
2011,800,6,3,0
2011,800,7,4,0
2011,800,8,5,0
2011,800,9,6,0
2011,800,10,4,0
2011,800,11,2,0
2011,800,12,2,0
2011,800,13,6,0
2011,800,14,3,0
2011,800,15,6,0
2011,800,16,10,0
2011,800,17,1,0
2011,800,18,5,0
2011,800,19,5,0
2011,800,20,6,0
2011,800,21,5,0
2011,800,23,1,0
2011,800,24,3,0
2011,800,25,3,0
2011,800,26,11,0
2011,800,27,2,0
2011,800,28,1,0
2011,800,31,1,0
2011,800,32,6,0
2011,800,33,3,0
2011,800,34,2,0
2011,800,35,8,0
2011,800,36,1,0
2011,800,42,1,0
2011,800,44,1,0
2011,800,45,3,0
2011,800,46,1,0
2011,800,47,1,0
2011,800,49,2,0
2011,800,50,4,0
2011,800,52,4,0
2011,900,1,15,0
2011,900,2,6,0
2011,900,3,4,0
2011,900,4,5,0
2011,900,5,5,0
2011,900,6,3,0
2011,900,7,7,0
2011,900,8,11,0
2011,900,9,8,0
2011,900,10,12,0
2011,900,11,15,0
2011,900,12,9,0
2011,900,13,6,0
2011,900,14,1,0
2011,900,15,2,0
2011,900,16,3,0
2011,900,17,1,0
2011,900,18,3,0
2011,900,24,6,0
2011,900,25,2,0
2011,900,26,6,0
2011,900,27,1,0
2011,900,29,1,0
2011,900,30,2,0
2011,900,32,2,0
2011,900,33,3,0
2011,900,34,4,0
2011,900,35,1,0
2011,900,36,2,0
2011,900,37,2,0
2011,900,38,1,0
2011,900,39,1,0
2011,900,40,1,0
2011,900,41,7,0
2011,900,42,1,0
2011,900,43,2,0
2011,900,44,5,0
2011,900,45,8,0
2011,900,46,9,0
2011,900,47,9,0
2011,900,48,1,0
2011,900,49,6,0
2011,900,50,13,0
2011,900,51,14,0
2011,900,52,8,0
2011,900,53,1,0
2011,1000,1,5,0
2011,1000,2,3,0
2011,1000,3,6,0
2011,1000,4,4,0
2011,1000,5,3,0
2011,1000,7,5,0
2011,1000,8,11,0
2011,1000,9,3,0
2011,1000,10,21,0
2011,1000,11,1,0
2011,1000,12,3,0
2011,1000,13,6,0
2011,1000,14,4,1
2011,1000,15,3,0
2011,1000,16,5,0
2011,1000,17,2,0
2011,1000,18,4,0
2011,1000,19,2,0
2011,1000,22,2,0
2011,1000,24,3,0
2011,1000,26,1,1
2011,1000,28,4,1
2011,1000,29,1,0
2011,1000,30,4,0
2011,1000,32,1,0
2011,1000,33,3,0
2011,1000,34,2,0
2011,1000,35,2,0
2011,1000,36,4,0
2011,1000,37,2,0
2011,1000,41,3,0
2011,1000,43,2,0
2011,1000,45,5,0
2011,1000,46,2,0
2011,1000,47,6,0
2011,1000,49,1,0
2011,1000,50,9,0
2011,1000,51,2,0
2011,1000,52,8,0
2011,1100,1,12,0
2011,1100,2,6,0
2011,1100,3,9,0
2011,1100,4,20,1
2011,1100,5,8,1
2011,1100,6,15,0
2011,1100,7,17,0
2011,1100,8,9,0
2011,1100,9,8,0
2011,1100,10,9,0
2011,1100,11,6,0
2011,1100,12,18,0
2011,1100,13,10,0
2011,1100,14,3,0
2011,1100,15,3,0
2011,1100,16,1,0
2011,1100,17,1,0
2011,1100,18,1,0
2011,1100,19,5,0
2011,1100,20,7,0
2011,1100,21,2,0
2011,1100,22,2,0
2011,1100,23,2,0
2011,1100,24,2,0
2011,1100,25,2,0
2011,1100,26,3,0
2011,1100,27,5,0
2011,1100,28,5,0
2011,1100,30,6,0
2011,1100,31,3,0
2011,1100,32,1,0
2011,1100,33,3,0
2011,1100,34,2,0
2011,1100,35,1,0
2011,1100,36,2,0
2011,1100,37,2,0
2011,1100,38,1,0
2011,1100,40,1,0
2011,1100,44,1,0
2011,1100,45,1,0
2011,1100,47,3,0
2011,1100,48,11,0
2011,1100,49,2,0
2011,1100,50,7,0
2011,1100,51,13,0
2011,1100,52,6,0
2011,1200,1,5,0
2011,1200,2,14,0
2011,1200,3,10,0
2011,1200,4,10,0
2011,1200,5,12,0
2011,1200,6,2,0
2011,1200,7,2,0
2011,1200,8,9,0
2011,1200,9,10,1
2011,1200,10,11,3
2011,1200,11,1,0
2011,1200,12,3,0
2011,1200,13,10,1
2011,1200,14,7,1
2011,1200,15,5,3
2011,1200,16,2,0
2011,1200,17,3,2
2011,1200,25,5,4
2011,1200,26,7,2
2011,1200,29,2,1
2011,1200,30,6,1
2011,1200,31,6,0
2011,1200,32,4,0
2011,1200,33,3,0
2011,1200,34,4,0
2011,1200,35,10,0
2011,1200,36,9,0
2011,1200,37,8,0
2011,1200,38,13,0
2011,1200,39,13,0
2011,1200,40,6,0
2011,1200,41,6,0
2011,1200,42,3,0
2011,1200,43,3,0
2011,1200,44,4,0
2011,1200,45,8,0
2011,1200,46,4,0
2011,1200,47,7,0
2011,1200,48,7,0
2011,1200,49,8,0
2011,1200,50,7,0
2011,1200,51,9,0
2011,1200,52,2,0
2011,1200,53,1,0
2011,1300,1,13,0
2011,1300,2,4,0
2011,1300,3,9,0
2011,1300,4,10,0
2011,1300,5,8,0
2011,1300,6,3,0
2011,1300,7,3,0
2011,1300,8,11,0
2011,1300,9,2,0
2011,1300,10,3,0
2011,1300,11,7,2
2011,1300,12,3,0
2011,1300,13,1,0
2011,1300,14,7,1
2011,1300,15,7,0
2011,1300,16,3,0
2011,1300,17,5,1
2011,1300,18,8,0
2011,1300,19,4,0
2011,1300,20,3,1
2011,1300,21,1,0
2011,1300,22,1,0
2011,1300,23,2,0
2011,1300,24,5,2
2011,1300,25,5,1
2011,1300,26,2,0
2011,1300,28,3,2
2011,1300,29,5,1
2011,1300,30,7,0
2011,1300,31,3,0
2011,1300,32,6,2
2011,1300,33,1,0
2011,1300,35,1,1
2011,1300,37,1,1
2011,1300,39,5,0
2011,1300,41,1,0
2011,1300,42,1,0
2011,1300,44,1,0
2011,1300,45,5,0
2011,1300,46,4,0
2011,1300,47,4,0
2011,1300,48,1,0
2011,1300,49,7,0
2011,1300,50,1,0
2011,1300,52,3,0
2011,1400,1,7,0
2011,1400,2,4,0
2011,1400,4,1,0
2011,1400,5,3,0
2011,1400,6,4,0
2011,1400,7,6,0
2011,1400,8,2,0
2011,1400,9,2,0
2011,1400,10,2,0
2011,1400,11,2,0
2011,1400,12,6,0
2011,1400,13,10,0
2011,1400,14,7,1
2011,1400,15,1,0
2011,1400,16,2,0
2011,1400,18,1,0
2011,1400,19,1,1
2011,1400,21,2,0
2011,1400,22,1,0
2011,1400,23,5,0
2011,1400,24,2,0
2011,1400,25,4,0
2011,1400,26,2,1
2011,1400,27,4,0
2011,1400,28,5,0
2011,1400,29,5,0
2011,1400,30,4,0
2011,1400,31,4,0
2011,1400,32,4,0
2011,1400,33,2,0
2011,1400,34,1,0
2011,1400,35,6,0
2011,1400,36,4,1
2011,1400,37,2,1
2011,1400,40,3,0
2011,1400,41,3,0
2011,1400,44,1,1
2011,1400,45,1,0
2011,1400,46,2,0
2011,1400,47,2,0
2011,1400,48,1,0
2011,1400,49,3,0
2011,1400,50,3,0
2011,1400,51,4,0
2011,1400,52,1,0
2011,1500,1,6,0
2011,1500,2,5,0
2011,1500,4,3,0
2011,1500,5,11,0
2011,1500,6,2,0
2011,1500,7,5,0
2011,1500,8,9,0
2011,1500,9,6,0
2011,1500,10,4,1
2011,1500,11,1,0
2011,1500,12,1,1
2011,1500,13,7,1
2011,1500,14,3,0
2011,1500,15,6,0
2011,1500,16,2,0
2011,1500,17,1,1
2011,1500,18,1,0
2011,1500,19,7,2
2011,1500,23,1,0
2011,1500,24,5,0
2011,1500,25,5,0
2011,1500,26,3,0
2011,1500,27,1,0
2011,1500,28,2,0
2011,1500,29,6,1
2011,1500,30,2,0
2011,1500,31,1,0
2011,1500,32,1,0
2011,1500,34,1,0
2011,1500,44,1,0
2011,1500,45,2,0
2011,1500,46,5,0
2011,1500,47,4,0
2011,1500,49,3,0
2011,1500,50,6,0
2011,1500,51,2,0
2011,1500,52,2,0
2011,1500,53,1,0
2011,1600,1,7,0
2011,1600,2,1,0
2011,1600,3,5,0
2011,1600,4,1,0
2011,1600,5,2,0
2011,1600,7,1,0
2011,1600,8,3,3
2011,1600,9,4,0
2011,1600,10,1,1
2011,1600,11,2,0
2011,1600,12,4,1
2011,1600,13,8,1
2011,1600,14,3,0
2011,1600,15,4,4
2011,1600,16,4,0
2011,1600,17,1,0
2011,1600,19,5,1
2011,1600,23,2,1
2011,1600,25,2,2
2011,1600,26,1,0
2011,1600,27,1,0
2011,1600,28,1,0
2011,1600,29,3,1
2011,1600,30,1,0
2011,1600,31,1,0
2011,1600,35,1,0
2011,1600,39,1,0
2011,1600,40,2,0
2011,1600,44,1,0
2011,1600,45,2,0
2011,1600,46,5,0
2011,1600,47,2,0
2011,1600,48,3,0
2011,1600,49,1,0
2011,1600,50,2,0
2011,1600,51,2,0
2011,1600,52,3,0
2011,1600,53,2,0
2011,1700,2,1,0
2011,1700,4,1,0
2011,1700,5,4,0
2011,1700,6,2,0
2011,1700,7,3,0
2011,1700,8,2,0
2011,1700,13,1,0
2011,1700,14,1,0
2011,1700,28,2,0
2011,1700,29,1,0
2011,1700,32,1,0
2011,1700,33,1,0
2011,1700,36,1,0
2011,1700,39,1,0
2011,1700,40,1,0
2011,1700,48,1,0
2011,1800,4,1,0
2011,1800,6,1,0
2011,1800,8,1,0
2011,1800,14,2,0
2011,1800,18,1,0
2011,1800,24,1,1
2011,1800,26,1,0
2011,1800,33,1,0
2011,1800,38,1,0
2011,1800,45,2,0
2011,1800,52,3,0
2011,1900,2,1,0
2011,1900,9,2,0
2011,1900,14,1,0
2011,1900,17,1,0
2011,1900,25,2,1
2011,1900,36,1,0
2011,2000,1,1,0
2011,2000,6,1,0
2011,2000,7,1,0
2011,2000,9,1,0
2011,2000,13,1,0
2011,2000,16,2,0
2011,2000,20,2,0
2011,2000,46,1,0
2011,2000,52,1,0
2011,2100,2,1,0
2011,2100,3,2,0
2011,2100,4,3,1
2011,2100,5,1,0
2011,2100,7,1,0
2011,2100,8,3,0
2011,2100,10,2,0
2011,2100,14,1,0
2011,2100,26,1,0
2011,2100,31,1,0
2011,2100,32,1,0
2011,2100,33,1,0
2011,2100,36,1,0
2011,2100,52,1,0
2011,2100,53,1,0
2011,2200,2,1,0
2011,2200,4,1,0
2011,2200,11,6,0
2011,2200,12,1,0
2011,2200,32,2,0
2011,2300,1,4,0
2011,2300,3,5,0
2011,2300,4,25,0
2011,2300,5,4,0
2011,2300,6,4,0
2011,2300,7,4,0
2011,2300,8,13,0
2011,2300,9,9,0
2011,2300,10,17,0
2011,2300,11,5,0
2011,2300,12,10,0
2011,2300,13,8,0
2011,2300,14,6,0
2011,2300,15,2,0
2011,2300,16,9,0
2011,2300,17,1,0
2011,2300,19,2,0
2011,2300,20,2,0
2011,2300,23,1,0
2011,2300,24,1,0
2011,2300,26,1,0
2011,2300,30,4,0
2011,2300,31,10,0
2011,2300,32,1,0
2011,2300,33,1,0
2011,2300,35,2,0
2011,2300,37,2,0
2011,2300,38,4,0
2011,2300,42,3,0
2011,2300,43,2,0
2011,2300,44,2,0
2011,2300,45,3,0
2011,2300,46,7,0
2011,2300,47,1,0
2011,2300,49,2,0
2011,2300,50,6,0
2011,2300,51,2,0
2011,2300,52,3,0
2011,2300,53,1,0
2011,2400,4,1,0
2011,2400,7,1,0
2011,2400,8,2,0
2011,2400,19,1,0
2011,2400,23,1,0
2011,2400,24,1,0
2011,2400,27,1,0
2011,2400,28,2,0
2011,2400,31,1,0
2011,2400,45,1,0
2011,2400,46,1,0
2012,0,1,44,0
2012,0,2,54,1
2012,0,3,84,2
2012,0,4,105,0
2012,0,5,64,1
2012,0,6,54,1
2012,0,7,53,0
2012,0,8,74,0
2012,0,9,86,0
2012,0,10,95,1
2012,0,11,108,0
2012,0,12,110,0
2012,0,13,101,0
2012,0,14,64,0
2012,0,15,36,0
2012,0,16,44,0
2012,0,17,25,0
2012,0,18,10,0
2012,0,19,30,0
2012,0,20,14,0
2012,0,21,10,0
2012,0,22,7,0
2012,0,23,21,0
2012,0,24,2,0
2012,0,25,14,0
2012,0,26,8,1
2012,0,27,20,0
2012,0,28,16,0
2012,0,29,21,0
2012,0,30,9,0
2012,0,31,34,0
2012,0,32,12,0
2012,0,33,11,1
2012,0,34,11,0
2012,0,35,7,0
2012,0,36,20,0
2012,0,37,21,0
2012,0,38,13,0
2012,0,39,14,0
2012,0,40,14,0
2012,0,41,24,0
2012,0,42,17,0
2012,0,43,22,0
2012,0,44,28,0
2012,0,45,18,0
2012,0,46,47,0
2012,0,47,45,0
2012,0,48,30,0
2012,0,49,34,0
2012,0,50,58,0
2012,0,51,67,2
2012,0,52,83,2
2012,0,53,26,0
2012,100,1,13,0
2012,100,2,18,0
2012,100,3,21,0
2012,100,4,14,0
2012,100,5,10,0
2012,100,6,18,1
2012,100,7,19,0
2012,100,8,32,0
2012,100,9,16,0
2012,100,10,28,0
2012,100,11,46,0
2012,100,12,13,0
2012,100,13,22,0
2012,100,14,28,0
2012,100,15,5,0
2012,100,16,5,0
2012,100,17,13,0
2012,100,19,5,0
2012,100,20,2,0
2012,100,21,1,0
2012,100,23,1,0
2012,100,24,8,0
2012,100,25,8,0
2012,100,26,2,0
2012,100,27,5,0
2012,100,28,7,0
2012,100,29,8,0
2012,100,30,5,0
2012,100,31,12,0
2012,100,32,1,0
2012,100,33,2,0
2012,100,37,1,0
2012,100,38,1,0
2012,100,39,3,0
2012,100,40,2,0
2012,100,41,4,0
2012,100,42,3,0
2012,100,43,8,0
2012,100,44,2,0
2012,100,45,6,0
2012,100,46,8,0
2012,100,47,8,0
2012,100,48,3,0
2012,100,49,3,0
2012,100,50,15,0
2012,100,51,7,3
2012,100,52,12,0
2012,100,53,4,0
2012,200,1,2,0
2012,200,2,1,0
2012,200,3,2,0
2012,200,4,1,0
2012,200,5,10,0
2012,200,6,2,0
2012,200,7,2,0
2012,200,8,2,0
2012,200,9,1,0
2012,200,10,7,0
2012,200,11,8,0
2012,200,12,4,0
2012,200,13,6,0
2012,200,14,3,0
2012,200,15,4,0
2012,200,17,2,0
2012,200,18,3,0
2012,200,19,8,0
2012,200,20,1,0
2012,200,23,5,0
2012,200,24,2,0
2012,200,26,2,0
2012,200,27,3,0
2012,200,28,1,0
2012,200,29,1,0
2012,200,30,1,0
2012,200,32,1,0
2012,200,34,1,0
2012,200,35,1,0
2012,200,36,2,0
2012,200,38,1,0
2012,200,40,1,0
2012,200,42,2,0
2012,200,43,1,0
2012,200,44,3,0
2012,200,45,1,0
2012,200,46,1,0
2012,200,47,1,0
2012,200,48,1,0
2012,200,50,3,0
2012,200,51,6,0
2012,200,52,11,0
2012,200,53,1,0
2012,300,1,2,0
2012,300,2,6,0
2012,300,3,3,0
2012,300,4,1,0
2012,300,5,6,0
2012,300,7,2,0
2012,300,8,4,0
2012,300,9,11,0
2012,300,10,1,0
2012,300,11,5,0
2012,300,12,4,0
2012,300,13,2,0
2012,300,14,2,0
2012,300,15,2,0
2012,300,16,1,0
2012,300,19,10,0
2012,300,20,3,0
2012,300,21,1,0
2012,300,22,1,0
2012,300,23,1,0
2012,300,24,1,0
2012,300,25,2,0
2012,300,26,2,0
2012,300,27,1,0
2012,300,28,1,0
2012,300,31,1,0
2012,300,34,1,0
2012,300,36,1,0
2012,300,37,3,0
2012,300,39,2,0
2012,300,41,1,0
2012,300,43,1,0
2012,300,44,5,0
2012,300,46,2,0
2012,300,48,2,0
2012,300,49,9,0
2012,300,50,5,0
2012,300,51,1,0
2012,300,52,1,0
2012,400,1,2,0
2012,400,2,2,0
2012,400,3,2,0
2012,400,5,2,0
2012,400,6,1,0
2012,400,7,1,0
2012,400,8,8,0
2012,400,9,2,0
2012,400,10,2,0
2012,400,11,3,0
2012,400,13,5,0
2012,400,14,12,0
2012,400,15,2,0
2012,400,18,2,0
2012,400,19,2,0
2012,400,22,2,0
2012,400,26,1,0
2012,400,30,1,0
2012,400,34,1,0
2012,400,35,1,0
2012,400,37,1,0
2012,400,39,1,0
2012,400,40,1,0
2012,400,41,1,0
2012,400,42,1,0
2012,400,44,3,0
2012,400,46,1,0
2012,400,47,1,0
2012,400,48,2,0
2012,400,49,9,0
2012,400,50,1,0
2012,400,51,2,0
2012,400,52,1,0
2012,500,2,8,0
2012,500,3,4,0
2012,500,4,6,0
2012,500,5,4,0
2012,500,6,15,0
2012,500,7,3,0
2012,500,8,2,0
2012,500,9,6,0
2012,500,10,15,0
2012,500,11,11,0
2012,500,12,19,0
2012,500,13,11,0
2012,500,14,2,0
2012,500,15,9,0
2012,500,16,2,0
2012,500,17,2,0
2012,500,18,4,0
2012,500,20,3,0
2012,500,21,1,0
2012,500,23,3,0
2012,500,24,1,0
2012,500,25,2,0
2012,500,26,4,0
2012,500,27,1,0
2012,500,28,3,0
2012,500,29,1,0
2012,500,31,1,0
2012,500,32,5,0
2012,500,33,1,0
2012,500,35,3,0
2012,500,36,1,0
2012,500,37,5,0
2012,500,38,3,0
2012,500,39,1,0
2012,500,41,2,0
2012,500,42,4,0
2012,500,44,3,0
2012,500,45,4,0
2012,500,46,4,0
2012,500,47,3,0
2012,500,48,8,0
2012,500,49,4,0
2012,500,50,6,0
2012,500,51,18,0
2012,500,52,13,0
2012,600,1,18,0
2012,600,2,11,0
2012,600,3,4,0
2012,600,4,16,0
2012,600,5,15,0
2012,600,6,7,1
2012,600,7,7,0
2012,600,8,15,0
2012,600,9,14,0
2012,600,10,8,0
2012,600,11,21,0
2012,600,12,14,0
2012,600,13,22,0
2012,600,14,3,0
2012,600,15,8,0
2012,600,16,5,0
2012,600,18,1,0
2012,600,19,3,0
2012,600,21,1,0
2012,600,22,2,0
2012,600,23,2,0
2012,600,24,1,0
2012,600,26,5,0
2012,600,27,1,0
2012,600,28,7,0
2012,600,29,1,0
2012,600,30,1,0
2012,600,35,1,0
2012,600,36,2,0
2012,600,37,3,0
2012,600,39,6,0
2012,600,40,11,0
2012,600,41,4,0
2012,600,42,2,0
2012,600,44,9,0
2012,600,46,2,0
2012,600,47,6,0
2012,600,48,4,0
2012,600,50,2,0
2012,600,51,3,0
2012,600,52,6,0
2012,600,53,1,0
2012,700,1,2,0
2012,700,3,10,0
2012,700,4,5,0
2012,700,5,12,0
2012,700,6,13,0
2012,700,7,9,0
2012,700,8,9,0
2012,700,9,12,0
2012,700,10,17,0
2012,700,11,5,0
2012,700,12,7,0
2012,700,13,11,0
2012,700,14,9,0
2012,700,15,6,0
2012,700,16,4,0
2012,700,17,2,0
2012,700,18,4,0
2012,700,19,3,0
2012,700,20,1,0
2012,700,21,2,0
2012,700,22,5,0
2012,700,23,3,0
2012,700,24,3,0
2012,700,25,1,0
2012,700,26,6,0
2012,700,27,4,0
2012,700,28,2,0
2012,700,30,1,0
2012,700,32,2,0
2012,700,33,3,0
2012,700,34,5,0
2012,700,35,5,0
2012,700,36,7,0
2012,700,37,10,0
2012,700,38,1,0
2012,700,40,3,0
2012,700,41,1,0
2012,700,42,1,0
2012,700,43,2,0
2012,700,44,3,0
2012,700,46,6,0
2012,700,47,4,0
2012,700,48,7,0
2012,700,49,1,0
2012,700,50,7,0
2012,700,51,8,0
2012,700,52,10,0
2012,700,53,1,0
2012,800,1,4,0
2012,800,2,13,0
2012,800,3,2,0
2012,800,4,2,0
2012,800,5,5,0
2012,800,6,4,0
2012,800,7,4,0
2012,800,8,6,0
2012,800,9,3,0
2012,800,10,4,0
2012,800,11,1,0
2012,800,12,16,0
2012,800,13,9,0
2012,800,14,2,0
2012,800,15,12,0
2012,800,16,7,0
2012,800,17,1,0
2012,800,18,4,0
2012,800,22,1,0
2012,800,23,2,0
2012,800,24,3,0
2012,800,25,2,0
2012,800,26,1,0
2012,800,27,1,0
2012,800,28,2,0
2012,800,29,2,0
2012,800,30,1,0
2012,800,33,1,0
2012,800,35,2,0
2012,800,37,6,0
2012,800,38,3,0
2012,800,44,2,0
2012,800,45,1,0
2012,800,47,1,0
2012,800,48,7,0
2012,800,50,3,0
2012,800,51,7,0
2012,800,52,7,0
2012,800,53,4,0
2012,900,1,8,0
2012,900,2,4,0
2012,900,3,3,0
2012,900,4,7,0
2012,900,5,14,0
2012,900,6,7,0
2012,900,7,11,0
2012,900,8,22,0
2012,900,9,15,0
2012,900,10,5,0
2012,900,11,5,0
2012,900,12,15,0
2012,900,13,10,0
2012,900,14,8,0
2012,900,15,17,0
2012,900,16,16,0
2012,900,17,2,0
2012,900,18,2,0
2012,900,19,3,0
2012,900,22,1,0
2012,900,23,1,0
2012,900,24,3,0
2012,900,26,1,0
2012,900,27,1,0
2012,900,28,2,0
2012,900,29,2,0
2012,900,30,1,0
2012,900,31,1,0
2012,900,32,2,0
2012,900,33,1,0
2012,900,34,1,0
2012,900,35,4,0
2012,900,36,3,0
2012,900,37,7,0
2012,900,38,5,0
2012,900,39,6,0
2012,900,40,3,0
2012,900,41,2,0
2012,900,42,2,0
2012,900,43,1,0
2012,900,44,3,0
2012,900,45,2,0
2012,900,46,5,0
2012,900,47,7,0
2012,900,48,6,0
2012,900,49,6,0
2012,900,50,11,0
2012,900,51,16,0
2012,900,52,11,0
2012,1000,1,7,0
2012,1000,2,9,0
2012,1000,3,12,0
2012,1000,4,9,2
2012,1000,5,8,1
2012,1000,6,11,1
2012,1000,7,19,3
2012,1000,8,14,5
2012,1000,9,20,6
2012,1000,10,23,8
2012,1000,11,12,3
2012,1000,12,16,4
2012,1000,13,14,1
2012,1000,14,13,6
2012,1000,15,6,0
2012,1000,16,3,2
2012,1000,17,3,1
2012,1000,18,3,1
2012,1000,19,4,0
2012,1000,20,4,1
2012,1000,21,4,0
2012,1000,23,3,1
2012,1000,24,4,0
2012,1000,25,2,0
2012,1000,26,2,0
2012,1000,27,4,0
2012,1000,28,2,0
2012,1000,29,1,0
2012,1000,31,1,0
2012,1000,32,1,0
2012,1000,33,4,0
2012,1000,34,4,0
2012,1000,35,4,0
2012,1000,36,6,0
2012,1000,37,3,0
2012,1000,38,4,0
2012,1000,39,4,0
2012,1000,40,4,0
2012,1000,41,2,0
2012,1000,42,2,0
2012,1000,43,3,0
2012,1000,44,3,0
2012,1000,45,3,0
2012,1000,46,16,0
2012,1000,47,2,0
2012,1000,48,3,0
2012,1000,49,2,0
2012,1000,50,6,0
2012,1000,51,7,0
2012,1000,52,6,0
2012,1000,53,2,0
2012,1100,1,7,0
2012,1100,2,5,0
2012,1100,3,9,1
2012,1100,4,8,0
2012,1100,5,11,0
2012,1100,6,12,0
2012,1100,7,13,1
2012,1100,8,5,0
2012,1100,9,10,0
2012,1100,10,19,0
2012,1100,11,26,0
2012,1100,12,80,3
2012,1100,13,142,1
2012,1100,14,15,0
2012,1100,15,6,0
2012,1100,16,5,0
2012,1100,17,3,0
2012,1100,18,2,0
2012,1100,19,5,0
2012,1100,20,6,0
2012,1100,21,3,0
2012,1100,22,2,0
2012,1100,23,6,0
2012,1100,24,4,0
2012,1100,25,1,0
2012,1100,26,1,0
2012,1100,27,2,0
2012,1100,28,2,0
2012,1100,29,3,0
2012,1100,30,3,0
2012,1100,31,5,0
2012,1100,32,1,0
2012,1100,33,1,0
2012,1100,34,1,0
2012,1100,35,1,0
2012,1100,36,1,0
2012,1100,37,1,0
2012,1100,38,1,0
2012,1100,40,3,0
2012,1100,41,3,0
2012,1100,42,1,0
2012,1100,43,2,0
2012,1100,45,4,1
2012,1100,46,2,0
2012,1100,47,8,0
2012,1100,48,2,0
2012,1100,49,3,0
2012,1100,50,11,0
2012,1100,51,8,0
2012,1100,52,5,0
2012,1200,1,11,0
2012,1200,2,15,0
2012,1200,3,12,0
2012,1200,4,7,0
2012,1200,5,8,1
2012,1200,6,4,0
2012,1200,7,8,0
2012,1200,8,4,2
2012,1200,9,5,0
2012,1200,10,14,0
2012,1200,11,16,2
2012,1200,12,9,1
2012,1200,13,10,1
2012,1200,14,2,1
2012,1200,15,1,0
2012,1200,16,3,0
2012,1200,17,4,0
2012,1200,18,3,0
2012,1200,19,8,0
2012,1200,20,2,0
2012,1200,21,4,0
2012,1200,22,5,0
2012,1200,23,4,0
2012,1200,24,2,0
2012,1200,25,1,0
2012,1200,26,6,0
2012,1200,27,1,0
2012,1200,28,5,0
2012,1200,29,2,0
2012,1200,31,1,0
2012,1200,34,7,0
2012,1200,35,1,0
2012,1200,36,8,0
2012,1200,37,5,0
2012,1200,38,4,0
2012,1200,39,10,0
2012,1200,40,6,0
2012,1200,41,9,0
2012,1200,42,8,0
2012,1200,43,7,0
2012,1200,44,13,0
2012,1200,45,7,0
2012,1200,46,15,0
2012,1200,47,5,0
2012,1200,48,2,0
2012,1200,49,4,0
2012,1200,50,3,0
2012,1200,51,5,0
2012,1200,52,3,0
2012,1200,53,1,0
2012,1300,1,4,0
2012,1300,2,3,0
2012,1300,3,7,0
2012,1300,4,3,0
2012,1300,5,4,0
2012,1300,6,5,0
2012,1300,7,5,0
2012,1300,8,4,1
2012,1300,9,5,0
2012,1300,10,8,2
2012,1300,11,13,2
2012,1300,12,39,10
2012,1300,13,12,3
2012,1300,14,3,1
2012,1300,17,2,2
2012,1300,18,1,1
2012,1300,19,3,0
2012,1300,20,2,0
2012,1300,22,2,0
2012,1300,23,4,2
2012,1300,24,4,1
2012,1300,25,1,1
2012,1300,26,1,0
2012,1300,27,2,0
2012,1300,28,4,1
2012,1300,31,2,0
2012,1300,32,1,0
2012,1300,33,2,0
2012,1300,34,2,0
2012,1300,36,2,0
2012,1300,37,2,0
2012,1300,38,2,0
2012,1300,39,5,0
2012,1300,41,1,0
2012,1300,43,2,0
2012,1300,44,1,0
2012,1300,45,1,0
2012,1300,46,6,0
2012,1300,47,2,0
2012,1300,48,3,0
2012,1300,49,1,0
2012,1300,51,2,0
2012,1300,52,2,0
2012,1300,53,3,0
2012,1400,1,6,0
2012,1400,2,1,0
2012,1400,3,3,0
2012,1400,4,3,0
2012,1400,5,7,0
2012,1400,6,5,0
2012,1400,7,4,0
2012,1400,8,8,0
2012,1400,9,5,2
2012,1400,10,8,0
2012,1400,11,12,1
2012,1400,12,15,3
2012,1400,13,7,2
2012,1400,14,12,4
2012,1400,15,5,3
2012,1400,18,3,1
2012,1400,19,1,0
2012,1400,20,3,0
2012,1400,22,2,0
2012,1400,24,2,2
2012,1400,25,1,1
2012,1400,26,1,0
2012,1400,27,4,3
2012,1400,28,2,0
2012,1400,29,3,1
2012,1400,30,11,2
2012,1400,31,3,0
2012,1400,32,1,0
2012,1400,33,3,0
2012,1400,34,2,0
2012,1400,40,3,1
2012,1400,43,1,0
2012,1400,44,1,0
2012,1400,45,4,0
2012,1400,47,4,0
2012,1400,48,3,0
2012,1400,49,2,0
2012,1400,51,2,0
2012,1400,52,12,0
2012,1400,53,1,0
2012,1500,1,2,0
2012,1500,2,3,0
2012,1500,3,6,0
2012,1500,4,4,0
2012,1500,5,2,0
2012,1500,6,3,0
2012,1500,7,1,0
2012,1500,8,4,0
2012,1500,9,5,1
2012,1500,10,7,0
2012,1500,11,11,1
2012,1500,12,8,3
2012,1500,13,12,7
2012,1500,14,7,2
2012,1500,15,6,1
2012,1500,16,9,1
2012,1500,18,2,1
2012,1500,20,1,1
2012,1500,21,1,0
2012,1500,22,1,1
2012,1500,23,2,2
2012,1500,24,6,6
2012,1500,26,1,0
2012,1500,28,2,2
2012,1500,29,2,0
2012,1500,30,2,0
2012,1500,31,3,0
2012,1500,32,3,0
2012,1500,33,1,0
2012,1500,40,1,0
2012,1500,43,4,0
2012,1500,45,4,0
2012,1500,46,4,0
2012,1500,47,5,0
2012,1500,48,1,0
2012,1500,50,1,0
2012,1500,51,6,0
2012,1500,52,8,0
2012,1500,53,8,0
2012,1600,1,5,0
2012,1600,2,1,0
2012,1600,3,1,0
2012,1600,4,3,0
2012,1600,5,3,0
2012,1600,6,6,1
2012,1600,7,2,1
2012,1600,8,3,0
2012,1600,9,7,0
2012,1600,10,6,0
2012,1600,11,2,0
2012,1600,12,14,3
2012,1600,13,5,2
2012,1600,14,12,0
2012,1600,15,11,6
2012,1600,16,4,0
2012,1600,18,2,0
2012,1600,19,1,0
2012,1600,20,3,0
2012,1600,23,2,0
2012,1600,26,1,1
2012,1600,27,4,0
2012,1600,28,1,0
2012,1600,29,5,0
2012,1600,30,1,0
2012,1600,31,2,0
2012,1600,32,3,1
2012,1600,33,2,0
2012,1600,34,1,0
2012,1600,35,1,0
2012,1600,36,3,0
2012,1600,37,1,0
2012,1600,39,1,0
2012,1600,40,2,0
2012,1600,41,2,0
2012,1600,43,2,0
2012,1600,44,1,0
2012,1600,45,1,0
2012,1600,46,1,0
2012,1600,47,2,0
2012,1600,48,2,0
2012,1600,49,1,0
2012,1600,50,1,0
2012,1600,51,6,0
2012,1600,52,4,0
2012,1600,53,1,0
2012,1700,2,1,0
2012,1700,3,1,0
2012,1700,5,2,0
2012,1700,6,2,0
2012,1700,7,1,0
2012,1700,8,2,0
2012,1700,9,1,0
2012,1700,10,1,0
2012,1700,11,1,0
2012,1700,13,3,1
2012,1700,14,1,0
2012,1700,17,1,0
2012,1700,20,3,0
2012,1700,21,1,0
2012,1700,25,1,0
2012,1700,26,1,0
2012,1700,28,1,1
2012,1700,29,2,2
2012,1700,31,1,0
2012,1700,32,1,0
2012,1700,45,1,0
2012,1700,52,1,0
2012,1800,2,1,0
2012,1800,3,3,0
2012,1800,5,1,0
2012,1800,6,2,0
2012,1800,7,1,0
2012,1800,8,3,0
2012,1800,9,1,1
2012,1800,10,1,0
2012,1800,13,1,1
2012,1800,16,2,0
2012,1800,19,1,0
2012,1800,20,2,0
2012,1800,22,1,0
2012,1800,23,1,0
2012,1800,29,1,0
2012,1800,30,1,0
2012,1800,31,2,0
2012,1800,32,1,0
2012,1800,43,1,0
2012,1800,44,1,0
2012,1800,47,1,0
2012,1800,49,1,0
2012,1800,52,1,0
2012,1900,4,2,0
2012,1900,5,1,0
2012,1900,6,1,0
2012,1900,7,5,0
2012,1900,8,1,0
2012,1900,9,2,0
2012,1900,10,1,0
2012,1900,13,1,0
2012,1900,14,1,0
2012,1900,15,1,0
2012,1900,17,1,0
2012,1900,18,2,0
2012,1900,20,1,0
2012,1900,23,1,0
2012,1900,26,1,0
2012,1900,28,1,0
2012,1900,29,1,0
2012,1900,31,1,0
2012,1900,35,1,0
2012,1900,46,1,0
2012,1900,51,2,0
2012,2000,2,1,0
2012,2000,3,1,0
2012,2000,7,1,0
2012,2000,9,2,0
2012,2000,11,1,0
2012,2000,12,2,0
2012,2000,15,1,0
2012,2000,17,1,0
2012,2000,19,1,0
2012,2000,20,1,0
2012,2000,23,1,0
2012,2000,35,1,0
2012,2000,51,1,0
2012,2000,52,2,0
2012,2100,2,2,0
2012,2100,5,2,0
2012,2100,6,1,0
2012,2100,7,6,0
2012,2100,8,2,1
2012,2100,10,2,0
2012,2100,11,1,0
2012,2100,12,1,0
2012,2100,13,2,0
2012,2100,14,3,0
2012,2100,16,1,0
2012,2100,20,1,0
2012,2100,21,1,0
2012,2100,22,1,0
2012,2100,23,3,1
2012,2100,27,2,0
2012,2100,30,1,1
2012,2100,37,1,0
2012,2100,52,1,0
2012,2200,2,2,0
2012,2200,4,3,0
2012,2200,5,2,0
2012,2200,6,1,0
2012,2200,7,5,0
2012,2200,8,1,0
2012,2200,9,3,0
2012,2200,10,3,0
2012,2200,13,2,0
2012,2200,14,2,0
2012,2200,16,2,0
2012,2200,17,1,0
2012,2200,21,1,1
2012,2200,22,2,0
2012,2200,23,2,0
2012,2200,27,1,0
2012,2200,28,1,1
2012,2200,31,1,0
2012,2300,1,6,0
2012,2300,2,4,0
2012,2300,3,17,0
2012,2300,4,9,0
2012,2300,5,10,0
2012,2300,6,10,0
2012,2300,7,10,0
2012,2300,8,10,0
2012,2300,9,17,0
2012,2300,10,7,0
2012,2300,11,32,0
2012,2300,12,8,0
2012,2300,13,8,0
2012,2300,14,8,0
2012,2300,15,4,0
2012,2300,16,5,0
2012,2300,17,2,0
2012,2300,18,4,0
2012,2300,19,10,0
2012,2300,22,1,0
2012,2300,23,1,0
2012,2300,25,2,0
2012,2300,26,1,0
2012,2300,27,2,0
2012,2300,29,2,0
2012,2300,30,4,0
2012,2300,31,5,0
2012,2300,36,1,0
2012,2300,37,3,0
2012,2300,40,2,0
2012,2300,43,2,0
2012,2300,47,3,0
2012,2300,50,8,0
2012,2300,52,7,0
2012,2300,53,10,0
2012,2400,7,1,0
2012,2400,8,1,0
2012,2400,16,1,0
2012,2400,33,1,0
2012,2400,42,4,0
2012,2400,43,1,0
2012,2400,47,1,0
2012,2400,48,7,0
2012,2400,49,4,0
2012,2400,53,1,0
2013,0,1,106,1
2013,0,2,95,1
2013,0,3,79,2
2013,0,4,81,0
2013,0,5,120,2
2013,0,6,90,1
2013,0,7,99,1
2013,0,8,145,0
2013,0,9,93,0
2013,0,10,127,0
2013,0,11,144,0
2013,0,12,113,0
2013,0,13,65,0
2013,0,14,61,0
2013,0,15,60,0
2013,0,16,56,0
2013,0,17,75,0
2013,0,18,22,0
2013,0,19,29,0
2013,0,20,31,0
2013,0,21,25,0
2013,0,22,31,0
2013,0,23,25,0
2013,0,24,52,0
2013,0,25,30,0
2013,0,26,31,0
2013,0,27,35,0
2013,0,28,56,0
2013,0,29,33,1
2013,0,30,33,3
2013,0,31,32,0
2013,0,32,25,0
2013,0,33,37,0
2013,0,34,28,0
2013,0,35,19,0
2013,0,36,26,0
2013,0,37,19,0
2013,0,38,16,0
2013,0,39,31,0
2013,0,40,19,0
2013,0,41,38,1
2013,0,42,55,0
2013,0,43,32,0
2013,0,44,23,0
2013,0,45,36,0
2013,0,46,22,0
2013,0,47,16,0
2013,0,48,60,0
2013,0,49,74,1
2013,0,50,80,1
2013,0,51,55,0
2013,0,52,103,1
2013,0,53,22,1
2013,100,1,14,1
2013,100,2,19,0
2013,100,3,26,0
2013,100,4,30,0
2013,100,5,26,1
2013,100,6,20,1
2013,100,7,30,0
2013,100,8,34,0
2013,100,9,13,0
2013,100,10,20,0
2013,100,11,49,0
2013,100,12,40,0
2013,100,13,25,0
2013,100,14,27,0
2013,100,15,15,0
2013,100,16,14,0
2013,100,17,16,0
2013,100,18,2,0
2013,100,19,5,0
2013,100,21,6,0
2013,100,22,6,0
2013,100,23,8,0
2013,100,24,3,0
2013,100,25,5,0
2013,100,26,13,0
2013,100,27,9,0
2013,100,28,7,0
2013,100,29,8,1
2013,100,30,4,0
2013,100,31,11,0
2013,100,32,6,0
2013,100,33,8,0
2013,100,34,4,0
2013,100,35,4,0
2013,100,36,3,0
2013,100,37,2,0
2013,100,38,8,0
2013,100,39,3,0
2013,100,40,7,0
2013,100,41,16,0
2013,100,42,2,0
2013,100,43,4,0
2013,100,44,4,0
2013,100,45,11,0
2013,100,46,13,0
2013,100,47,9,0
2013,100,48,9,0
2013,100,49,24,0
2013,100,50,25,0
2013,100,51,21,0
2013,100,52,24,0
2013,100,53,3,0
2013,200,1,7,0
2013,200,2,6,0
2013,200,3,7,0
2013,200,4,11,0
2013,200,5,6,0
2013,200,6,9,0
2013,200,7,15,0
2013,200,8,15,0
2013,200,9,4,0
2013,200,10,4,0
2013,200,11,5,0
2013,200,12,4,0
2013,200,13,1,0
2013,200,14,4,0
2013,200,15,1,0
2013,200,17,3,0
2013,200,21,1,0
2013,200,22,2,0
2013,200,24,3,0
2013,200,25,1,0
2013,200,26,1,0
2013,200,28,4,0
2013,200,29,4,0
2013,200,30,5,0
2013,200,31,3,0
2013,200,32,1,0
2013,200,33,2,0
2013,200,34,2,0
2013,200,35,1,0
2013,200,37,1,0
2013,200,38,2,0
2013,200,39,1,0
2013,200,40,3,0
2013,200,42,3,0
2013,200,43,2,0
2013,200,44,6,0
2013,200,45,6,0
2013,200,46,3,0
2013,200,47,3,0
2013,200,48,1,0
2013,200,49,8,0
2013,200,50,7,0
2013,200,51,7,0
2013,200,52,9,0
2013,300,1,7,0
2013,300,2,11,0
2013,300,3,6,0
2013,300,4,2,0
2013,300,5,9,0
2013,300,6,9,0
2013,300,7,3,0
2013,300,8,2,0
2013,300,9,3,0
2013,300,10,5,0
2013,300,12,7,0
2013,300,13,6,0
2013,300,15,3,0
2013,300,17,1,0
2013,300,18,1,0
2013,300,19,1,0
2013,300,20,2,0
2013,300,22,4,0
2013,300,25,1,0
2013,300,26,1,0
2013,300,27,1,0
2013,300,28,1,0
2013,300,29,2,0
2013,300,30,7,0
2013,300,32,1,0
2013,300,33,3,0
2013,300,34,11,0
2013,300,35,2,0
2013,300,36,5,0
2013,300,37,3,0
2013,300,42,3,0
2013,300,43,2,0
2013,300,44,3,0
2013,300,45,6,0
2013,300,46,3,0
2013,300,47,3,0
2013,300,48,3,0
2013,300,49,5,0
2013,300,50,5,0
2013,300,51,7,0
2013,300,52,5,0
2013,300,53,1,0
2013,400,1,7,0
2013,400,2,1,0
2013,400,3,1,0
2013,400,5,2,0
2013,400,6,8,0
2013,400,7,3,0
2013,400,8,12,0
2013,400,9,3,0
2013,400,11,6,0
2013,400,12,2,0
2013,400,13,2,0
2013,400,14,6,0
2013,400,15,3,0
2013,400,16,4,0
2013,400,17,1,0
2013,400,19,1,0
2013,400,23,2,0
2013,400,24,6,0
2013,400,25,1,0
2013,400,28,2,0
2013,400,29,5,0
2013,400,30,7,0
2013,400,32,3,0
2013,400,33,4,0
2013,400,38,1,0
2013,400,40,1,0
2013,400,42,1,0
2013,400,45,1,0
2013,400,46,1,0
2013,400,47,5,0
2013,400,48,3,0
2013,400,49,10,0
2013,400,51,4,1
2013,400,52,2,0
2013,500,1,5,0
2013,500,2,4,0
2013,500,3,3,0
2013,500,4,10,0
2013,500,5,8,0
2013,500,6,19,0
2013,500,7,20,0
2013,500,8,14,0
2013,500,9,4,0
2013,500,10,8,0
2013,500,11,8,1
2013,500,12,12,0
2013,500,13,9,0
2013,500,14,9,1
2013,500,15,21,0
2013,500,16,6,0
2013,500,17,11,0
2013,500,18,2,0
2013,500,19,3,0
2013,500,20,5,0
2013,500,21,5,0
2013,500,22,6,0
2013,500,23,3,0
2013,500,24,15,0
2013,500,25,4,0
2013,500,26,2,0
2013,500,27,8,0
2013,500,28,6,0
2013,500,29,6,0
2013,500,30,3,0
2013,500,31,4,0
2013,500,32,10,0
2013,500,33,8,2
2013,500,34,2,0
2013,500,35,2,0
2013,500,36,1,0
2013,500,37,2,0
2013,500,38,2,0
2013,500,39,1,0
2013,500,40,2,0
2013,500,41,2,0
2013,500,42,2,0
2013,500,43,1,0
2013,500,44,4,0
2013,500,45,11,0
2013,500,46,5,0
2013,500,47,4,0
2013,500,48,3,0
2013,500,49,11,0
2013,500,50,9,0
2013,500,51,14,0
2013,500,52,10,0
2013,500,53,2,0
2013,600,1,22,0
2013,600,2,10,0
2013,600,3,8,0
2013,600,4,3,0
2013,600,5,10,0
2013,600,6,9,0
2013,600,7,10,0
2013,600,8,14,1
2013,600,9,13,0
2013,600,10,16,2
2013,600,11,18,1
2013,600,12,8,0
2013,600,13,15,0
2013,600,14,5,0
2013,600,15,7,0
2013,600,16,11,0
2013,600,17,17,0
2013,600,18,2,0
2013,600,19,2,0
2013,600,20,1,0
2013,600,21,5,0
2013,600,22,2,0
2013,600,23,1,0
2013,600,24,3,0
2013,600,25,4,0
2013,600,26,4,0
2013,600,27,9,0
2013,600,28,7,0
2013,600,29,8,0
2013,600,30,2,0
2013,600,31,10,0
2013,600,32,5,0
2013,600,33,7,1
2013,600,34,3,0
2013,600,35,5,0
2013,600,36,1,0
2013,600,37,1,0
2013,600,39,3,0
2013,600,40,3,0
2013,600,42,3,0
2013,600,43,8,0
2013,600,44,1,0
2013,600,45,3,1
2013,600,46,7,0
2013,600,47,5,0
2013,600,48,2,0
2013,600,49,17,0
2013,600,50,3,0
2013,600,51,14,0
2013,600,52,9,0
2013,700,1,4,0
2013,700,2,5,0
2013,700,3,5,0
2013,700,4,7,0
2013,700,6,24,0
2013,700,7,4,0
2013,700,8,8,0
2013,700,9,7,0
2013,700,10,9,0
2013,700,11,21,0
2013,700,12,20,0
2013,700,13,15,0
2013,700,14,13,0
2013,700,15,16,0
2013,700,16,1,0
2013,700,17,14,1
2013,700,18,11,0
2013,700,19,4,0
2013,700,20,1,0
2013,700,21,2,0
2013,700,23,2,0
2013,700,24,2,0
2013,700,25,2,0
2013,700,26,1,0
2013,700,27,9,0
2013,700,28,4,0
2013,700,29,10,0
2013,700,30,15,0
2013,700,31,1,0
2013,700,32,3,0
2013,700,33,6,0
2013,700,34,4,0
2013,700,35,5,0
2013,700,36,2,0
2013,700,38,4,0
2013,700,40,8,0
2013,700,41,3,0
2013,700,42,5,0
2013,700,43,9,0
2013,700,44,11,0
2013,700,45,23,0
2013,700,47,2,0
2013,700,48,4,0
2013,700,49,9,0
2013,700,50,8,0
2013,700,51,6,0
2013,700,52,17,0
2013,700,53,2,0
2013,800,1,9,0
2013,800,2,2,0
2013,800,3,2,0
2013,800,4,7,0
2013,800,5,3,0
2013,800,6,6,0
2013,800,7,4,0
2013,800,9,7,0
2013,800,10,11,0
2013,800,11,9,0
2013,800,12,19,0
2013,800,13,8,0
2013,800,14,4,0
2013,800,15,4,0
2013,800,16,11,0
2013,800,17,5,0
2013,800,18,2,0
2013,800,19,2,0
2013,800,20,2,0
2013,800,21,3,0
2013,800,22,1,0
2013,800,23,3,0
2013,800,24,4,0
2013,800,25,1,0
2013,800,26,3,0
2013,800,27,7,0
2013,800,28,6,0
2013,800,29,6,0
2013,800,30,5,0
2013,800,31,1,0
2013,800,32,3,0
2013,800,33,2,0
2013,800,34,1,0
2013,800,35,7,0
2013,800,36,5,0
2013,800,37,2,1
2013,800,39,1,0
2013,800,40,2,0
2013,800,42,2,0
2013,800,43,6,0
2013,800,44,3,0
2013,800,45,12,0
2013,800,46,4,0
2013,800,47,2,0
2013,800,48,1,0
2013,800,49,2,0
2013,800,50,5,0
2013,800,51,2,0
2013,800,52,1,0
2013,800,53,2,0
2013,900,1,4,0
2013,900,2,13,0
2013,900,3,8,0
2013,900,4,9,0
2013,900,5,8,0
2013,900,6,19,0
2013,900,7,15,0
2013,900,8,100,0
2013,900,9,18,0
2013,900,10,12,1
2013,900,11,12,0
2013,900,12,26,0
2013,900,13,4,0
2013,900,14,7,0
2013,900,15,3,0
2013,900,16,5,0
2013,900,17,4,0
2013,900,18,1,0
2013,900,19,3,0
2013,900,20,4,0
2013,900,21,2,0
2013,900,23,9,0
2013,900,24,11,0
2013,900,25,8,0
2013,900,26,6,0
2013,900,27,3,0
2013,900,28,7,0
2013,900,29,6,0
2013,900,30,5,0
2013,900,31,5,0
2013,900,32,16,0
2013,900,34,4,0
2013,900,35,3,0
2013,900,36,2,0
2013,900,37,2,0
2013,900,38,2,0
2013,900,39,3,0
2013,900,40,1,0
2013,900,41,3,0
2013,900,42,1,0
2013,900,43,1,0
2013,900,44,2,0
2013,900,45,7,0
2013,900,46,3,0
2013,900,48,3,0
2013,900,49,1,0
2013,900,50,5,0
2013,900,51,11,0
2013,900,52,15,0
2013,900,53,2,0
2013,1000,1,7,0
2013,1000,2,9,0
2013,1000,3,6,0
2013,1000,4,9,0
2013,1000,5,9,0
2013,1000,6,35,0
2013,1000,7,3,0
2013,1000,8,15,1
2013,1000,9,15,1
2013,1000,10,8,0
2013,1000,11,1,0
2013,1000,12,12,0
2013,1000,13,5,0
2013,1000,14,1,0
2013,1000,15,3,0
2013,1000,16,8,0
2013,1000,17,8,2
2013,1000,18,1,0
2013,1000,19,2,1
2013,1000,20,3,0
2013,1000,21,1,1
2013,1000,22,1,0
2013,1000,23,4,0
2013,1000,24,4,1
2013,1000,25,4,0
2013,1000,26,7,2
2013,1000,27,7,0
2013,1000,28,4,0
2013,1000,29,1,0
2013,1000,30,2,0
2013,1000,31,2,0
2013,1000,32,6,0
2013,1000,33,4,0
2013,1000,34,7,0
2013,1000,35,6,0
2013,1000,36,2,0
2013,1000,37,6,0
2013,1000,38,3,0
2013,1000,39,1,0
2013,1000,41,3,0
2013,1000,42,9,0
2013,1000,43,4,0
2013,1000,44,35,0
2013,1000,45,10,0
2013,1000,46,6,0
2013,1000,48,3,0
2013,1000,49,2,0
2013,1000,50,10,0
2013,1000,51,6,0
2013,1000,52,6,0
2013,1000,53,3,0
2013,1100,1,9,0
2013,1100,2,20,0
2013,1100,3,18,0
2013,1100,4,22,0
2013,1100,5,56,0
2013,1100,6,146,1
2013,1100,7,92,0
2013,1100,8,97,0
2013,1100,9,24,0
2013,1100,10,16,0
2013,1100,11,22,0
2013,1100,12,22,0
2013,1100,13,16,0
2013,1100,14,6,0
2013,1100,15,14,1
2013,1100,16,6,0
2013,1100,17,6,0
2013,1100,18,3,0
2013,1100,19,6,0
2013,1100,20,12,0
2013,1100,21,12,0
2013,1100,22,17,0
2013,1100,23,10,0
2013,1100,24,10,0
2013,1100,25,12,0
2013,1100,26,9,0
2013,1100,27,8,0
2013,1100,28,8,0
2013,1100,29,12,0
2013,1100,30,9,0
2013,1100,31,12,0
2013,1100,32,20,0
2013,1100,33,11,0
2013,1100,34,14,0
2013,1100,35,10,0
2013,1100,36,15,0
2013,1100,37,9,0
2013,1100,38,12,0
2013,1100,39,19,0
2013,1100,40,17,0
2013,1100,41,12,0
2013,1100,42,13,0
2013,1100,43,11,0
2013,1100,44,7,0
2013,1100,45,11,0
2013,1100,46,8,0
2013,1100,47,4,0
2013,1100,48,11,0
2013,1100,49,19,0
2013,1100,50,16,0
2013,1100,51,15,0
2013,1100,52,15,0
2013,1100,53,3,0
2013,1200,1,6,0
2013,1200,2,16,0
2013,1200,3,9,0
2013,1200,4,21,0
2013,1200,5,12,0
2013,1200,6,7,0
2013,1200,7,21,0
2013,1200,8,29,0
2013,1200,9,42,0
2013,1200,10,18,0
2013,1200,11,9,0
2013,1200,12,15,0
2013,1200,13,12,2
2013,1200,14,2,1
2013,1200,15,8,3
2013,1200,16,21,2
2013,1200,17,9,2
2013,1200,18,8,1
2013,1200,19,12,3
2013,1200,20,8,0
2013,1200,21,7,0
2013,1200,22,3,0
2013,1200,23,10,0
2013,1200,24,11,0
2013,1200,25,18,1
2013,1200,26,4,0
2013,1200,27,1,0
2013,1200,28,3,0
2013,1200,30,3,0
2013,1200,31,4,0
2013,1200,32,6,0
2013,1200,34,6,0
2013,1200,35,6,0
2013,1200,36,11,0
2013,1200,37,10,0
2013,1200,38,9,0
2013,1200,39,11,0
2013,1200,40,9,0
2013,1200,41,7,0
2013,1200,42,12,0
2013,1200,43,7,0
2013,1200,44,15,0
2013,1200,45,11,0
2013,1200,46,3,0
2013,1200,47,9,0
2013,1200,48,11,0
2013,1200,49,14,0
2013,1200,50,12,0
2013,1200,51,3,0
2013,1200,52,2,0
2013,1300,1,3,0
2013,1300,2,7,0
2013,1300,3,9,0
2013,1300,4,5,0
2013,1300,5,8,0
2013,1300,6,12,0
2013,1300,7,15,1
2013,1300,8,12,0
2013,1300,9,24,0
2013,1300,10,10,0
2013,1300,11,11,0
2013,1300,12,7,0
2013,1300,13,28,1
2013,1300,14,4,0
2013,1300,15,2,0
2013,1300,16,5,1
2013,1300,17,7,0
2013,1300,20,4,1
2013,1300,21,1,0
2013,1300,23,1,0
2013,1300,24,9,7
2013,1300,25,8,3
2013,1300,26,1,0
2013,1300,27,9,4
2013,1300,28,3,0
2013,1300,29,10,1
2013,1300,30,6,0
2013,1300,31,1,1
2013,1300,32,5,2
2013,1300,34,2,0
2013,1300,35,3,0
2013,1300,36,3,0
2013,1300,37,3,0
2013,1300,38,2,1
2013,1300,39,2,0
2013,1300,40,7,0
2013,1300,41,1,0
2013,1300,42,2,0
2013,1300,43,1,0
2013,1300,44,7,0
2013,1300,45,2,0
2013,1300,46,7,0
2013,1300,47,5,0
2013,1300,48,3,0
2013,1300,49,7,0
2013,1300,50,3,0
2013,1300,51,2,0
2013,1300,52,8,0
2013,1400,1,4,0
2013,1400,2,3,0
2013,1400,3,3,0
2013,1400,4,7,0
2013,1400,5,2,0
2013,1400,6,35,0
2013,1400,7,23,0
2013,1400,8,15,0
2013,1400,9,40,0
2013,1400,10,14,2
2013,1400,11,4,0
2013,1400,12,17,2
2013,1400,13,10,2
2013,1400,14,6,1
2013,1400,15,5,4
2013,1400,16,8,3
2013,1400,17,17,3
2013,1400,18,3,0
2013,1400,19,7,2
2013,1400,23,2,0
2013,1400,24,1,1
2013,1400,25,3,0
2013,1400,27,5,2
2013,1400,28,10,4
2013,1400,29,4,3
2013,1400,30,1,0
2013,1400,31,3,0
2013,1400,32,7,0
2013,1400,33,6,1
2013,1400,34,6,2
2013,1400,35,2,0
2013,1400,36,5,2
2013,1400,37,1,0
2013,1400,39,1,0
2013,1400,40,1,0
2013,1400,41,1,0
2013,1400,42,4,0
2013,1400,44,2,0
2013,1400,45,3,0
2013,1400,46,2,0
2013,1400,47,1,0
2013,1400,48,4,0
2013,1400,49,7,0
2013,1400,50,2,0
2013,1400,51,3,0
2013,1400,52,5,0
2013,1500,1,6,0
2013,1500,2,3,0
2013,1500,3,13,0
2013,1500,4,4,0
2013,1500,5,4,0
2013,1500,6,18,0
2013,1500,7,5,1
2013,1500,8,17,0
2013,1500,9,12,0
2013,1500,10,9,0
2013,1500,11,3,0
2013,1500,12,10,5
2013,1500,13,12,0
2013,1500,14,15,1
2013,1500,15,10,2
2013,1500,16,5,3
2013,1500,17,13,3
2013,1500,18,12,4
2013,1500,19,17,5
2013,1500,20,2,0
2013,1500,21,26,10
2013,1500,22,2,1
2013,1500,23,4,3
2013,1500,24,13,1
2013,1500,25,4,1
2013,1500,26,11,0
2013,1500,27,7,1
2013,1500,28,6,0
2013,1500,29,2,0
2013,1500,30,2,0
2013,1500,31,3,0
2013,1500,32,16,0
2013,1500,33,13,0
2013,1500,34,3,0
2013,1500,35,1,1
2013,1500,36,2,0
2013,1500,37,5,0
2013,1500,38,1,0
2013,1500,40,5,0
2013,1500,42,2,0
2013,1500,44,1,0
2013,1500,45,2,0
2013,1500,46,1,0
2013,1500,48,8,0
2013,1500,49,10,0
2013,1500,50,5,0
2013,1500,51,3,0
2013,1500,52,22,0
2013,1600,1,5,0
2013,1600,2,1,0
2013,1600,3,5,0
2013,1600,5,2,0
2013,1600,6,6,2
2013,1600,7,10,2
2013,1600,8,8,1
2013,1600,9,8,3
2013,1600,10,6,3
2013,1600,11,9,2
2013,1600,12,4,2
2013,1600,13,3,1
2013,1600,14,2,1
2013,1600,15,2,2
2013,1600,17,7,4
2013,1600,18,2,0
2013,1600,19,5,2
2013,1600,20,2,0
2013,1600,22,1,1
2013,1600,24,3,1
2013,1600,26,3,0
2013,1600,27,2,0
2013,1600,28,4,2
2013,1600,29,3,2
2013,1600,30,1,0
2013,1600,31,1,0
2013,1600,32,7,0
2013,1600,33,1,0
2013,1600,35,2,0
2013,1600,36,1,0
2013,1600,37,1,0
2013,1600,38,1,0
2013,1600,43,1,0
2013,1600,44,1,0
2013,1600,45,2,0
2013,1600,47,1,0
2013,1600,50,6,0
2013,1600,52,6,0
2013,1600,53,1,0
2013,1700,1,1,0
2013,1700,3,3,0
2013,1700,5,1,0
2013,1700,6,3,0
2013,1700,7,1,0
2013,1700,8,2,0
2013,1700,9,2,0
2013,1700,11,1,0
2013,1700,14,1,0
2013,1700,17,2,0
2013,1700,21,2,0
2013,1700,22,1,0
2013,1700,23,1,0
2013,1700,25,1,0
2013,1700,28,1,0
2013,1700,34,1,0
2013,1700,38,1,0
2013,1700,43,1,0
2013,1700,44,1,0
2013,1700,45,1,0
2013,1700,48,4,0
2013,1700,51,1,0
2013,1800,1,1,0
2013,1800,2,1,0
2013,1800,3,1,0
2013,1800,4,7,0
2013,1800,5,1,0
2013,1800,6,2,0
2013,1800,7,2,0
2013,1800,8,8,0
2013,1800,10,2,0
2013,1800,11,3,0
2013,1800,12,1,0
2013,1800,14,2,0
2013,1800,15,3,0
2013,1800,17,3,0
2013,1800,18,2,0
2013,1800,28,1,0
2013,1800,36,1,0
2013,1800,48,3,0
2013,1900,1,1,0
2013,1900,5,2,0
2013,1900,6,6,0
2013,1900,7,2,0
2013,1900,8,3,0
2013,1900,9,2,0
2013,1900,11,3,0
2013,1900,12,5,0
2013,1900,13,1,0
2013,1900,17,1,0
2013,1900,20,1,0
2013,1900,21,2,1
2013,1900,23,2,1
2013,1900,25,4,0
2013,1900,46,1,0
2013,1900,48,1,0
2013,1900,49,2,0
2013,1900,50,1,0
2013,1900,53,3,0
2013,2000,9,1,0
2013,2000,10,1,0
2013,2000,13,1,0
2013,2000,15,1,0
2013,2000,18,1,0
2013,2000,20,1,0
2013,2000,23,1,0
2013,2000,26,1,0
2013,2000,27,1,0
2013,2000,49,2,0
2013,2000,52,3,0
2013,2100,1,1,0
2013,2100,2,1,0
2013,2100,4,1,0
2013,2100,6,6,0
2013,2100,7,2,0
2013,2100,8,1,0
2013,2100,9,3,0
2013,2100,10,5,0
2013,2100,11,6,0
2013,2100,12,2,0
2013,2100,17,4,2
2013,2100,22,1,1
2013,2100,25,1,0
2013,2100,37,1,0
2013,2100,40,1,0
2013,2100,45,1,0
2013,2100,47,1,0
2013,2100,48,1,0
2013,2100,49,4,0
2013,2100,52,1,0
2013,2200,3,2,0
2013,2200,4,1,0
2013,2200,5,5,0
2013,2200,7,4,0
2013,2200,8,5,0
2013,2200,10,1,0
2013,2200,11,1,1
2013,2200,12,2,0
2013,2200,13,5,0
2013,2200,14,3,0
2013,2200,23,1,1
2013,2200,36,1,0
2013,2200,44,1,0
2013,2300,1,6,0
2013,2300,2,6,0
2013,2300,3,3,0
2013,2300,4,8,0
2013,2300,5,28,0
2013,2300,6,15,0
2013,2300,7,14,0
2013,2300,8,6,0
2013,2300,9,7,0
2013,2300,10,9,0
2013,2300,11,11,0
2013,2300,12,13,0
2013,2300,13,4,0
2013,2300,14,2,0
2013,2300,15,14,0
2013,2300,16,2,0
2013,2300,18,3,0
2013,2300,19,2,0
2013,2300,20,2,0
2013,2300,21,4,0
2013,2300,23,2,0
2013,2300,25,5,0
2013,2300,26,3,0
2013,2300,27,4,0
2013,2300,28,4,0
2013,2300,29,2,0
2013,2300,30,1,0
2013,2300,31,2,0
2013,2300,32,14,0
2013,2300,33,1,0
2013,2300,34,2,0
2013,2300,35,1,0
2013,2300,36,3,0
2013,2300,37,1,0
2013,2300,45,2,0
2013,2300,49,8,0
2013,2300,50,5,0
2013,2300,51,6,0
2013,2300,52,4,0
2013,2400,1,2,0
2013,2400,2,2,0
2013,2400,3,1,0
2013,2400,4,1,0
2013,2400,6,1,0
2013,2400,7,2,0
2013,2400,9,5,0
2013,2400,11,3,0
2013,2400,12,1,0
2013,2400,15,2,0
2013,2400,35,1,0
2013,2400,44,6,0
2013,2400,45,6,0
2013,2400,47,1,0
2013,2400,48,1,0
2013,2400,49,1,0
2013,2400,53,2,0
2014,0,1,95,2
2014,0,2,81,2
2014,0,3,105,0
2014,0,4,147,0
2014,0,5,101,1
2014,0,6,131,1
2014,0,7,174,0
2014,0,8,128,1
2014,0,9,117,0
2014,0,10,112,0
2014,0,11,119,0
2014,0,12,121,0
2014,0,13,135,0
2014,0,14,70,0
2014,0,15,48,0
2014,0,16,47,0
2014,0,17,52,0
2014,0,18,35,0
2014,0,19,35,1
2014,0,20,49,0
2014,0,21,43,0
2014,0,22,27,0
2014,0,23,52,0
2014,0,24,40,0
2014,0,25,33,1
2014,0,26,43,0
2014,0,27,34,0
2014,0,28,24,0
2014,0,29,40,0
2014,0,30,65,0
2014,0,31,37,0
2014,0,32,23,0
2014,0,33,65,0
2014,0,34,39,0
2014,0,35,27,0
2014,0,36,27,0
2014,0,37,48,0
2014,0,38,23,0
2014,0,39,28,0
2014,0,40,19,1
2014,0,41,31,1
2014,0,42,31,0
2014,0,43,28,0
2014,0,44,42,0
2014,0,45,38,0
2014,0,46,63,0
2014,0,47,105,0
2014,0,48,82,0
2014,0,49,97,0
2014,0,50,65,0
2014,0,51,100,0
2014,0,52,101,0
2014,0,53,21,0
2014,100,1,24,0
2014,100,2,22,0
2014,100,3,31,0
2014,100,4,38,0
2014,100,5,40,0
2014,100,6,32,0
2014,100,7,46,0
2014,100,8,22,0
2014,100,9,26,0
2014,100,10,16,0
2014,100,11,19,0
2014,100,12,22,0
2014,100,13,21,0
2014,100,14,20,0
2014,100,15,12,0
2014,100,16,15,0
2014,100,17,9,0
2014,100,18,8,0
2014,100,19,7,1
2014,100,20,8,0
2014,100,21,9,0
2014,100,22,3,0
2014,100,23,6,0
2014,100,24,5,0
2014,100,25,25,1
2014,100,26,16,0
2014,100,27,11,0
2014,100,28,5,0
2014,100,29,7,0
2014,100,30,16,0
2014,100,31,14,0
2014,100,32,5,0
2014,100,33,9,0
2014,100,34,5,0
2014,100,35,3,0
2014,100,36,5,0
2014,100,37,8,0
2014,100,38,5,0
2014,100,39,1,0
2014,100,40,5,0
2014,100,41,13,0
2014,100,42,16,0
2014,100,43,4,0
2014,100,44,19,0
2014,100,45,6,0
2014,100,46,21,0
2014,100,47,10,0
2014,100,48,11,0
2014,100,49,15,0
2014,100,50,15,0
2014,100,51,16,0
2014,100,52,20,0
2014,100,53,4,0
2014,200,1,6,0
2014,200,2,5,0
2014,200,3,13,0
2014,200,4,10,0
2014,200,5,4,0
2014,200,6,10,0
2014,200,7,4,0
2014,200,8,7,0
2014,200,9,5,1
2014,200,10,9,0
2014,200,11,3,0
2014,200,12,2,0
2014,200,13,2,0
2014,200,14,5,0
2014,200,15,7,0
2014,200,16,3,0
2014,200,17,7,0
2014,200,18,4,0
2014,200,20,2,0
2014,200,21,13,0
2014,200,22,3,0
2014,200,23,4,0
2014,200,24,4,0
2014,200,25,3,0
2014,200,26,3,0
2014,200,27,3,0
2014,200,28,5,0
2014,200,29,1,0
2014,200,30,12,0
2014,200,31,6,0
2014,200,32,3,0
2014,200,33,2,0
2014,200,34,2,0
2014,200,36,1,0
2014,200,37,2,0
2014,200,39,3,0
2014,200,40,1,0
2014,200,41,2,0
2014,200,43,2,0
2014,200,44,1,0
2014,200,45,1,0
2014,200,46,4,0
2014,200,47,8,0
2014,200,48,8,0
2014,200,49,10,0
2014,200,50,16,0
2014,200,51,13,0
2014,200,52,9,0
2014,200,53,1,0
2014,300,1,6,0
2014,300,2,3,0
2014,300,3,8,0
2014,300,4,1,0
2014,300,5,1,0
2014,300,6,6,0
2014,300,7,6,0
2014,300,8,5,0
2014,300,9,3,0
2014,300,10,5,0
2014,300,11,1,0
2014,300,12,22,0
2014,300,13,3,0
2014,300,14,5,0
2014,300,16,1,0
2014,300,17,1,0
2014,300,21,1,0
2014,300,22,1,0
2014,300,23,5,0
2014,300,24,2,0
2014,300,25,2,0
2014,300,26,6,0
2014,300,27,1,0
2014,300,28,3,0
2014,300,29,1,0
2014,300,31,2,0
2014,300,32,5,0
2014,300,33,1,0
2014,300,34,2,0
2014,300,37,1,0
2014,300,38,1,0
2014,300,39,2,0
2014,300,41,2,0
2014,300,42,2,0
2014,300,43,1,0
2014,300,45,5,0
2014,300,46,1,0
2014,300,47,9,0
2014,300,48,6,0
2014,300,49,12,0
2014,300,50,9,0
2014,300,51,1,0
2014,300,52,5,0
2014,300,53,1,0
2014,400,1,8,0
2014,400,2,3,0
2014,400,3,2,0
2014,400,4,3,0
2014,400,5,1,0
2014,400,6,12,0
2014,400,7,6,0
2014,400,8,2,0
2014,400,9,5,0
2014,400,10,2,0
2014,400,11,3,0
2014,400,12,5,0
2014,400,13,6,0
2014,400,14,3,0
2014,400,15,2,0
2014,400,18,7,1
2014,400,21,1,0
2014,400,22,4,0
2014,400,23,1,0
2014,400,24,1,0
2014,400,25,3,0
2014,400,26,1,0
2014,400,27,3,0
2014,400,29,2,0
2014,400,30,5,0
2014,400,31,5,0
2014,400,34,2,0
2014,400,35,3,0
2014,400,37,2,0
2014,400,38,6,0
2014,400,39,3,0
2014,400,40,2,0
2014,400,41,1,0
2014,400,42,1,0
2014,400,44,1,0
2014,400,46,3,0
2014,400,47,4,0
2014,400,48,6,0
2014,400,49,8,0
2014,400,50,3,0
2014,400,51,3,0
2014,400,52,4,0
2014,400,53,1,0
2014,500,1,5,0
2014,500,2,4,0
2014,500,3,4,0
2014,500,4,3,0
2014,500,5,7,0
2014,500,6,10,0
2014,500,7,14,0
2014,500,8,12,0
2014,500,9,14,0
2014,500,10,10,0
2014,500,11,14,0
2014,500,12,11,0
2014,500,13,13,0
2014,500,14,22,0
2014,500,15,3,0
2014,500,16,11,0
2014,500,17,6,0
2014,500,18,5,0
2014,500,19,12,0
2014,500,21,3,0
2014,500,22,9,0
2014,500,23,4,0
2014,500,24,1,0
2014,500,25,4,0
2014,500,26,9,0
2014,500,27,12,0
2014,500,28,3,0
2014,500,29,2,0
2014,500,30,6,0
2014,500,31,16,0
2014,500,32,12,0
2014,500,33,6,0
2014,500,34,5,0
2014,500,35,1,0
2014,500,36,1,0
2014,500,37,3,0
2014,500,38,3,0
2014,500,39,3,1
2014,500,40,3,0
2014,500,41,5,0
2014,500,43,5,0
2014,500,44,4,0
2014,500,45,5,0
2014,500,46,17,0
2014,500,47,13,0
2014,500,48,7,0
2014,500,49,13,0
2014,500,50,4,0
2014,500,51,22,0
2014,500,52,31,0
2014,500,53,1,0
2014,600,1,12,0
2014,600,2,7,0
2014,600,3,5,0
2014,600,4,15,0
2014,600,5,14,0
2014,600,6,20,0
2014,600,7,17,0
2014,600,8,20,0
2014,600,9,33,1
2014,600,10,24,1
2014,600,11,11,0
2014,600,12,19,0
2014,600,13,18,1
2014,600,14,16,1
2014,600,15,7,0
2014,600,16,9,0
2014,600,17,2,0
2014,600,18,4,0
2014,600,19,3,0
2014,600,20,2,0
2014,600,22,3,0
2014,600,23,7,0
2014,600,25,7,0
2014,600,26,1,0
2014,600,28,1,0
2014,600,29,7,0
2014,600,30,7,0
2014,600,31,9,0
2014,600,32,15,0
2014,600,33,4,0
2014,600,34,9,0
2014,600,35,3,0
2014,600,36,7,1
2014,600,37,1,0
2014,600,39,1,0
2014,600,40,7,0
2014,600,41,3,0
2014,600,43,2,0
2014,600,45,7,0
2014,600,46,19,0
2014,600,47,7,0
2014,600,48,5,0
2014,600,49,9,0
2014,600,50,7,0
2014,600,51,10,0
2014,600,52,17,0
2014,600,53,3,0
2014,700,1,12,0
2014,700,2,8,0
2014,700,3,9,0
2014,700,4,7,0
2014,700,5,9,0
2014,700,6,15,0
2014,700,7,6,0
2014,700,8,21,0
2014,700,9,11,0
2014,700,10,9,0
2014,700,11,19,0
2014,700,12,5,0
2014,700,13,9,0
2014,700,14,9,0
2014,700,15,10,0
2014,700,16,6,0
2014,700,17,16,0
2014,700,18,5,0
2014,700,19,3,0
2014,700,20,6,0
2014,700,21,1,0
2014,700,22,5,0
2014,700,23,4,0
2014,700,24,2,0
2014,700,25,8,0
2014,700,27,4,0
2014,700,28,2,0
2014,700,29,1,0
2014,700,30,3,0
2014,700,31,20,0
2014,700,32,9,1
2014,700,33,10,0
2014,700,34,5,0
2014,700,35,4,0
2014,700,36,6,0
2014,700,37,8,0
2014,700,38,6,1
2014,700,39,2,0
2014,700,40,9,0
2014,700,42,2,0
2014,700,43,1,0
2014,700,44,1,0
2014,700,45,1,0
2014,700,46,12,0
2014,700,47,12,0
2014,700,48,4,0
2014,700,49,16,0
2014,700,50,7,0
2014,700,51,8,0
2014,700,52,12,0
2014,800,1,10,0
2014,800,2,5,0
2014,800,3,3,0
2014,800,4,1,0
2014,800,5,11,0
2014,800,6,12,0
2014,800,7,7,0
2014,800,8,13,0
2014,800,9,16,0
2014,800,10,11,0
2014,800,11,11,0
2014,800,12,12,0
2014,800,13,5,0
2014,800,14,8,0
2014,800,15,7,0
2014,800,16,4,0
2014,800,17,4,0
2014,800,19,3,0
2014,800,20,1,0
2014,800,21,4,0
2014,800,22,2,0
2014,800,23,4,0
2014,800,24,1,0
2014,800,25,7,4
2014,800,26,3,0
2014,800,27,1,0
2014,800,28,2,0
2014,800,29,5,0
2014,800,30,3,0
2014,800,31,5,0
2014,800,32,15,1
2014,800,33,5,0
2014,800,34,6,0
2014,800,35,3,0
2014,800,36,3,0
2014,800,37,6,0
2014,800,38,7,0
2014,800,39,5,0
2014,800,40,6,0
2014,800,41,1,0
2014,800,42,2,1
2014,800,44,3,0
2014,800,45,5,0
2014,800,46,5,0
2014,800,47,13,0
2014,800,48,6,0
2014,800,49,11,0
2014,800,50,7,0
2014,800,51,10,0
2014,800,52,9,0
2014,800,53,1,0
2014,900,1,12,0
2014,900,2,22,0
2014,900,3,17,0
2014,900,4,6,0
2014,900,5,18,0
2014,900,6,21,0
2014,900,7,34,0
2014,900,8,13,0
2014,900,9,20,0
2014,900,10,11,0
2014,900,11,22,0
2014,900,12,8,0
2014,900,13,13,0
2014,900,14,16,0
2014,900,15,14,0
2014,900,16,10,0
2014,900,17,9,0
2014,900,18,4,0
2014,900,20,15,0
2014,900,21,1,0
2014,900,22,3,0
2014,900,23,5,0
2014,900,24,4,0
2014,900,25,13,0
2014,900,26,1,0
2014,900,27,3,0
2014,900,28,5,0
2014,900,29,19,0
2014,900,30,2,0
2014,900,31,5,0
2014,900,32,10,0
2014,900,33,4,0
2014,900,34,15,0
2014,900,35,14,0
2014,900,36,5,0
2014,900,37,8,0
2014,900,38,14,0
2014,900,39,15,0
2014,900,40,22,0
2014,900,41,21,0
2014,900,42,26,0
2014,900,43,19,0
2014,900,44,10,1
2014,900,45,10,0
2014,900,46,6,0
2014,900,47,9,0
2014,900,48,4,0
2014,900,49,14,0
2014,900,50,16,0
2014,900,51,32,0
2014,900,52,36,0
2014,900,53,2,0
2014,1000,1,11,0
2014,1000,2,15,0
2014,1000,3,9,0
2014,1000,4,15,0
2014,1000,5,6,0
2014,1000,6,6,0
2014,1000,7,7,0
2014,1000,8,11,0
2014,1000,9,11,1
2014,1000,10,11,0
2014,1000,11,8,0
2014,1000,12,7,0
2014,1000,13,9,0
2014,1000,14,6,0
2014,1000,15,5,0
2014,1000,16,7,0
2014,1000,18,1,0
2014,1000,19,2,0
2014,1000,20,6,0
2014,1000,21,2,0
2014,1000,22,5,0
2014,1000,23,1,0
2014,1000,24,8,0
2014,1000,25,7,0
2014,1000,26,7,0
2014,1000,27,2,0
2014,1000,28,4,0
2014,1000,29,3,0
2014,1000,30,5,0
2014,1000,31,5,0
2014,1000,32,5,0
2014,1000,33,2,1
2014,1000,35,1,0
2014,1000,36,4,0
2014,1000,37,1,0
2014,1000,38,3,0
2014,1000,39,5,0
2014,1000,40,2,0
2014,1000,41,3,0
2014,1000,42,7,0
2014,1000,43,2,0
2014,1000,44,2,0
2014,1000,45,2,0
2014,1000,46,3,0
2014,1000,47,15,0
2014,1000,48,2,0
2014,1000,49,1,0
2014,1000,50,9,1
2014,1000,51,13,0
2014,1000,52,15,0
2014,1000,53,4,0
2014,1100,1,13,0
2014,1100,2,34,0
2014,1100,3,27,0
2014,1100,4,23,0
2014,1100,5,51,0
2014,1100,6,34,0
2014,1100,7,29,1
2014,1100,8,26,0
2014,1100,9,27,0
2014,1100,10,37,0
2014,1100,11,32,0
2014,1100,12,35,0
2014,1100,13,64,0
2014,1100,14,32,0
2014,1100,15,15,0
2014,1100,16,15,0
2014,1100,17,13,0
2014,1100,18,11,0
2014,1100,19,10,0
2014,1100,20,9,0
2014,1100,21,17,0
2014,1100,22,17,0
2014,1100,23,9,0
2014,1100,24,17,0
2014,1100,25,18,0
2014,1100,26,16,0
2014,1100,27,15,0
2014,1100,28,19,0
2014,1100,29,29,0
2014,1100,30,21,0
2014,1100,31,16,0
2014,1100,32,11,0
2014,1100,33,11,0
2014,1100,34,14,0
2014,1100,35,14,0
2014,1100,36,12,0
2014,1100,37,5,0
2014,1100,38,20,1
2014,1100,39,14,0
2014,1100,40,15,0
2014,1100,41,11,0
2014,1100,42,15,0
2014,1100,43,15,0
2014,1100,44,9,0
2014,1100,45,19,0
2014,1100,46,16,0
2014,1100,47,11,0
2014,1100,48,12,0
2014,1100,49,12,0
2014,1100,50,14,0
2014,1100,51,26,0
2014,1100,52,16,0
2014,1100,53,1,0
2014,1200,1,15,0
2014,1200,2,11,0
2014,1200,3,13,0
2014,1200,4,11,0
2014,1200,5,16,0
2014,1200,6,11,0
2014,1200,7,7,0
2014,1200,8,2,0
2014,1200,9,14,0
2014,1200,10,15,1
2014,1200,11,9,2
2014,1200,12,36,0
2014,1200,13,47,5
2014,1200,14,42,0
2014,1200,15,15,2
2014,1200,16,17,6
2014,1200,17,10,0
2014,1200,18,11,0
2014,1200,19,13,0
2014,1200,20,12,0
2014,1200,21,13,0
2014,1200,22,11,0
2014,1200,23,15,0
2014,1200,24,11,0
2014,1200,25,8,0
2014,1200,26,17,0
2014,1200,27,6,0
2014,1200,28,2,0
2014,1200,29,17,0
2014,1200,30,14,1
2014,1200,31,14,0
2014,1200,32,22,0
2014,1200,33,16,0
2014,1200,34,39,0
2014,1200,35,7,0
2014,1200,36,29,0
2014,1200,37,27,0
2014,1200,38,20,1
2014,1200,39,12,0
2014,1200,40,13,1
2014,1200,41,14,0
2014,1200,42,16,0
2014,1200,43,17,0
2014,1200,44,10,0
2014,1200,45,15,0
2014,1200,46,8,2
2014,1200,47,14,0
2014,1200,48,15,0
2014,1200,49,5,0
2014,1200,50,9,0
2014,1200,51,14,0
2014,1200,52,13,0
2014,1200,53,1,0
2014,1300,1,9,0
2014,1300,2,2,0
2014,1300,3,7,0
2014,1300,4,11,0
2014,1300,5,12,0
2014,1300,6,14,1
2014,1300,7,12,0
2014,1300,8,4,0
2014,1300,9,16,0
2014,1300,10,18,7
2014,1300,11,12,1
2014,1300,12,13,0
2014,1300,13,12,0
2014,1300,14,15,2
2014,1300,15,8,0
2014,1300,16,10,2
2014,1300,17,6,2
2014,1300,18,2,0
2014,1300,19,8,0
2014,1300,20,1,0
2014,1300,21,4,0
2014,1300,22,4,1
2014,1300,24,5,0
2014,1300,25,6,0
2014,1300,26,5,2
2014,1300,27,11,4
2014,1300,28,11,2
2014,1300,29,10,6
2014,1300,30,7,2
2014,1300,31,5,2
2014,1300,32,1,0
2014,1300,33,5,0
2014,1300,34,6,0
2014,1300,35,2,0
2014,1300,36,9,0
2014,1300,37,7,0
2014,1300,39,2,0
2014,1300,40,4,1
2014,1300,41,7,1
2014,1300,42,3,1
2014,1300,43,11,0
2014,1300,44,3,1
2014,1300,45,1,0
2014,1300,46,7,1
2014,1300,47,8,0
2014,1300,48,9,0
2014,1300,49,4,0
2014,1300,50,9,0
2014,1300,51,17,0
2014,1300,52,14,0
2014,1300,53,4,0
2014,1400,1,5,0
2014,1400,2,2,0
2014,1400,3,8,0
2014,1400,4,5,0
2014,1400,5,9,0
2014,1400,6,10,0
2014,1400,7,10,0
2014,1400,8,5,1
2014,1400,9,13,0
2014,1400,10,10,1
2014,1400,11,12,0
2014,1400,12,10,0
2014,1400,13,11,0
2014,1400,14,5,1
2014,1400,15,7,0
2014,1400,16,5,0
2014,1400,17,5,1
2014,1400,18,1,0
2014,1400,19,8,0
2014,1400,20,3,0
2014,1400,21,2,0
2014,1400,23,8,0
2014,1400,24,5,1
2014,1400,25,2,0
2014,1400,26,12,2
2014,1400,27,9,2
2014,1400,28,7,0
2014,1400,29,1,0
2014,1400,30,16,0
2014,1400,31,7,0
2014,1400,32,1,0
2014,1400,33,10,0
2014,1400,34,4,0
2014,1400,35,7,3
2014,1400,36,11,6
2014,1400,37,3,0
2014,1400,38,6,1
2014,1400,39,7,1
2014,1400,40,12,3
2014,1400,41,8,3
2014,1400,42,15,1
2014,1400,43,11,5
2014,1400,44,9,0
2014,1400,45,19,0
2014,1400,46,22,0
2014,1400,47,28,0
2014,1400,48,27,0
2014,1400,49,20,0
2014,1400,50,19,1
2014,1400,51,25,0
2014,1400,52,17,0
2014,1400,53,1,0
2014,1500,2,17,0
2014,1500,3,5,0
2014,1500,4,13,0
2014,1500,5,3,1
2014,1500,6,8,0
2014,1500,7,17,0
2014,1500,8,22,1
2014,1500,9,14,0
2014,1500,10,43,5
2014,1500,11,18,4
2014,1500,12,14,0
2014,1500,13,34,4
2014,1500,14,17,0
2014,1500,15,3,1
2014,1500,16,9,0
2014,1500,17,2,1
2014,1500,18,1,0
2014,1500,19,42,2
2014,1500,20,9,0
2014,1500,21,9,0
2014,1500,22,3,0
2014,1500,23,13,0
2014,1500,24,22,0
2014,1500,25,10,0
2014,1500,26,16,0
2014,1500,27,12,0
2014,1500,28,4,0
2014,1500,29,23,0
2014,1500,30,31,0
2014,1500,31,13,0
2014,1500,32,3,0
2014,1500,33,6,0
2014,1500,34,1,0
2014,1500,37,23,0
2014,1500,38,32,0
2014,1500,39,11,0
2014,1500,40,10,0
2014,1500,41,17,0
2014,1500,42,25,0
2014,1500,43,31,2
2014,1500,44,43,0
2014,1500,45,19,0
2014,1500,46,31,1
2014,1500,47,41,0
2014,1500,48,41,0
2014,1500,49,32,0
2014,1500,50,46,0
2014,1500,51,55,0
2014,1500,52,65,0
2014,1500,53,13,0
2014,1600,1,6,0
2014,1600,2,2,0
2014,1600,3,8,0
2014,1600,4,6,1
2014,1600,5,5,0
2014,1600,6,12,1
2014,1600,7,1,0
2014,1600,8,6,0
2014,1600,9,2,0
2014,1600,10,10,4
2014,1600,11,5,2
2014,1600,12,4,0
2014,1600,13,15,7
2014,1600,14,10,4
2014,1600,15,3,0
2014,1600,16,8,3
2014,1600,17,2,1
2014,1600,18,3,0
2014,1600,19,2,2
2014,1600,20,1,0
2014,1600,21,3,1
2014,1600,22,3,0
2014,1600,23,4,0
2014,1600,24,5,0
2014,1600,25,2,1
2014,1600,27,2,0
2014,1600,28,2,0
2014,1600,30,2,0
2014,1600,31,1,0
2014,1600,32,6,0
2014,1600,33,3,1
2014,1600,34,1,0
2014,1600,37,1,0
2014,1600,38,2,0
2014,1600,39,1,0
2014,1600,40,1,0
2014,1600,41,4,0
2014,1600,42,2,1
2014,1600,43,2,0
2014,1600,44,2,0
2014,1600,45,4,0
2014,1600,46,1,0
2014,1600,47,3,0
2014,1600,48,2,0
2014,1600,49,5,0
2014,1600,50,3,0
2014,1600,51,8,0
2014,1600,52,5,0
2014,1700,1,1,0
2014,1700,2,1,0
2014,1700,3,1,0
2014,1700,5,4,1
2014,1700,6,4,2
2014,1700,7,3,1
2014,1700,9,3,2
2014,1700,10,1,0
2014,1700,11,4,0
2014,1700,12,2,0
2014,1700,13,3,0
2014,1700,14,7,1
2014,1700,15,3,0
2014,1700,16,1,0
2014,1700,17,1,0
2014,1700,18,11,1
2014,1700,19,15,0
2014,1700,20,8,0
2014,1700,21,2,1
2014,1700,23,1,0
2014,1700,24,1,0
2014,1700,25,2,0
2014,1700,27,1,0
2014,1700,34,2,0
2014,1700,37,1,1
2014,1700,38,1,0
2014,1700,41,4,0
2014,1700,43,2,0
2014,1700,44,1,0
2014,1700,45,2,0
2014,1700,47,4,0
2014,1700,49,4,0
2014,1700,50,1,0
2014,1700,51,2,0
2014,1700,52,5,0
2014,1800,1,4,0
2014,1800,2,2,0
2014,1800,3,2,0
2014,1800,4,4,0
2014,1800,6,11,0
2014,1800,8,5,0
2014,1800,9,1,0
2014,1800,10,1,1
2014,1800,11,1,0
2014,1800,13,2,1
2014,1800,14,2,1
2014,1800,15,1,0
2014,1800,16,1,0
2014,1800,17,1,0
2014,1800,18,2,0
2014,1800,22,2,0
2014,1800,33,1,0
2014,1800,35,2,0
2014,1800,41,1,0
2014,1800,42,2,0
2014,1800,44,1,0
2014,1800,46,1,0
2014,1800,47,2,0
2014,1800,48,2,0
2014,1800,51,1,0
2014,1900,1,6,0
2014,1900,3,3,0
2014,1900,4,2,0
2014,1900,5,4,0
2014,1900,6,4,0
2014,1900,8,4,0
2014,1900,10,1,0
2014,1900,11,6,1
2014,1900,12,2,0
2014,1900,13,1,0
2014,1900,15,1,0
2014,1900,16,1,0
2014,1900,20,1,0
2014,1900,21,1,1
2014,1900,23,2,0
2014,1900,24,1,0
2014,1900,25,4,0
2014,1900,30,2,0
2014,1900,36,1,0
2014,1900,37,1,0
2014,1900,38,1,0
2014,1900,40,2,0
2014,1900,42,1,0
2014,1900,50,1,0
2014,2000,1,2,0
2014,2000,2,1,0
2014,2000,4,1,0
2014,2000,5,1,0
2014,2000,6,3,0
2014,2000,8,1,0
2014,2000,9,1,0
2014,2000,11,2,0
2014,2000,12,6,0
2014,2000,13,1,0
2014,2000,20,1,0
2014,2000,26,1,0
2014,2000,27,1,0
2014,2000,35,1,0
2014,2000,40,1,0
2014,2000,43,1,1
2014,2000,50,1,0
2014,2100,1,2,0
2014,2100,3,3,0
2014,2100,4,3,0
2014,2100,5,1,0
2014,2100,6,5,0
2014,2100,8,1,0
2014,2100,9,2,0
2014,2100,10,2,0
2014,2100,12,3,0
2014,2100,13,3,3
2014,2100,14,1,0
2014,2100,16,1,0
2014,2100,17,1,0
2014,2100,18,1,0
2014,2100,19,1,1
2014,2100,25,2,0
2014,2100,28,1,0
2014,2100,32,1,0
2014,2100,37,1,0
2014,2100,41,2,0
2014,2100,42,1,0
2014,2100,43,1,0
2014,2100,46,2,0
2014,2100,47,1,0
2014,2100,50,1,0
2014,2100,51,2,0
2014,2200,1,5,0
2014,2200,2,1,0
2014,2200,5,5,0
2014,2200,6,6,0
2014,2200,8,1,0
2014,2200,10,8,0
2014,2200,11,1,0
2014,2200,12,1,0
2014,2200,13,3,0
2014,2200,14,1,0
2014,2200,15,6,0
2014,2200,16,2,0
2014,2200,18,3,0
2014,2200,24,1,0
2014,2200,25,3,0
2014,2200,26,1,0
2014,2200,31,1,0
2014,2200,42,1,0
2014,2200,49,1,0
2014,2200,52,1,0
2014,2300,1,1,0
2014,2300,2,5,0
2014,2300,3,13,0
2014,2300,4,9,0
2014,2300,5,17,0
2014,2300,6,30,0
2014,2300,7,7,0
2014,2300,8,9,0
2014,2300,9,16,0
2014,2300,10,25,0
2014,2300,11,3,0
2014,2300,12,13,0
2014,2300,13,5,0
2014,2300,14,6,0
2014,2300,15,8,0
2014,2300,16,14,0
2014,2300,17,3,0
2014,2300,18,3,0
2014,2300,19,5,0
2014,2300,20,5,0
2014,2300,22,2,0
2014,2300,23,2,0
2014,2300,24,7,0
2014,2300,26,4,0
2014,2300,27,4,0
2014,2300,29,6,0
2014,2300,30,2,0
2014,2300,31,3,0
2014,2300,32,1,0
2014,2300,33,7,0
2014,2300,34,4,0
2014,2300,36,1,0
2014,2300,37,1,0
2014,2300,38,1,0
2014,2300,40,1,0
2014,2300,42,1,0
2014,2300,44,2,0
2014,2300,45,3,0
2014,2300,46,6,0
2014,2300,47,3,0
2014,2300,48,1,0
2014,2300,49,6,0
2014,2300,50,9,0
2014,2300,51,3,0
2014,2300,52,6,0
2014,2400,1,2,0
2014,2400,2,3,0
2014,2400,3,3,0
2014,2400,5,1,0
2014,2400,6,9,0
2014,2400,7,3,0
2014,2400,8,1,0
2014,2400,10,1,0
2014,2400,11,2,0
2014,2400,15,2,0
2014,2400,16,1,0
2014,2400,17,1,0
2014,2400,24,1,0
2014,2400,25,1,0
2014,2400,41,2,0
2014,2400,42,1,0
2014,2400,48,1,0
2014,2400,50,1,0
2014,2400,52,1,0
2015,0,1,113,0
2015,0,2,143,0
2015,0,3,124,1
2015,0,4,108,2
2015,0,5,181,3
2015,0,6,319,3
2015,0,7,226,2
2015,0,8,199,1
2015,0,9,212,1
2015,0,10,193,0
2015,0,11,145,0
2015,0,12,171,1
2015,0,13,188,0
2015,0,14,142,0
2015,0,15,112,0
2015,0,16,112,0
2015,0,17,94,0
2015,0,18,64,0
2015,0,19,87,0
2015,0,20,38,0
2015,0,21,60,0
2015,0,22,49,0
2015,0,23,40,0
2015,0,24,33,0
2015,0,25,38,0
2015,0,26,27,0
2015,0,27,31,0
2015,0,28,36,0
2015,0,29,76,0
2015,0,30,56,0
2015,0,31,58,0
2015,0,32,58,0
2015,0,33,65,4
2015,0,34,46,5
2015,0,35,45,6
2015,0,36,50,1
2015,0,37,62,4
2015,0,38,64,2
2015,0,39,104,0
2015,0,40,63,1
2015,0,41,75,0
2015,0,42,84,0
2015,0,43,67,0
2015,0,44,83,0
2015,0,45,51,0
2015,0,46,103,1
2015,0,47,61,0
2015,0,48,52,0
2015,0,49,84,0
2015,0,50,89,0
2015,0,51,96,0
2015,0,52,134,1
2015,0,53,13,0
2015,100,1,41,0
2015,100,2,39,0
2015,100,3,34,0
2015,100,4,35,0
2015,100,5,32,0
2015,100,6,41,0
2015,100,7,38,0
2015,100,8,39,0
2015,100,9,24,0
2015,100,10,38,0
2015,100,11,39,0
2015,100,12,34,0
2015,100,13,13,0
2015,100,14,24,0
2015,100,15,29,0
2015,100,16,26,0
2015,100,17,13,0
2015,100,18,11,0
2015,100,19,22,0
2015,100,20,10,0
2015,100,21,18,0
2015,100,22,5,0
2015,100,23,5,0
2015,100,24,9,0
2015,100,25,5,0
2015,100,26,5,0
2015,100,27,3,0
2015,100,28,7,0
2015,100,29,18,0
2015,100,30,9,0
2015,100,31,10,0
2015,100,32,10,0
2015,100,33,4,0
2015,100,34,11,0
2015,100,35,8,0
2015,100,36,7,0
2015,100,37,12,0
2015,100,38,11,0
2015,100,39,15,0
2015,100,40,27,0
2015,100,41,23,0
2015,100,42,16,0
2015,100,43,11,0
2015,100,44,14,0
2015,100,45,9,0
2015,100,46,11,0
2015,100,47,11,0
2015,100,48,8,0
2015,100,49,22,0
2015,100,50,25,0
2015,100,51,29,0
2015,100,52,20,0
2015,100,53,3,0
2015,200,1,12,0
2015,200,2,20,0
2015,200,3,11,0
2015,200,4,8,0
2015,200,5,12,0
2015,200,6,16,1
2015,200,7,10,0
2015,200,8,9,0
2015,200,9,17,0
2015,200,10,14,0
2015,200,11,12,0
2015,200,12,12,0
2015,200,13,7,0
2015,200,14,9,0
2015,200,15,8,0
2015,200,16,13,0
2015,200,17,7,0
2015,200,19,12,0
2015,200,20,1,0
2015,200,21,7,0
2015,200,22,1,0
2015,200,23,3,0
2015,200,24,2,0
2015,200,25,5,0
2015,200,26,3,0
2015,200,27,5,0
2015,200,28,3,0
2015,200,29,16,0
2015,200,30,4,0
2015,200,31,5,0
2015,200,32,3,0
2015,200,33,4,0
2015,200,34,12,0
2015,200,35,4,0
2015,200,36,4,0
2015,200,37,10,0
2015,200,38,4,0
2015,200,39,8,0
2015,200,40,4,0
2015,200,41,7,0
2015,200,42,15,0
2015,200,43,17,0
2015,200,44,6,0
2015,200,45,5,0
2015,200,46,12,0
2015,200,47,4,1
2015,200,48,8,0
2015,200,49,8,0
2015,200,50,12,0
2015,200,51,12,0
2015,200,52,17,0
2015,200,53,3,0
2015,300,1,11,0
2015,300,2,14,0
2015,300,3,16,0
2015,300,4,14,0
2015,300,5,3,0
2015,300,6,12,0
2015,300,7,9,0
2015,300,8,4,0
2015,300,9,10,0
2015,300,10,5,0
2015,300,11,6,0
2015,300,12,54,0
2015,300,13,2,0
2015,300,14,6,0
2015,300,15,8,1
2015,300,16,11,0
2015,300,17,8,0
2015,300,18,5,0
2015,300,19,8,0
2015,300,20,4,0
2015,300,21,1,0
2015,300,22,1,0
2015,300,23,7,0
2015,300,24,3,0
2015,300,25,3,0
2015,300,26,2,0
2015,300,27,3,0
2015,300,28,7,0
2015,300,29,5,0
2015,300,30,5,0
2015,300,31,1,0
2015,300,33,4,0
2015,300,34,4,0
2015,300,35,4,0
2015,300,36,2,0
2015,300,37,6,0
2015,300,38,1,0
2015,300,39,3,0
2015,300,40,3,0
2015,300,41,9,0
2015,300,42,6,0
2015,300,43,1,0
2015,300,44,2,0
2015,300,45,10,0
2015,300,46,7,0
2015,300,47,1,0
2015,300,48,2,0
2015,300,49,19,0
2015,300,50,5,0
2015,300,51,1,0
2015,300,52,4,0
2015,300,53,2,0
2015,400,1,3,0
2015,400,2,13,0
2015,400,3,6,0
2015,400,4,3,0
2015,400,5,3,0
2015,400,6,7,0
2015,400,7,7,0
2015,400,8,4,0
2015,400,9,13,0
2015,400,10,18,0
2015,400,11,8,0
2015,400,12,9,0
2015,400,13,3,0
2015,400,14,1,0
2015,400,15,2,0
2015,400,16,5,0
2015,400,17,3,0
2015,400,18,2,0
2015,400,19,6,0
2015,400,20,7,0
2015,400,21,3,0
2015,400,22,1,0
2015,400,24,1,0
2015,400,25,2,0
2015,400,26,1,0
2015,400,28,1,0
2015,400,29,2,0
2015,400,30,1,0
2015,400,31,4,0
2015,400,32,2,0
2015,400,33,15,0
2015,400,34,7,0
2015,400,35,2,0
2015,400,36,5,0
2015,400,37,2,0
2015,400,38,3,0
2015,400,39,5,0
2015,400,40,5,0
2015,400,41,10,0
2015,400,42,5,0
2015,400,43,3,0
2015,400,44,14,0
2015,400,45,14,0
2015,400,46,11,0
2015,400,47,7,0
2015,400,48,6,0
2015,400,49,5,0
2015,400,50,4,0
2015,400,51,11,0
2015,400,52,11,4
2015,400,53,2,0
2015,500,1,27,0
2015,500,2,14,0
2015,500,3,24,0
2015,500,4,20,0
2015,500,5,33,0
2015,500,6,38,0
2015,500,7,23,0
2015,500,8,24,0
2015,500,9,19,0
2015,500,10,25,0
2015,500,11,11,0
2015,500,12,14,0
2015,500,13,14,0
2015,500,14,11,0
2015,500,15,18,0
2015,500,16,19,0
2015,500,17,8,0
2015,500,18,22,0
2015,500,19,33,0
2015,500,20,14,0
2015,500,21,10,0
2015,500,22,2,0
2015,500,23,4,0
2015,500,24,6,0
2015,500,25,14,0
2015,500,26,6,0
2015,500,28,11,0
2015,500,29,15,0
2015,500,30,5,0
2015,500,31,8,0
2015,500,32,5,0
2015,500,33,8,0
2015,500,34,8,0
2015,500,35,4,0
2015,500,36,7,0
2015,500,37,6,0
2015,500,38,9,0
2015,500,39,14,0
2015,500,40,4,0
2015,500,41,16,0
2015,500,42,8,0
2015,500,43,12,0
2015,500,44,14,0
2015,500,45,18,0
2015,500,46,16,0
2015,500,47,10,0
2015,500,48,5,0
2015,500,49,28,0
2015,500,50,13,0
2015,500,51,42,0
2015,500,52,22,0
2015,500,53,2,0
2015,600,1,23,1
2015,600,2,31,0
2015,600,3,35,0
2015,600,4,10,0
2015,600,5,21,0
2015,600,6,53,0
2015,600,7,24,0
2015,600,8,23,0
2015,600,9,25,1
2015,600,10,20,2
2015,600,11,31,0
2015,600,12,35,0
2015,600,13,31,2
2015,600,14,14,0
2015,600,15,10,0
2015,600,16,27,0
2015,600,17,10,0
2015,600,18,9,0
2015,600,19,9,0
2015,600,20,10,0
2015,600,21,6,0
2015,600,22,7,0
2015,600,23,4,0
2015,600,24,3,0
2015,600,25,3,0
2015,600,26,4,0
2015,600,27,1,0
2015,600,28,4,0
2015,600,29,15,1
2015,600,30,7,0
2015,600,31,7,0
2015,600,32,12,0
2015,600,33,13,0
2015,600,34,7,0
2015,600,35,1,0
2015,600,36,4,0
2015,600,37,18,0
2015,600,38,6,1
2015,600,39,39,0
2015,600,40,16,0
2015,600,41,17,0
2015,600,42,22,0
2015,600,43,12,0
2015,600,44,10,0
2015,600,45,12,0
2015,600,46,33,3
2015,600,47,14,0
2015,600,48,18,0
2015,600,49,32,0
2015,600,50,18,0
2015,600,51,18,0
2015,600,52,12,0
2015,600,53,5,0
2015,700,1,11,0
2015,700,2,14,0
2015,700,3,20,0
2015,700,4,12,0
2015,700,5,9,0
2015,700,6,53,0
2015,700,7,23,0
2015,700,8,22,0
2015,700,9,17,0
2015,700,10,21,0
2015,700,11,15,0
2015,700,12,26,0
2015,700,13,12,0
2015,700,14,13,0
2015,700,15,9,0
2015,700,16,7,0
2015,700,17,13,0
2015,700,18,11,0
2015,700,19,15,1
2015,700,20,9,0
2015,700,21,7,0
2015,700,22,4,0
2015,700,23,11,0
2015,700,24,3,0
2015,700,25,12,0
2015,700,26,5,0
2015,700,27,5,0
2015,700,28,5,1
2015,700,29,14,0
2015,700,30,7,0
2015,700,31,4,0
2015,700,32,11,0
2015,700,33,13,0
2015,700,34,6,0
2015,700,35,6,0
2015,700,36,14,0
2015,700,37,1,0
2015,700,38,7,0
2015,700,39,1,0
2015,700,40,3,0
2015,700,41,9,0
2015,700,42,3,0
2015,700,43,18,2
2015,700,44,13,2
2015,700,45,7,0
2015,700,46,2,0
2015,700,47,11,0
2015,700,48,12,0
2015,700,49,23,0
2015,700,50,9,0
2015,700,51,20,0
2015,700,52,10,0
2015,700,53,5,0
2015,800,1,20,0
2015,800,2,18,0
2015,800,3,9,0
2015,800,4,19,0
2015,800,5,8,0
2015,800,6,11,0
2015,800,7,16,0
2015,800,8,12,0
2015,800,9,16,0
2015,800,10,9,0
2015,800,11,12,0
2015,800,12,13,0
2015,800,13,13,0
2015,800,14,10,0
2015,800,15,10,0
2015,800,16,7,0
2015,800,17,10,0
2015,800,18,2,0
2015,800,19,14,0
2015,800,20,11,0
2015,800,21,6,0
2015,800,22,7,0
2015,800,23,10,0
2015,800,24,1,0
2015,800,25,6,0
2015,800,26,8,0
2015,800,27,1,0
2015,800,28,5,0
2015,800,29,8,0
2015,800,30,7,1
2015,800,31,8,2
2015,800,32,6,0
2015,800,33,4,1
2015,800,34,3,0
2015,800,35,4,0
2015,800,36,8,0
2015,800,37,7,0
2015,800,38,9,0
2015,800,39,2,1
2015,800,40,2,0
2015,800,41,15,0
2015,800,42,9,0
2015,800,43,9,0
2015,800,44,6,0
2015,800,45,27,0
2015,800,46,7,0
2015,800,47,14,0
2015,800,48,14,0
2015,800,49,15,0
2015,800,50,7,0
2015,800,51,8,0
2015,800,52,7,0
2015,800,53,3,0
2015,900,1,27,0
2015,900,2,16,0
2015,900,3,14,0
2015,900,4,15,1
2015,900,5,34,0
2015,900,6,25,0
2015,900,7,27,0
2015,900,8,24,0
2015,900,9,23,0
2015,900,10,16,0
2015,900,11,14,0
2015,900,12,9,1
2015,900,13,9,1
2015,900,14,12,0
2015,900,15,6,0
2015,900,16,16,0
2015,900,17,8,0
2015,900,18,3,0
2015,900,19,7,0
2015,900,20,3,0
2015,900,22,3,0
2015,900,23,6,0
2015,900,24,3,0
2015,900,25,1,0
2015,900,26,12,0
2015,900,27,2,0
2015,900,28,4,0
2015,900,29,5,0
2015,900,30,6,0
2015,900,32,11,0
2015,900,33,2,0
2015,900,34,4,0
2015,900,35,1,0
2015,900,36,9,0
2015,900,37,6,0
2015,900,38,3,0
2015,900,39,3,0
2015,900,40,5,0
2015,900,41,6,0
2015,900,42,14,0
2015,900,43,11,0
2015,900,44,6,0
2015,900,45,10,0
2015,900,46,13,0
2015,900,47,10,0
2015,900,48,19,0
2015,900,49,20,0
2015,900,50,12,0
2015,900,51,27,2
2015,900,52,14,0
2015,1000,1,8,0
2015,1000,2,13,0
2015,1000,3,9,0
2015,1000,4,15,0
2015,1000,5,15,0
2015,1000,6,6,0
2015,1000,7,6,0
2015,1000,8,13,0
2015,1000,9,19,0
2015,1000,10,14,0
2015,1000,11,31,0
2015,1000,12,9,2
2015,1000,13,9,1
2015,1000,14,6,0
2015,1000,15,4,0
2015,1000,16,9,2
2015,1000,17,7,2
2015,1000,18,7,0
2015,1000,19,14,1
2015,1000,20,10,0
2015,1000,21,6,0
2015,1000,22,4,0
2015,1000,23,5,0
2015,1000,24,3,1
2015,1000,25,3,0
2015,1000,26,4,0
2015,1000,27,1,0
2015,1000,28,9,0
2015,1000,29,7,0
2015,1000,30,9,0
2015,1000,31,8,0
2015,1000,32,4,0
2015,1000,33,10,0
2015,1000,34,2,0
2015,1000,35,2,0
2015,1000,36,3,0
2015,1000,37,13,0
2015,1000,38,11,0
2015,1000,39,6,0
2015,1000,40,9,2
2015,1000,41,7,1
2015,1000,42,14,1
2015,1000,43,5,2
2015,1000,44,3,0
2015,1000,45,7,0
2015,1000,46,18,0
2015,1000,47,3,0
2015,1000,48,8,0
2015,1000,49,5,0
2015,1000,50,14,0
2015,1000,51,17,0
2015,1000,52,19,0
2015,1100,1,31,0
2015,1100,2,30,0
2015,1100,3,20,0
2015,1100,4,33,0
2015,1100,5,36,0
2015,1100,6,42,1
2015,1100,7,69,0
2015,1100,8,57,0
2015,1100,9,44,0
2015,1100,10,54,0
2015,1100,11,41,0
2015,1100,12,18,1
2015,1100,13,42,0
2015,1100,14,28,1
2015,1100,15,39,0
2015,1100,16,39,0
2015,1100,17,45,2
2015,1100,18,27,0
2015,1100,19,29,0
2015,1100,20,22,0
2015,1100,21,21,0
2015,1100,22,22,0
2015,1100,23,25,0
2015,1100,24,19,0
2015,1100,25,26,1
2015,1100,26,25,1
2015,1100,27,14,0
2015,1100,28,14,0
2015,1100,29,23,0
2015,1100,30,16,0
2015,1100,31,24,0
2015,1100,32,26,0
2015,1100,33,27,0
2015,1100,34,23,0
2015,1100,35,16,0
2015,1100,36,15,0
2015,1100,37,21,0
2015,1100,38,33,0
2015,1100,39,22,0
2015,1100,40,32,2
2015,1100,41,26,0
2015,1100,42,28,0
2015,1100,43,29,1
2015,1100,44,23,0
2015,1100,45,20,0
2015,1100,46,26,0
2015,1100,47,17,0
2015,1100,48,19,0
2015,1100,49,32,0
2015,1100,50,24,0
2015,1100,51,28,0
2015,1100,52,20,0
2015,1100,53,3,0
2015,1200,1,34,0
2015,1200,2,29,0
2015,1200,3,11,0
2015,1200,4,24,0
2015,1200,5,41,0
2015,1200,6,25,0
2015,1200,7,45,0
2015,1200,8,25,0
2015,1200,9,27,0
2015,1200,10,25,0
2015,1200,11,11,0
2015,1200,12,17,0
2015,1200,13,17,2
2015,1200,14,14,1
2015,1200,15,15,0
2015,1200,16,17,0
2015,1200,17,22,3
2015,1200,18,10,0
2015,1200,19,12,0
2015,1200,20,5,0
2015,1200,21,12,1
2015,1200,22,6,0
2015,1200,23,11,0
2015,1200,24,7,0
2015,1200,25,4,0
2015,1200,26,5,0
2015,1200,27,6,1
2015,1200,28,11,0
2015,1200,29,10,0
2015,1200,30,8,0
2015,1200,31,15,1
2015,1200,32,10,0
2015,1200,33,12,0
2015,1200,34,7,0
2015,1200,35,9,0
2015,1200,36,13,0
2015,1200,37,12,0
2015,1200,38,14,0
2015,1200,39,11,0
2015,1200,40,20,0
2015,1200,41,15,0
2015,1200,42,15,0
2015,1200,43,14,0
2015,1200,44,11,0
2015,1200,45,14,0
2015,1200,46,10,0
2015,1200,47,18,0
2015,1200,48,19,0
2015,1200,49,10,0
2015,1200,50,11,0
2015,1200,51,12,0
2015,1200,52,17,0
2015,1200,53,2,0
2015,1300,1,9,0
2015,1300,2,24,0
2015,1300,3,20,0
2015,1300,4,23,1
2015,1300,5,10,0
2015,1300,6,19,0
2015,1300,7,18,0
2015,1300,8,18,0
2015,1300,9,23,0
2015,1300,10,23,1
2015,1300,11,16,1
2015,1300,12,12,3
2015,1300,13,10,1
2015,1300,14,8,1
2015,1300,15,8,1
2015,1300,16,7,1
2015,1300,17,10,4
2015,1300,18,14,0
2015,1300,19,19,4
2015,1300,20,3,0
2015,1300,21,3,1
2015,1300,22,8,1
2015,1300,23,2,0
2015,1300,25,6,1
2015,1300,26,1,0
2015,1300,27,3,1
2015,1300,28,4,2
2015,1300,29,12,3
2015,1300,30,15,6
2015,1300,31,10,2
2015,1300,32,4,0
2015,1300,33,15,0
2015,1300,34,11,0
2015,1300,35,3,0
2015,1300,36,9,0
2015,1300,37,7,0
2015,1300,38,12,0
2015,1300,39,12,0
2015,1300,40,9,1
2015,1300,41,11,3
2015,1300,42,10,0
2015,1300,43,10,0
2015,1300,44,6,0
2015,1300,45,14,0
2015,1300,46,13,0
2015,1300,47,11,0
2015,1300,48,9,1
2015,1300,49,12,0
2015,1300,50,10,0
2015,1300,51,17,0
2015,1300,52,12,0
2015,1300,53,2,0
2015,1400,1,20,0
2015,1400,2,56,0
2015,1400,3,24,0
2015,1400,4,19,0
2015,1400,5,19,1
2015,1400,6,33,0
2015,1400,7,27,0
2015,1400,8,19,1
2015,1400,9,15,0
2015,1400,10,15,1
2015,1400,11,22,2
2015,1400,12,23,5
2015,1400,13,13,1
2015,1400,14,17,1
2015,1400,15,27,1
2015,1400,16,15,3
2015,1400,17,15,2
2015,1400,18,13,0
2015,1400,19,16,0
2015,1400,20,3,0
2015,1400,21,5,0
2015,1400,22,21,6
2015,1400,23,9,2
2015,1400,24,7,2
2015,1400,25,4,0
2015,1400,26,5,0
2015,1400,27,13,0
2015,1400,28,10,0
2015,1400,29,9,1
2015,1400,30,12,4
2015,1400,31,15,1
2015,1400,32,10,2
2015,1400,33,28,0
2015,1400,34,11,0
2015,1400,35,7,1
2015,1400,36,5,0
2015,1400,37,6,0
2015,1400,38,7,0
2015,1400,39,31,0
2015,1400,40,10,1
2015,1400,41,4,0
2015,1400,42,6,1
2015,1400,43,9,0
2015,1400,44,7,0
2015,1400,45,8,0
2015,1400,46,11,0
2015,1400,47,5,0
2015,1400,48,2,0
2015,1400,49,12,0
2015,1400,50,9,0
2015,1400,51,4,0
2015,1400,52,10,0
2015,1500,1,71,0
2015,1500,2,69,0
2015,1500,3,62,0
2015,1500,4,62,0
2015,1500,5,46,0
2015,1500,6,75,0
2015,1500,7,77,0
2015,1500,8,53,0
2015,1500,9,68,0
2015,1500,10,45,1
2015,1500,11,49,0
2015,1500,12,67,4
2015,1500,13,53,3
2015,1500,14,53,1
2015,1500,15,58,2
2015,1500,16,56,2
2015,1500,17,41,1
2015,1500,18,51,0
2015,1500,19,45,1
2015,1500,20,38,2
2015,1500,21,27,0
2015,1500,22,28,1
2015,1500,23,16,2
2015,1500,24,44,1
2015,1500,25,35,0
2015,1500,26,52,0
2015,1500,27,58,0
2015,1500,28,36,1
2015,1500,29,29,1
2015,1500,30,44,1
2015,1500,31,47,1
2015,1500,32,28,0
2015,1500,33,56,0
2015,1500,34,40,0
2015,1500,35,27,0
2015,1500,36,3,0
2015,1500,37,2,0
2015,1500,38,1,0
2015,1500,39,5,0
2015,1500,40,8,1
2015,1500,41,2,1
2015,1500,42,5,0
2015,1500,43,3,1
2015,1500,44,3,0
2015,1500,45,1,0
2015,1500,46,4,0
2015,1500,47,7,0
2015,1500,48,4,0
2015,1500,49,13,0
2015,1500,50,8,0
2015,1500,51,15,0
2015,1500,52,12,0
2015,1500,53,2,0
2015,1600,1,7,0
2015,1600,2,20,0
2015,1600,3,6,0
2015,1600,4,13,0
2015,1600,5,6,0
2015,1600,6,2,0
2015,1600,7,1,0
2015,1600,8,3,0
2015,1600,9,14,2
2015,1600,10,3,0
2015,1600,11,6,1
2015,1600,12,9,2
2015,1600,13,4,0
2015,1600,14,2,0
2015,1600,15,8,0
2015,1600,16,12,1
2015,1600,17,8,1
2015,1600,18,3,0
2015,1600,19,7,1
2015,1600,21,2,0
2015,1600,22,1,0
2015,1600,23,3,0
2015,1600,24,2,0
2015,1600,25,2,0
2015,1600,26,3,0
2015,1600,27,3,0
2015,1600,28,8,0
2015,1600,29,1,0
2015,1600,30,5,0
2015,1600,31,2,0
2015,1600,32,10,0
2015,1600,33,17,0
2015,1600,34,3,1
2015,1600,35,2,0
2015,1600,36,1,0
2015,1600,37,4,0
2015,1600,38,6,0
2015,1600,39,1,0
2015,1600,40,4,0
2015,1600,41,3,0
2015,1600,42,1,0
2015,1600,43,3,0
2015,1600,44,2,0
2015,1600,45,1,0
2015,1600,46,3,0
2015,1600,47,4,0
2015,1600,49,6,0
2015,1600,50,9,1
2015,1600,51,3,0
2015,1600,52,4,0
2015,1600,53,1,0
2015,1700,1,1,0
2015,1700,2,2,0
2015,1700,3,5,0
2015,1700,4,3,0
2015,1700,5,6,0
2015,1700,6,3,0
2015,1700,7,3,0
2015,1700,8,3,0
2015,1700,9,3,0
2015,1700,10,2,0
2015,1700,11,9,0
2015,1700,12,3,0
2015,1700,13,1,0
2015,1700,14,5,0
2015,1700,15,4,2
2015,1700,17,4,0
2015,1700,18,2,0
2015,1700,19,3,0
2015,1700,20,1,0
2015,1700,21,2,0
2015,1700,22,9,0
2015,1700,24,1,0
2015,1700,25,1,0
2015,1700,28,1,0
2015,1700,29,2,0
2015,1700,30,3,0
2015,1700,31,2,1
2015,1700,32,2,0
2015,1700,33,3,0
2015,1700,35,1,0
2015,1700,36,3,0
2015,1700,38,3,0
2015,1700,41,1,0
2015,1700,42,4,0
2015,1700,43,1,0
2015,1700,44,1,0
2015,1700,45,5,0
2015,1700,46,5,0
2015,1700,47,2,0
2015,1700,49,2,0
2015,1700,50,3,0
2015,1700,51,1,0
2015,1700,52,1,0
2015,1700,53,1,0
2015,1800,1,2,0
2015,1800,2,2,0
2015,1800,3,3,0
2015,1800,4,1,0
2015,1800,5,6,1
2015,1800,6,3,0
2015,1800,8,3,0
2015,1800,9,3,1
2015,1800,10,1,0
2015,1800,11,9,0
2015,1800,12,2,0
2015,1800,14,1,0
2015,1800,15,1,1
2015,1800,16,4,1
2015,1800,18,1,0
2015,1800,19,4,1
2015,1800,22,1,0
2015,1800,23,1,0
2015,1800,24,1,0
2015,1800,25,2,0
2015,1800,27,1,0
2015,1800,29,1,0
2015,1800,31,2,0
2015,1800,32,1,0
2015,1800,33,1,0
2015,1800,35,2,0
2015,1800,36,1,0
2015,1800,38,5,0
2015,1800,40,1,0
2015,1800,42,1,0
2015,1800,46,3,0
2015,1800,47,2,0
2015,1800,48,2,0
2015,1800,49,2,0
2015,1800,50,4,0
2015,1800,51,2,0
2015,1800,52,6,2
2015,1900,1,2,0
2015,1900,2,1,0
2015,1900,3,6,0
2015,1900,4,1,0
2015,1900,5,3,0
2015,1900,6,3,0
2015,1900,7,3,0
2015,1900,8,5,0
2015,1900,9,2,0
2015,1900,11,2,0
2015,1900,14,1,0
2015,1900,16,3,0
2015,1900,17,1,0
2015,1900,18,6,1
2015,1900,19,5,1
2015,1900,22,1,0
2015,1900,23,4,4
2015,1900,25,4,1
2015,1900,26,3,0
2015,1900,27,2,2
2015,1900,28,2,1
2015,1900,32,1,0
2015,1900,33,4,0
2015,1900,35,2,0
2015,1900,36,2,0
2015,1900,37,4,0
2015,1900,38,2,0
2015,1900,39,1,0
2015,1900,40,2,0
2015,1900,42,2,0
2015,1900,43,1,0
2015,1900,45,2,0
2015,1900,47,1,0
2015,1900,49,1,0
2015,1900,50,2,0
2015,1900,51,3,0
2015,2000,3,2,0
2015,2000,5,11,0
2015,2000,6,5,0
2015,2000,11,2,0
2015,2000,13,5,0
2015,2000,28,1,0
2015,2000,31,1,0
2015,2000,35,1,0
2015,2000,36,1,0
2015,2000,37,1,0
2015,2000,40,1,0
2015,2000,42,1,0
2015,2000,43,2,0
2015,2000,45,1,0
2015,2000,48,1,0
2015,2000,51,2,0
2015,2000,52,6,0
2015,2100,1,2,0
2015,2100,2,3,0
2015,2100,3,6,0
2015,2100,4,4,0
2015,2100,5,3,0
2015,2100,6,4,0
2015,2100,7,1,0
2015,2100,8,6,2
2015,2100,9,6,1
2015,2100,10,3,3
2015,2100,11,3,0
2015,2100,12,3,0
2015,2100,14,3,0
2015,2100,16,2,1
2015,2100,17,1,0
2015,2100,18,1,1
2015,2100,19,1,0
2015,2100,20,2,1
2015,2100,21,1,0
2015,2100,22,2,0
2015,2100,26,2,1
2015,2100,28,1,0
2015,2100,30,1,0
2015,2100,31,1,0
2015,2100,32,3,0
2015,2100,33,3,0
2015,2100,35,1,0
2015,2100,36,5,2
2015,2100,37,1,0
2015,2100,42,2,0
2015,2100,47,1,0
2015,2100,48,2,0
2015,2100,50,1,0
2015,2100,51,1,0
2015,2200,1,2,0
2015,2200,2,1,0
2015,2200,4,4,0
2015,2200,5,4,0
2015,2200,6,2,0
2015,2200,8,2,0
2015,2200,9,5,0
2015,2200,10,4,0
2015,2200,12,1,0
2015,2200,13,3,0
2015,2200,15,4,0
2015,2200,16,1,1
2015,2200,18,2,1
2015,2200,19,1,1
2015,2200,20,1,0
2015,2200,22,2,0
2015,2200,28,1,0
2015,2200,32,2,0
2015,2200,33,1,0
2015,2200,36,2,0
2015,2200,37,1,0
2015,2200,41,1,0
2015,2200,42,3,0
2015,2200,45,1,0
2015,2200,48,1,0
2015,2200,50,1,0
2015,2200,52,1,0
2015,2300,1,21,0
2015,2300,2,10,0
2015,2300,3,11,0
2015,2300,4,8,0
2015,2300,5,16,0
2015,2300,6,16,0
2015,2300,7,18,0
2015,2300,8,26,0
2015,2300,9,20,0
2015,2300,10,19,0
2015,2300,11,29,0
2015,2300,12,6,0
2015,2300,13,1,0
2015,2300,14,5,0
2015,2300,15,12,0
2015,2300,16,12,0
2015,2300,17,5,0
2015,2300,18,3,0
2015,2300,19,6,0
2015,2300,20,5,0
2015,2300,21,5,0
2015,2300,22,5,0
2015,2300,24,1,0
2015,2300,25,1,0
2015,2300,26,2,0
2015,2300,27,1,0
2015,2300,28,5,0
2015,2300,30,7,0
2015,2300,31,2,0
2015,2300,32,3,0
2015,2300,33,3,0
2015,2300,36,7,0
2015,2300,37,3,0
2015,2300,38,1,0
2015,2300,39,9,0
2015,2300,40,1,0
2015,2300,41,8,0
2015,2300,42,5,0
2015,2300,43,3,0
2015,2300,45,16,0
2015,2300,46,4,0
2015,2300,47,15,0
2015,2300,48,10,0
2015,2300,49,8,0
2015,2300,50,3,0
2015,2300,52,9,0
2015,2300,53,2,0
2015,2400,1,1,0
2015,2400,2,2,0
2015,2400,3,1,0
2015,2400,4,4,0
2015,2400,5,5,0
2015,2400,6,5,0
2015,2400,7,2,0
2015,2400,8,3,0
2015,2400,9,2,0
2015,2400,10,2,0
2015,2400,11,5,0
2015,2400,12,1,0
2015,2400,17,2,1
2015,2400,18,3,0
2015,2400,29,2,0
2015,2400,30,1,0
2015,2400,31,1,0
2015,2400,33,1,1
2015,2400,36,1,1
2015,2400,37,1,0
2015,2400,41,1,0
2015,2400,42,1,0
2015,2400,44,2,0
2015,2400,46,1,0
2015,2400,47,1,0
2015,2400,49,2,0
2015,2400,51,1,0
2016,0,1,192,3
2016,0,2,203,1
2016,0,3,236,7
2016,0,4,202,3
2016,0,5,178,0
2016,0,6,234,1
2016,0,7,215,1
2016,0,8,236,2
2016,0,9,274,0
2016,0,10,280,0
2016,0,11,290,0
2016,0,12,239,1
2016,0,13,191,0
2016,0,14,146,0
2016,0,15,193,0
2016,0,16,138,0
2016,0,17,75,0
2016,0,18,42,0
2016,0,19,55,0
2016,0,20,102,1
2016,0,21,53,0
2016,0,22,58,0
2016,0,23,41,0
2016,0,24,54,0
2016,0,25,69,0
2016,0,26,59,0
2016,0,27,75,0
2016,0,28,121,0
2016,0,29,72,1
2016,0,30,91,0
2016,0,31,69,0
2016,0,32,64,0
2016,0,33,41,2
2016,0,34,90,7
2016,0,35,55,3
2016,0,36,53,0
2016,0,37,77,0
2016,0,38,87,0
2016,0,39,75,0
2016,0,40,54,0
2016,0,41,81,2
2016,0,42,107,0
2016,0,43,67,0
2016,0,44,50,0
2016,0,45,107,0
2016,0,46,109,0
2016,0,47,55,0
2016,0,48,139,3
2016,0,49,120,1
2016,0,50,158,2
2016,0,51,178,0
2016,0,52,198,0
2016,0,53,45,0
2016,100,1,37,0
2016,100,2,35,0
2016,100,3,61,2
2016,100,4,47,0
2016,100,5,68,0
2016,100,6,53,1
2016,100,7,33,0
2016,100,8,31,0
2016,100,9,54,1
2016,100,10,36,0
2016,100,11,57,0
2016,100,12,57,0
2016,100,13,35,0
2016,100,14,47,0
2016,100,15,61,0
2016,100,16,46,0
2016,100,17,18,0
2016,100,18,31,0
2016,100,19,14,0
2016,100,20,15,0
2016,100,21,8,0
2016,100,22,11,0
2016,100,23,21,0
2016,100,24,20,0
2016,100,25,18,0
2016,100,26,25,0
2016,100,27,22,0
2016,100,28,21,0
2016,100,29,16,0
2016,100,30,27,0
2016,100,31,13,0
2016,100,32,18,0
2016,100,33,7,0
2016,100,34,16,0
2016,100,35,13,0
2016,100,36,15,0
2016,100,37,15,0
2016,100,38,12,0
2016,100,39,24,0
2016,100,40,15,0
2016,100,41,31,0
2016,100,42,26,0
2016,100,43,12,0
2016,100,44,13,0
2016,100,45,19,0
2016,100,46,33,0
2016,100,47,19,0
2016,100,48,33,0
2016,100,49,51,0
2016,100,50,34,0
2016,100,51,20,0
2016,100,52,33,0
2016,100,53,14,0
2016,200,1,26,0
2016,200,2,16,0
2016,200,3,10,0
2016,200,4,20,0
2016,200,5,22,0
2016,200,6,26,0
2016,200,7,24,0
2016,200,8,15,0
2016,200,9,23,0
2016,200,10,15,0
2016,200,11,13,1
2016,200,12,31,0
2016,200,13,15,0
2016,200,14,9,0
2016,200,15,17,0
2016,200,16,15,1
2016,200,17,13,1
2016,200,18,9,0
2016,200,19,9,0
2016,200,20,10,0
2016,200,21,12,0
2016,200,22,14,0
2016,200,23,8,0
2016,200,24,9,0
2016,200,25,6,0
2016,200,26,9,0
2016,200,27,12,0
2016,200,28,5,0
2016,200,29,4,0
2016,200,30,8,0
2016,200,31,10,0
2016,200,32,13,0
2016,200,33,8,0
2016,200,34,7,0
2016,200,35,3,0
2016,200,36,5,0
2016,200,37,3,0
2016,200,38,10,0
2016,200,39,10,0
2016,200,40,13,0
2016,200,41,23,0
2016,200,42,16,0
2016,200,43,18,0
2016,200,44,12,0
2016,200,45,12,0
2016,200,46,17,0
2016,200,47,10,0
2016,200,48,11,0
2016,200,49,18,0
2016,200,50,14,1
2016,200,51,15,0
2016,200,52,25,0
2016,200,53,8,0
2016,300,1,12,0
2016,300,2,11,0
2016,300,3,12,0
2016,300,4,10,0
2016,300,5,18,0
2016,300,6,13,0
2016,300,7,12,0
2016,300,8,8,0
2016,300,9,8,0
2016,300,10,15,0
2016,300,11,17,0
2016,300,12,15,0
2016,300,13,12,0
2016,300,14,10,0
2016,300,15,10,0
2016,300,16,7,0
2016,300,17,12,0
2016,300,18,2,0
2016,300,19,7,0
2016,300,20,4,0
2016,300,21,4,0
2016,300,22,2,0
2016,300,23,2,0
2016,300,24,6,0
2016,300,25,12,0
2016,300,26,2,0
2016,300,27,3,0
2016,300,28,4,0
2016,300,30,3,0
2016,300,32,2,0
2016,300,33,5,0
2016,300,34,1,0
2016,300,35,3,0
2016,300,36,2,0
2016,300,37,1,0
2016,300,38,3,0
2016,300,39,4,0
2016,300,40,4,0
2016,300,41,9,0
2016,300,42,3,0
2016,300,43,4,0
2016,300,44,4,0
2016,300,45,7,0
2016,300,46,2,0
2016,300,47,1,0
2016,300,48,4,0
2016,300,49,34,0
2016,300,50,16,0
2016,300,51,12,0
2016,300,52,18,0
2016,300,53,5,0
2016,400,1,13,0
2016,400,2,13,0
2016,400,3,13,0
2016,400,4,6,0
2016,400,5,9,0
2016,400,6,17,0
2016,400,7,18,0
2016,400,8,7,0
2016,400,9,14,0
2016,400,10,8,0
2016,400,11,11,0
2016,400,12,16,0
2016,400,13,13,0
2016,400,14,4,0
2016,400,15,6,0
2016,400,16,12,0
2016,400,17,7,0
2016,400,18,5,0
2016,400,19,2,0
2016,400,20,9,0
2016,400,21,1,0
2016,400,22,6,0
2016,400,23,1,0
2016,400,24,3,0
2016,400,25,6,0
2016,400,26,5,0
2016,400,27,1,0
2016,400,28,8,0
2016,400,29,7,0
2016,400,31,3,0
2016,400,32,3,0
2016,400,33,2,0
2016,400,34,5,0
2016,400,35,8,0
2016,400,36,4,0
2016,400,37,6,0
2016,400,38,9,0
2016,400,39,3,0
2016,400,40,8,0
2016,400,41,9,0
2016,400,42,8,0
2016,400,43,4,0
2016,400,44,5,0
2016,400,45,3,0
2016,400,46,7,0
2016,400,47,3,0
2016,400,48,8,0
2016,400,49,16,0
2016,400,50,13,0
2016,400,51,8,1
2016,400,52,11,0
2016,400,53,11,0
2016,500,1,20,0
2016,500,2,39,0
2016,500,3,41,0
2016,500,4,60,0
2016,500,5,29,0
2016,500,6,35,0
2016,500,7,47,1
2016,500,8,23,0
2016,500,9,21,0
2016,500,10,25,0
2016,500,11,21,0
2016,500,12,29,0
2016,500,13,38,0
2016,500,14,35,0
2016,500,15,38,0
2016,500,16,30,0
2016,500,17,16,0
2016,500,18,8,0
2016,500,19,16,0
2016,500,20,23,0
2016,500,21,7,0
2016,500,22,13,0
2016,500,23,14,0
2016,500,24,9,0
2016,500,25,17,0
2016,500,26,12,0
2016,500,27,23,0
2016,500,28,9,0
2016,500,29,19,0
2016,500,30,18,0
2016,500,31,5,0
2016,500,32,5,0
2016,500,33,17,0
2016,500,34,13,0
2016,500,35,9,0
2016,500,36,11,0
2016,500,37,10,0
2016,500,38,28,0
2016,500,39,36,1
2016,500,40,20,0
2016,500,41,23,0
2016,500,42,39,0
2016,500,43,17,0
2016,500,44,14,0
2016,500,45,18,0
2016,500,46,18,0
2016,500,47,16,0
2016,500,48,9,0
2016,500,49,34,1
2016,500,50,16,0
2016,500,51,47,0
2016,500,52,23,0
2016,500,53,8,0
2016,600,1,33,0
2016,600,2,41,0
2016,600,3,44,0
2016,600,4,40,0
2016,600,5,46,1
2016,600,6,39,0
2016,600,7,41,1
2016,600,8,23,1
2016,600,9,32,1
2016,600,10,41,7
2016,600,11,47,6
2016,600,12,31,0
2016,600,13,63,1
2016,600,14,50,0
2016,600,15,28,0
2016,600,16,31,0
2016,600,17,15,0
2016,600,18,14,0
2016,600,19,10,0
2016,600,20,19,0
2016,600,21,8,0
2016,600,22,19,0
2016,600,23,14,0
2016,600,24,11,0
2016,600,25,19,0
2016,600,26,18,1
2016,600,27,20,0
2016,600,28,21,0
2016,600,29,27,0
2016,600,30,31,0
2016,600,31,16,0
2016,600,32,37,4
2016,600,33,12,1
2016,600,34,28,0
2016,600,35,22,1
2016,600,36,23,0
2016,600,37,12,0
2016,600,38,27,2
2016,600,39,19,1
2016,600,40,26,0
2016,600,41,24,0
2016,600,42,32,2
2016,600,43,31,0
2016,600,44,42,0
2016,600,45,38,0
2016,600,46,27,3
2016,600,47,29,1
2016,600,48,30,0
2016,600,49,36,2
2016,600,50,27,1
2016,600,51,35,0
2016,600,52,40,0
2016,600,53,21,0
2016,700,1,29,0
2016,700,2,11,0
2016,700,3,26,0
2016,700,4,38,1
2016,700,5,29,0
2016,700,6,23,0
2016,700,7,20,0
2016,700,8,17,0
2016,700,9,15,0
2016,700,10,9,0
2016,700,11,30,0
2016,700,12,27,0
2016,700,13,38,0
2016,700,14,15,0
2016,700,15,25,0
2016,700,16,14,0
2016,700,17,21,0
2016,700,18,10,0
2016,700,19,15,0
2016,700,20,15,0
2016,700,21,7,1
2016,700,22,11,0
2016,700,23,8,0
2016,700,24,4,0
2016,700,25,4,0
2016,700,26,5,0
2016,700,27,2,0
2016,700,28,8,0
2016,700,29,5,0
2016,700,30,13,1
2016,700,31,9,1
2016,700,32,12,1
2016,700,33,9,0
2016,700,34,10,1
2016,700,35,8,0
2016,700,36,24,0
2016,700,37,6,0
2016,700,38,8,1
2016,700,39,6,0
2016,700,40,11,1
2016,700,41,17,2
2016,700,42,29,3
2016,700,43,15,1
2016,700,44,7,0
2016,700,45,7,0
2016,700,46,21,0
2016,700,47,12,0
2016,700,48,2,0
2016,700,49,16,4
2016,700,50,14,0
2016,700,51,16,0
2016,700,52,18,0
2016,700,53,10,0
2016,800,1,22,0
2016,800,2,29,0
2016,800,3,13,0
2016,800,4,23,0
2016,800,5,24,0
2016,800,6,14,0
2016,800,7,24,0
2016,800,8,29,0
2016,800,9,24,0
2016,800,10,16,0
2016,800,11,31,1
2016,800,12,42,0
2016,800,13,24,0
2016,800,14,23,0
2016,800,15,11,0
2016,800,16,19,1
2016,800,17,19,1
2016,800,18,7,0
2016,800,19,6,0
2016,800,20,19,0
2016,800,21,4,0
2016,800,22,13,0
2016,800,23,14,0
2016,800,24,4,0
2016,800,25,5,0
2016,800,26,10,0
2016,800,27,13,0
2016,800,28,8,0
2016,800,29,26,0
2016,800,30,10,0
2016,800,31,7,0
2016,800,32,3,0
2016,800,33,11,0
2016,800,34,5,0
2016,800,35,4,0
2016,800,36,4,0
2016,800,37,13,0
2016,800,38,16,0
2016,800,39,9,0
2016,800,40,17,0
2016,800,41,9,0
2016,800,42,9,0
2016,800,43,6,0
2016,800,44,19,0
2016,800,45,20,0
2016,800,46,16,0
2016,800,47,6,0
2016,800,48,12,0
2016,800,49,15,0
2016,800,50,7,0
2016,800,51,10,0
2016,800,52,6,0
2016,800,53,4,0
2016,900,1,29,0
2016,900,2,40,0
2016,900,3,36,0
2016,900,4,18,0
2016,900,5,30,1
2016,900,6,17,0
2016,900,7,27,0
2016,900,8,19,0
2016,900,9,38,0
2016,900,10,33,0
2016,900,11,37,1
2016,900,12,36,2
2016,900,13,37,0
2016,900,14,23,0
2016,900,15,39,0
2016,900,16,10,0
2016,900,17,7,0
2016,900,18,10,1
2016,900,19,5,1
2016,900,20,15,0
2016,900,21,4,0
2016,900,22,10,0
2016,900,23,4,0
2016,900,24,8,0
2016,900,25,9,0
2016,900,26,3,0
2016,900,27,14,0
2016,900,28,5,0
2016,900,29,5,0
2016,900,30,8,0
2016,900,31,6,0
2016,900,32,4,0
2016,900,33,3,0
2016,900,34,5,0
2016,900,35,4,0
2016,900,36,5,0
2016,900,37,21,0
2016,900,38,17,0
2016,900,39,9,0
2016,900,40,13,1
2016,900,41,5,0
2016,900,42,9,0
2016,900,43,1,0
2016,900,44,27,0
2016,900,45,22,0
2016,900,46,14,0
2016,900,47,21,0
2016,900,48,24,0
2016,900,49,17,0
2016,900,50,21,0
2016,900,51,31,0
2016,900,52,11,0
2016,900,53,6,0
2016,1000,1,11,0
2016,1000,2,19,0
2016,1000,3,12,0
2016,1000,4,16,0
2016,1000,5,18,3
2016,1000,6,12,0
2016,1000,7,14,0
2016,1000,8,21,0
2016,1000,9,26,3
2016,1000,10,38,10
2016,1000,11,22,3
2016,1000,12,20,5
2016,1000,13,17,6
2016,1000,14,16,1
2016,1000,15,11,0
2016,1000,16,11,4
2016,1000,17,6,1
2016,1000,18,7,0
2016,1000,19,3,0
2016,1000,20,13,1
2016,1000,21,5,0
2016,1000,22,3,0
2016,1000,23,11,0
2016,1000,24,3,1
2016,1000,25,4,1
2016,1000,26,3,0
2016,1000,27,8,0
2016,1000,28,15,6
2016,1000,29,7,0
2016,1000,30,6,0
2016,1000,31,7,0
2016,1000,32,5,0
2016,1000,33,10,0
2016,1000,34,6,0
2016,1000,35,9,1
2016,1000,36,16,0
2016,1000,37,23,1
2016,1000,38,13,1
2016,1000,39,21,0
2016,1000,40,10,0
2016,1000,41,5,0
2016,1000,42,13,0
2016,1000,43,13,0
2016,1000,44,20,0
2016,1000,45,13,0
2016,1000,46,13,0
2016,1000,47,10,0
2016,1000,48,13,0
2016,1000,49,28,0
2016,1000,50,8,0
2016,1000,51,22,1
2016,1000,52,32,0
2016,1000,53,6,0
2016,1100,1,36,0
2016,1100,2,64,0
2016,1100,3,58,0
2016,1100,4,47,0
2016,1100,5,63,0
2016,1100,6,47,0
2016,1100,7,56,0
2016,1100,8,54,0
2016,1100,9,55,1
2016,1100,10,55,0
2016,1100,11,66,0
2016,1100,12,75,0
2016,1100,13,30,0
2016,1100,14,38,0
2016,1100,15,33,0
2016,1100,16,51,2
2016,1100,17,24,0
2016,1100,18,21,0
2016,1100,19,16,0
2016,1100,20,31,1
2016,1100,21,2,0
2016,1100,22,16,0
2016,1100,23,19,0
2016,1100,24,19,0
2016,1100,25,8,0
2016,1100,26,13,0
2016,1100,27,14,0
2016,1100,28,22,0
2016,1100,29,15,1
2016,1100,30,20,0
2016,1100,31,21,0
2016,1100,32,19,0
2016,1100,33,16,0
2016,1100,34,15,0
2016,1100,35,22,0
2016,1100,36,19,0
2016,1100,37,40,0
2016,1100,38,28,0
2016,1100,39,26,0
2016,1100,40,30,0
2016,1100,41,18,0
2016,1100,42,20,0
2016,1100,43,24,0
2016,1100,44,18,0
2016,1100,45,28,0
2016,1100,46,21,0
2016,1100,47,28,0
2016,1100,48,24,0
2016,1100,49,28,0
2016,1100,50,18,0
2016,1100,51,22,0
2016,1100,52,28,0
2016,1100,53,7,0
2016,1200,1,18,0
2016,1200,2,23,0
2016,1200,3,17,0
2016,1200,4,43,0
2016,1200,5,27,0
2016,1200,6,26,0
2016,1200,7,51,0
2016,1200,8,33,0
2016,1200,9,21,0
2016,1200,10,25,2
2016,1200,11,26,0
2016,1200,12,35,0
2016,1200,13,17,0
2016,1200,14,13,1
2016,1200,15,20,0
2016,1200,16,6,0
2016,1200,17,7,0
2016,1200,18,15,0
2016,1200,19,11,1
2016,1200,20,16,1
2016,1200,21,7,0
2016,1200,22,9,1
2016,1200,23,12,0
2016,1200,24,10,0
2016,1200,25,7,0
2016,1200,26,13,0
2016,1200,27,12,0
2016,1200,28,12,1
2016,1200,29,27,1
2016,1200,30,15,0
2016,1200,31,8,0
2016,1200,32,7,0
2016,1200,33,21,0
2016,1200,34,14,1
2016,1200,35,19,0
2016,1200,36,19,0
2016,1200,37,15,0
2016,1200,38,9,0
2016,1200,39,16,0
2016,1200,40,20,0
2016,1200,41,17,0
2016,1200,42,13,0
2016,1200,43,15,0
2016,1200,44,17,0
2016,1200,45,13,0
2016,1200,46,21,0
2016,1200,47,17,0
2016,1200,48,14,0
2016,1200,49,19,0
2016,1200,50,17,0
2016,1200,51,9,1
2016,1200,52,6,0
2016,1200,53,5,0
2016,1300,1,18,0
2016,1300,2,25,0
2016,1300,3,25,0
2016,1300,4,19,0
2016,1300,5,20,0
2016,1300,6,19,0
2016,1300,7,22,0
2016,1300,8,23,0
2016,1300,9,23,1
2016,1300,10,25,5
2016,1300,11,24,7
2016,1300,12,24,4
2016,1300,13,20,4
2016,1300,14,15,2
2016,1300,15,14,0
2016,1300,16,12,1
2016,1300,17,15,2
2016,1300,18,9,2
2016,1300,19,16,3
2016,1300,20,17,0
2016,1300,21,7,2
2016,1300,22,4,0
2016,1300,23,11,1
2016,1300,24,8,4
2016,1300,25,7,3
2016,1300,26,4,0
2016,1300,27,4,0
2016,1300,28,15,6
2016,1300,29,19,1
2016,1300,30,11,3
2016,1300,31,14,5
2016,1300,32,12,1
2016,1300,33,5,0
2016,1300,34,18,3
2016,1300,35,7,0
2016,1300,36,14,1
2016,1300,37,12,0
2016,1300,38,17,1
2016,1300,39,24,3
2016,1300,40,11,2
2016,1300,41,9,0
2016,1300,42,13,0
2016,1300,43,15,0
2016,1300,44,22,0
2016,1300,45,9,0
2016,1300,46,16,1
2016,1300,47,13,0
2016,1300,48,11,0
2016,1300,49,13,0
2016,1300,50,9,0
2016,1300,51,20,0
2016,1300,52,23,0
2016,1300,53,7,0
2016,1400,1,14,1
2016,1400,2,17,5
2016,1400,3,17,2
2016,1400,4,34,2
2016,1400,5,20,2
2016,1400,6,25,1
2016,1400,7,19,3
2016,1400,8,15,4
2016,1400,9,17,0
2016,1400,10,19,5
2016,1400,11,37,10
2016,1400,12,15,3
2016,1400,13,34,12
2016,1400,14,28,9
2016,1400,15,26,5
2016,1400,16,12,2
2016,1400,17,13,2
2016,1400,18,18,5
2016,1400,19,9,6
2016,1400,20,15,2
2016,1400,21,6,2
2016,1400,22,6,2
2016,1400,23,7,4
2016,1400,24,13,6
2016,1400,25,10,6
2016,1400,26,4,1
2016,1400,27,8,5
2016,1400,28,14,7
2016,1400,29,8,2
2016,1400,30,12,7
2016,1400,31,16,9
2016,1400,32,9,1
2016,1400,33,9,2
2016,1400,34,16,6
2016,1400,35,16,6
2016,1400,36,6,2
2016,1400,37,5,1
2016,1400,38,7,0
2016,1400,39,3,0
2016,1400,40,4,1
2016,1400,41,4,0
2016,1400,42,13,0
2016,1400,43,6,0
2016,1400,44,6,0
2016,1400,45,8,0
2016,1400,46,12,0
2016,1400,47,5,0
2016,1400,48,12,0
2016,1400,49,10,0
2016,1400,50,13,0
2016,1400,51,13,0
2016,1400,52,18,0
2016,1400,53,7,0
2016,1500,1,12,0
2016,1500,2,13,0
2016,1500,3,15,2
2016,1500,4,15,0
2016,1500,5,14,0
2016,1500,6,14,0
2016,1500,7,16,0
2016,1500,8,9,1
2016,1500,9,5,0
2016,1500,10,11,5
2016,1500,11,16,9
2016,1500,12,14,5
2016,1500,13,13,9
2016,1500,14,8,3
2016,1500,15,12,2
2016,1500,16,13,5
2016,1500,17,6,2
2016,1500,18,6,1
2016,1500,19,8,3
2016,1500,20,6,0
2016,1500,21,9,3
2016,1500,22,5,2
2016,1500,23,7,2
2016,1500,24,3,1
2016,1500,25,3,1
2016,1500,26,8,2
2016,1500,27,4,0
2016,1500,28,10,0
2016,1500,29,7,0
2016,1500,30,9,2
2016,1500,31,13,2
2016,1500,32,7,0
2016,1500,33,11,0
2016,1500,34,12,0
2016,1500,35,7,0
2016,1500,36,12,0
2016,1500,37,8,0
2016,1500,39,6,0
2016,1500,40,4,0
2016,1500,41,22,0
2016,1500,42,23,1
2016,1500,43,3,0
2016,1500,44,5,0
2016,1500,45,6,0
2016,1500,46,12,0
2016,1500,47,8,0
2016,1500,48,5,0
2016,1500,49,3,0
2016,1500,50,8,0
2016,1500,51,12,0
2016,1500,52,10,0
2016,1500,53,1,0
2016,1600,1,12,0
2016,1600,2,6,0
2016,1600,3,14,1
2016,1600,4,12,1
2016,1600,5,12,0
2016,1600,6,10,1
2016,1600,7,11,2
2016,1600,8,5,0
2016,1600,9,6,2
2016,1600,10,13,2
2016,1600,11,27,7
2016,1600,12,18,5
2016,1600,13,10,4
2016,1600,14,9,3
2016,1600,15,8,1
2016,1600,16,6,1
2016,1600,17,3,0
2016,1600,18,6,1
2016,1600,19,10,4
2016,1600,20,7,0
2016,1600,21,10,3
2016,1600,22,5,3
2016,1600,23,10,4
2016,1600,24,4,0
2016,1600,25,2,1
2016,1600,26,7,1
2016,1600,27,3,1
2016,1600,28,6,0
2016,1600,29,4,0
2016,1600,30,13,0
2016,1600,31,3,0
2016,1600,32,2,0
2016,1600,33,8,1
2016,1600,35,4,0
2016,1600,36,4,0
2016,1600,37,2,0
2016,1600,38,1,0
2016,1600,39,2,0
2016,1600,40,4,0
2016,1600,41,3,0
2016,1600,42,6,0
2016,1600,43,1,0
2016,1600,44,2,0
2016,1600,45,3,0
2016,1600,46,7,0
2016,1600,47,3,0
2016,1600,48,2,0
2016,1600,49,7,0
2016,1600,50,3,0
2016,1600,51,2,0
2016,1600,52,5,0
2016,1700,1,2,0
2016,1700,2,15,2
2016,1700,3,7,1
2016,1700,4,4,1
2016,1700,5,9,1
2016,1700,6,4,0
2016,1700,7,7,0
2016,1700,8,5,0
2016,1700,9,12,0
2016,1700,10,5,1
2016,1700,11,8,1
2016,1700,12,12,2
2016,1700,13,10,0
2016,1700,14,9,0
2016,1700,15,5,0
2016,1700,16,6,2
2016,1700,17,3,1
2016,1700,18,2,0
2016,1700,19,2,0
2016,1700,20,8,0
2016,1700,21,2,0
2016,1700,22,1,0
2016,1700,23,5,0
2016,1700,24,3,0
2016,1700,26,5,0
2016,1700,27,1,0
2016,1700,28,2,0
2016,1700,29,12,0
2016,1700,30,3,0
2016,1700,32,2,0
2016,1700,33,3,0
2016,1700,34,3,0
2016,1700,35,2,0
2016,1700,36,1,0
2016,1700,37,1,0
2016,1700,39,1,0
2016,1700,40,1,0
2016,1700,41,2,0
2016,1700,42,1,0
2016,1700,43,1,0
2016,1700,44,2,0
2016,1700,45,2,0
2016,1700,46,2,0
2016,1700,48,5,0
2016,1700,49,4,0
2016,1700,50,2,0
2016,1700,51,4,0
2016,1700,52,5,0
2016,1800,1,2,0
2016,1800,2,5,1
2016,1800,3,3,0
2016,1800,4,3,0
2016,1800,5,10,1
2016,1800,6,5,2
2016,1800,7,8,1
2016,1800,8,4,0
2016,1800,9,6,3
2016,1800,10,10,3
2016,1800,11,3,2
2016,1800,12,11,3
2016,1800,13,6,4
2016,1800,14,3,1
2016,1800,15,5,0
2016,1800,16,5,2
2016,1800,17,2,1
2016,1800,18,3,2
2016,1800,19,4,3
2016,1800,20,6,1
2016,1800,21,2,1
2016,1800,22,3,1
2016,1800,23,1,0
2016,1800,25,2,1
2016,1800,26,1,0
2016,1800,27,1,0
2016,1800,29,3,0
2016,1800,31,3,0
2016,1800,32,2,0
2016,1800,33,1,0
2016,1800,34,1,0
2016,1800,38,2,0
2016,1800,40,1,0
2016,1800,41,1,0
2016,1800,42,3,0
2016,1800,44,2,0
2016,1800,46,1,0
2016,1800,47,1,0
2016,1800,48,1,0
2016,1800,49,2,0
2016,1800,50,1,0
2016,1800,51,4,0
2016,1800,52,4,0
2016,1900,1,1,0
2016,1900,2,7,0
2016,1900,3,8,1
2016,1900,4,5,2
2016,1900,5,1,0
2016,1900,6,1,0
2016,1900,7,2,1
2016,1900,8,12,1
2016,1900,9,5,0
2016,1900,10,6,0
2016,1900,11,1,0
2016,1900,12,17,4
2016,1900,13,2,0
2016,1900,14,1,0
2016,1900,15,1,0
2016,1900,18,3,0
2016,1900,19,1,0
2016,1900,20,8,0
2016,1900,21,2,0
2016,1900,22,4,0
2016,1900,23,3,1
2016,1900,24,2,2
2016,1900,25,1,0
2016,1900,27,1,1
2016,1900,28,1,0
2016,1900,30,7,0
2016,1900,31,6,0
2016,1900,32,3,0
2016,1900,33,3,1
2016,1900,34,1,0
2016,1900,35,1,0
2016,1900,38,2,0
2016,1900,39,3,0
2016,1900,41,1,0
2016,1900,42,1,0
2016,1900,47,2,0
2016,1900,48,1,0
2016,1900,49,3,0
2016,1900,50,1,0
2016,1900,51,8,0
2016,1900,52,9,0
2016,2000,1,4,0
2016,2000,2,4,0
2016,2000,3,1,0
2016,2000,5,1,0
2016,2000,6,2,0
2016,2000,8,9,0
2016,2000,10,1,0
2016,2000,11,1,0
2016,2000,12,1,0
2016,2000,13,1,0
2016,2000,14,1,0
2016,2000,17,2,0
2016,2000,19,2,0
2016,2000,20,4,0
2016,2000,23,1,0
2016,2000,26,2,0
2016,2000,28,1,0
2016,2000,30,1,0
2016,2000,31,3,0
2016,2000,33,2,0
2016,2000,34,2,0
2016,2000,35,1,0
2016,2000,37,1,0
2016,2000,40,1,0
2016,2000,42,1,0
2016,2000,43,1,0
2016,2000,44,1,0
2016,2000,47,1,0
2016,2000,50,2,0
2016,2000,51,2,0
2016,2000,52,2,0
2016,2100,1,3,0
2016,2100,2,5,0
2016,2100,3,7,0
2016,2100,4,3,0
2016,2100,5,5,1
2016,2100,6,2,1
2016,2100,7,5,2
2016,2100,8,10,1
2016,2100,9,9,3
2016,2100,10,3,1
2016,2100,11,2,0
2016,2100,12,1,0
2016,2100,13,7,3
2016,2100,14,4,0
2016,2100,15,2,2
2016,2100,16,1,0
2016,2100,18,2,0
2016,2100,19,1,0
2016,2100,20,1,0
2016,2100,21,1,0
2016,2100,22,2,0
2016,2100,23,3,0
2016,2100,24,1,0
2016,2100,25,1,0
2016,2100,26,1,0
2016,2100,27,3,0
2016,2100,28,1,0
2016,2100,29,4,0
2016,2100,30,5,1
2016,2100,32,3,0
2016,2100,37,2,0
2016,2100,38,1,0
2016,2100,39,1,0
2016,2100,45,2,0
2016,2100,47,1,0
2016,2100,49,2,0
2016,2100,51,3,0
2016,2200,1,1,0
2016,2200,3,2,0
2016,2200,4,3,0
2016,2200,5,4,0
2016,2200,6,6,0
2016,2200,7,2,0
2016,2200,8,5,0
2016,2200,9,2,0
2016,2200,10,13,0
2016,2200,12,6,0
2016,2200,13,11,0
2016,2200,14,8,0
2016,2200,20,1,0
2016,2200,21,1,0
2016,2200,22,4,0
2016,2200,24,3,0
2016,2200,25,1,0
2016,2200,30,3,0
2016,2200,31,2,0
2016,2200,32,4,0
2016,2200,33,2,0
2016,2200,43,1,0
2016,2200,47,2,0
2016,2200,49,1,0
2016,2300,1,11,0
2016,2300,2,12,0
2016,2300,3,31,0
2016,2300,4,8,0
2016,2300,5,25,0
2016,2300,6,29,0
2016,2300,7,12,0
2016,2300,8,11,0
2016,2300,9,28,0
2016,2300,10,24,0
2016,2300,11,14,0
2016,2300,12,23,0
2016,2300,13,24,0
2016,2300,14,12,0
2016,2300,15,20,0
2016,2300,16,16,0
2016,2300,17,7,0
2016,2300,18,3,0
2016,2300,20,9,0
2016,2300,22,2,0
2016,2300,23,4,0
2016,2300,24,3,0
2016,2300,25,2,0
2016,2300,26,1,0
2016,2300,27,12,0
2016,2300,28,4,0
2016,2300,29,3,0
2016,2300,30,23,0
2016,2300,31,6,0
2016,2300,32,11,0
2016,2300,33,7,0
2016,2300,34,5,0
2016,2300,35,9,0
2016,2300,36,1,0
2016,2300,37,2,0
2016,2300,38,3,0
2016,2300,39,2,0
2016,2300,40,7,0
2016,2300,41,4,0
2016,2300,42,1,0
2016,2300,43,4,0
2016,2300,44,1,0
2016,2300,45,15,0
2016,2300,46,2,0
2016,2300,47,13,0
2016,2300,48,4,0
2016,2300,49,15,0
2016,2300,50,2,0
2016,2300,51,11,0
2016,2300,52,5,0
2016,2300,53,1,0
2016,2400,1,1,0
2016,2400,3,2,0
2016,2400,4,1,0
2016,2400,5,1,0
2016,2400,6,4,0
2016,2400,7,1,0
2016,2400,8,5,0
2016,2400,9,2,0
2016,2400,10,2,0
2016,2400,12,4,0
2016,2400,13,1,0
2016,2400,14,2,0
2016,2400,16,1,0
2016,2400,17,1,0
2016,2400,18,1,0
2016,2400,20,1,0
2016,2400,21,1,0
2016,2400,23,1,0
2016,2400,24,1,0
2016,2400,27,1,0
2016,2400,29,1,0
2016,2400,30,3,0
2016,2400,32,3,0
2016,2400,36,1,0
2016,2400,38,1,0
2016,2400,39,1,0
2016,2400,41,1,0
2016,2400,42,2,0
2016,2400,43,1,0
2016,2400,44,1,0
2016,2400,46,1,0
2016,2400,47,2,0
2016,2400,49,2,0
2016,2400,50,1,0
2016,2400,51,2,0
2016,2400,52,2,0
2016,2400,53,1,0
2017,0,1,238,2
2017,0,2,239,2
2017,0,3,283,0
2017,0,4,303,1
2017,0,5,272,1
2017,0,6,282,2
2017,0,7,332,2
2017,0,8,335,4
2017,0,9,290,0
2017,0,10,349,0
2017,0,11,320,1
2017,0,12,279,0
2017,0,13,277,0
2017,0,14,231,0
2017,0,15,162,0
2017,0,16,131,0
2017,0,17,126,0
2017,0,18,121,0
2017,0,19,260,1
2017,0,20,109,0
2017,0,21,140,0
2017,0,22,95,0
2017,0,23,50,0
2017,0,24,70,0
2017,0,25,98,0
2017,0,26,79,1
2017,0,27,69,0
2017,0,28,86,0
2017,0,29,111,0
2017,0,30,92,0
2017,0,31,57,0
2017,0,32,77,1
2017,0,33,47,0
2017,0,34,60,0
2017,0,35,84,0
2017,0,36,118,0
2017,0,37,100,0
2017,0,38,114,2
2017,0,39,74,0
2017,0,40,85,0
2017,0,41,131,3
2017,0,42,163,0
2017,0,43,108,1
2017,0,44,206,1
2017,0,45,213,0
2017,0,46,128,0
2017,0,47,127,3
2017,0,48,164,1
2017,0,49,189,1
2017,0,50,169,4
2017,0,51,177,1
2017,0,52,193,2
2017,0,53,30,0
2017,100,1,38,0
2017,100,2,58,0
2017,100,3,75,0
2017,100,4,82,0
2017,100,5,56,1
2017,100,6,59,0
2017,100,7,80,1
2017,100,8,116,1
2017,100,9,113,2
2017,100,10,85,0
2017,100,11,101,0
2017,100,12,59,0
2017,100,13,46,0
2017,100,14,53,0
2017,100,15,44,0
2017,100,16,21,0
2017,100,17,27,0
2017,100,18,38,0
2017,100,19,62,0
2017,100,20,21,0
2017,100,21,26,0
2017,100,22,17,0
2017,100,23,14,0
2017,100,24,19,0
2017,100,25,32,0
2017,100,26,12,0
2017,100,27,27,0
2017,100,28,19,0
2017,100,29,25,0
2017,100,30,24,0
2017,100,31,10,0
2017,100,32,14,0
2017,100,33,19,0
2017,100,34,17,0
2017,100,35,26,0
2017,100,36,12,0
2017,100,37,14,0
2017,100,38,5,0
2017,100,39,10,0
2017,100,40,22,0
2017,100,41,37,0
2017,100,42,37,0
2017,100,43,38,0
2017,100,44,56,0
2017,100,45,57,0
2017,100,46,49,0
2017,100,47,41,0
2017,100,48,72,0
2017,100,49,48,0
2017,100,50,47,0
2017,100,51,35,0
2017,100,52,58,2
2017,100,53,5,0
2017,200,1,41,0
2017,200,2,49,0
2017,200,3,29,0
2017,200,4,34,0
2017,200,5,18,0
2017,200,6,29,0
2017,200,7,28,1
2017,200,8,41,2
2017,200,9,24,0
2017,200,10,29,0
2017,200,11,36,0
2017,200,12,46,0
2017,200,13,43,0
2017,200,14,47,0
2017,200,15,27,0
2017,200,16,19,0
2017,200,17,13,0
2017,200,18,14,0
2017,200,19,12,0
2017,200,20,23,0
2017,200,21,31,0
2017,200,22,23,0
2017,200,23,14,0
2017,200,24,15,0
2017,200,25,17,0
2017,200,26,8,0
2017,200,27,19,0
2017,200,28,6,0
2017,200,29,21,0
2017,200,30,24,0
2017,200,31,23,0
2017,200,32,14,0
2017,200,33,14,0
2017,200,34,11,0
2017,200,35,13,0
2017,200,36,13,0
2017,200,37,23,0
2017,200,38,12,0
2017,200,39,9,0
2017,200,40,9,0
2017,200,41,13,0
2017,200,42,19,0
2017,200,43,17,0
2017,200,44,13,0
2017,200,45,32,0
2017,200,46,20,0
2017,200,47,15,0
2017,200,48,18,0
2017,200,49,32,0
2017,200,50,17,0
2017,200,51,23,0
2017,200,52,35,0
2017,200,53,7,0
2017,300,1,12,0
2017,300,2,17,0
2017,300,3,12,0
2017,300,4,18,0
2017,300,5,22,0
2017,300,6,11,0
2017,300,7,27,0
2017,300,8,16,0
2017,300,9,14,0
2017,300,10,12,0
2017,300,11,20,0
2017,300,12,16,0
2017,300,13,33,0
2017,300,14,26,0
2017,300,15,14,0
2017,300,16,6,0
2017,300,17,13,0
2017,300,18,17,0
2017,300,19,20,0
2017,300,20,9,0
2017,300,21,11,0
2017,300,22,23,0
2017,300,23,6,0
2017,300,24,9,0
2017,300,25,10,0
2017,300,26,19,0
2017,300,27,5,0
2017,300,28,3,0
2017,300,29,9,0
2017,300,30,9,0
2017,300,31,11,0
2017,300,32,7,0
2017,300,33,5,0
2017,300,34,11,0
2017,300,35,14,1
2017,300,36,8,0
2017,300,37,12,0
2017,300,38,10,0
2017,300,39,7,0
2017,300,40,14,0
2017,300,41,14,0
2017,300,42,13,0
2017,300,43,12,0
2017,300,44,6,0
2017,300,45,19,0
2017,300,46,10,0
2017,300,47,10,0
2017,300,48,14,0
2017,300,49,23,0
2017,300,50,11,0
2017,300,51,19,0
2017,300,52,34,0
2017,300,53,5,0
2017,400,1,24,0
2017,400,2,18,0
2017,400,3,13,0
2017,400,4,22,0
2017,400,5,20,0
2017,400,6,14,0
2017,400,7,12,0
2017,400,8,8,0
2017,400,9,9,0
2017,400,10,14,0
2017,400,11,8,0
2017,400,12,13,0
2017,400,13,11,0
2017,400,14,7,0
2017,400,15,14,0
2017,400,16,5,0
2017,400,17,5,0
2017,400,18,2,0
2017,400,19,11,0
2017,400,20,5,0
2017,400,21,4,0
2017,400,22,4,0
2017,400,23,3,0
2017,400,24,14,0
2017,400,25,16,0
2017,400,26,2,0
2017,400,27,5,0
2017,400,28,7,1
2017,400,30,3,0
2017,400,31,5,0
2017,400,32,8,0
2017,400,33,1,0
2017,400,34,2,0
2017,400,35,7,0
2017,400,36,4,0
2017,400,37,6,0
2017,400,38,7,0
2017,400,39,4,0
2017,400,40,4,0
2017,400,41,1,0
2017,400,42,5,0
2017,400,43,14,0
2017,400,44,11,0
2017,400,45,8,0
2017,400,46,13,0
2017,400,47,6,0
2017,400,48,12,0
2017,400,49,11,2
2017,400,50,7,0
2017,400,51,13,0
2017,400,52,13,0
2017,400,53,2,0
2017,500,1,35,1
2017,500,2,47,0
2017,500,3,40,0
2017,500,4,36,0
2017,500,5,39,0
2017,500,6,46,0
2017,500,7,57,0
2017,500,8,48,1
2017,500,9,32,0
2017,500,10,49,1
2017,500,11,45,0
2017,500,12,48,0
2017,500,13,40,0
2017,500,14,27,0
2017,500,15,31,0
2017,500,16,29,0
2017,500,17,40,1
2017,500,18,29,0
2017,500,19,30,0
2017,500,20,16,0
2017,500,21,26,0
2017,500,22,16,0
2017,500,23,18,0
2017,500,24,44,0
2017,500,25,39,1
2017,500,26,25,0
2017,500,27,16,0
2017,500,28,17,0
2017,500,29,31,0
2017,500,30,36,0
2017,500,31,39,0
2017,500,32,23,0
2017,500,33,18,0
2017,500,34,15,0
2017,500,35,23,0
2017,500,36,28,0
2017,500,37,49,0
2017,500,38,37,0
2017,500,39,36,0
2017,500,40,19,0
2017,500,41,39,0
2017,500,42,34,0
2017,500,43,52,0
2017,500,44,61,0
2017,500,45,46,0
2017,500,46,50,0
2017,500,47,58,0
2017,500,48,41,0
2017,500,49,32,0
2017,500,50,41,0
2017,500,51,34,0
2017,500,52,24,0
2017,500,53,8,0
2017,600,1,56,0
2017,600,2,46,0
2017,600,3,58,0
2017,600,4,77,0
2017,600,5,80,0
2017,600,6,76,0
2017,600,7,64,0
2017,600,8,64,0
2017,600,9,54,0
2017,600,10,72,0
2017,600,11,81,0
2017,600,12,55,0
2017,600,13,52,0
2017,600,14,46,0
2017,600,15,36,1
2017,600,16,32,0
2017,600,17,36,0
2017,600,18,41,1
2017,600,19,47,0
2017,600,20,23,0
2017,600,21,26,0
2017,600,22,31,0
2017,600,23,21,0
2017,600,24,17,0
2017,600,25,35,0
2017,600,26,22,0
2017,600,27,18,0
2017,600,28,48,0
2017,600,29,55,0
2017,600,30,40,0
2017,600,31,39,0
2017,600,32,35,3
2017,600,33,43,4
2017,600,34,30,0
2017,600,35,22,0
2017,600,36,23,0
2017,600,37,35,0
2017,600,38,41,0
2017,600,39,22,0
2017,600,40,28,0
2017,600,41,25,0
2017,600,42,21,0
2017,600,43,24,0
2017,600,44,32,0
2017,600,45,57,1
2017,600,46,61,0
2017,600,47,49,0
2017,600,48,46,0
2017,600,49,38,0
2017,600,50,51,0
2017,600,51,43,0
2017,600,52,48,0
2017,600,53,6,0
2017,700,1,36,0
2017,700,2,34,0
2017,700,3,18,0
2017,700,4,24,0
2017,700,5,23,0
2017,700,6,39,0
2017,700,7,25,0
2017,700,8,35,0
2017,700,9,24,0
2017,700,10,44,0
2017,700,11,31,0
2017,700,12,35,1
2017,700,13,23,0
2017,700,14,23,0
2017,700,15,28,0
2017,700,16,7,0
2017,700,17,22,0
2017,700,18,16,0
2017,700,19,14,0
2017,700,20,10,0
2017,700,21,21,0
2017,700,22,11,0
2017,700,23,9,0
2017,700,24,14,0
2017,700,25,11,0
2017,700,26,21,1
2017,700,27,14,1
2017,700,28,6,0
2017,700,29,13,0
2017,700,30,15,1
2017,700,31,31,1
2017,700,32,39,0
2017,700,33,9,0
2017,700,34,8,0
2017,700,35,13,0
2017,700,36,17,0
2017,700,37,7,0
2017,700,38,14,0
2017,700,39,16,1
2017,700,40,14,1
2017,700,41,23,1
2017,700,42,20,2
2017,700,43,6,0
2017,700,44,12,1
2017,700,45,30,0
2017,700,46,13,0
2017,700,47,21,0
2017,700,48,27,0
2017,700,49,22,1
2017,700,50,25,0
2017,700,51,36,0
2017,700,52,29,0
2017,700,53,6,0
2017,800,1,46,0
2017,800,2,31,1
2017,800,3,28,0
2017,800,4,22,0
2017,800,5,24,0
2017,800,6,31,0
2017,800,7,41,0
2017,800,8,30,0
2017,800,9,32,0
2017,800,10,20,0
2017,800,11,27,1
2017,800,12,42,0
2017,800,13,37,0
2017,800,14,23,0
2017,800,15,14,0
2017,800,16,15,0
2017,800,17,29,0
2017,800,18,10,0
2017,800,19,28,0
2017,800,20,14,0
2017,800,21,21,0
2017,800,22,7,0
2017,800,23,6,0
2017,800,24,2,0
2017,800,25,10,0
2017,800,26,10,0
2017,800,27,20,0
2017,800,28,23,0
2017,800,29,5,0
2017,800,30,3,0
2017,800,31,8,0
2017,800,32,21,0
2017,800,33,16,0
2017,800,34,20,0
2017,800,35,23,0
2017,800,36,11,0
2017,800,37,12,2
2017,800,38,6,0
2017,800,39,12,2
2017,800,40,9,0
2017,800,41,18,0
2017,800,42,17,0
2017,800,43,15,0
2017,800,44,27,0
2017,800,45,28,0
2017,800,46,19,0
2017,800,47,34,0
2017,800,48,14,0
2017,800,49,28,0
2017,800,50,22,0
2017,800,51,23,0
2017,800,52,26,0
2017,800,53,3,0
2017,900,1,38,0
2017,900,2,24,0
2017,900,3,36,0
2017,900,4,25,0
2017,900,5,25,0
2017,900,6,30,0
2017,900,7,27,0
2017,900,8,26,0
2017,900,9,63,0
2017,900,10,41,0
2017,900,11,29,0
2017,900,12,36,0
2017,900,13,25,0
2017,900,14,31,0
2017,900,15,33,0
2017,900,16,18,0
2017,900,17,14,0
2017,900,18,11,0
2017,900,19,25,0
2017,900,20,7,0
2017,900,21,9,0
2017,900,22,12,0
2017,900,23,10,0
2017,900,24,10,0
2017,900,25,8,0
2017,900,26,10,0
2017,900,27,18,0
2017,900,28,12,0
2017,900,29,10,0
2017,900,30,47,0
2017,900,31,16,0
2017,900,32,6,0
2017,900,33,17,0
2017,900,34,14,0
2017,900,35,18,0
2017,900,36,11,0
2017,900,37,12,0
2017,900,38,10,0
2017,900,39,10,0
2017,900,40,12,0
2017,900,41,16,0
2017,900,42,16,0
2017,900,43,23,0
2017,900,44,25,0
2017,900,45,40,0
2017,900,46,14,0
2017,900,47,34,0
2017,900,48,23,0
2017,900,49,15,0
2017,900,50,11,0
2017,900,51,33,0
2017,900,52,28,0
2017,900,53,2,0
2017,1000,1,28,0
2017,1000,2,23,0
2017,1000,3,28,0
2017,1000,4,36,0
2017,1000,5,21,0
2017,1000,6,27,1
2017,1000,7,18,0
2017,1000,8,26,0
2017,1000,9,11,0
2017,1000,10,15,0
2017,1000,11,20,0
2017,1000,12,19,0
2017,1000,13,17,0
2017,1000,14,13,0
2017,1000,15,15,0
2017,1000,16,14,0
2017,1000,17,8,0
2017,1000,18,11,0
2017,1000,19,34,0
2017,1000,20,8,0
2017,1000,21,22,0
2017,1000,22,16,0
2017,1000,23,12,0
2017,1000,24,11,0
2017,1000,25,10,0
2017,1000,26,15,0
2017,1000,27,12,0
2017,1000,28,7,0
2017,1000,29,16,0
2017,1000,30,13,0
2017,1000,31,12,1
2017,1000,32,18,0
2017,1000,33,28,0
2017,1000,34,20,0
2017,1000,35,22,0
2017,1000,36,24,0
2017,1000,37,17,0
2017,1000,38,18,0
2017,1000,39,15,0
2017,1000,40,19,0
2017,1000,41,28,0
2017,1000,42,28,0
2017,1000,43,17,0
2017,1000,44,22,0
2017,1000,45,32,0
2017,1000,46,18,0
2017,1000,47,16,0
2017,1000,48,24,0
2017,1000,49,14,0
2017,1000,50,20,0
2017,1000,51,25,0
2017,1000,52,19,0
2017,1000,53,2,0
2017,1100,1,58,0
2017,1100,2,51,0
2017,1100,3,46,0
2017,1100,4,67,0
2017,1100,5,45,0
2017,1100,6,63,0
2017,1100,7,62,0
2017,1100,8,69,0
2017,1100,9,67,0
2017,1100,10,65,0
2017,1100,11,74,0
2017,1100,12,63,2
2017,1100,13,70,0
2017,1100,14,56,1
2017,1100,15,54,1
2017,1100,16,25,0
2017,1100,17,24,0
2017,1100,18,21,0
2017,1100,19,42,0
2017,1100,20,21,0
2017,1100,21,28,1
2017,1100,22,29,0
2017,1100,23,14,0
2017,1100,24,29,0
2017,1100,25,34,0
2017,1100,26,24,0
2017,1100,27,18,1
2017,1100,28,30,0
2017,1100,29,13,0
2017,1100,30,24,0
2017,1100,31,32,0
2017,1100,32,17,0
2017,1100,33,24,0
2017,1100,34,29,0
2017,1100,35,26,0
2017,1100,36,33,0
2017,1100,37,31,0
2017,1100,38,20,0
2017,1100,39,23,0
2017,1100,40,24,0
2017,1100,41,35,0
2017,1100,42,29,0
2017,1100,43,62,0
2017,1100,44,143,0
2017,1100,45,55,0
2017,1100,46,43,0
2017,1100,47,75,0
2017,1100,48,41,0
2017,1100,49,47,0
2017,1100,50,21,0
2017,1100,51,48,0
2017,1100,52,41,0
2017,1100,53,2,0
2017,1200,1,27,0
2017,1200,2,14,0
2017,1200,3,21,0
2017,1200,4,39,0
2017,1200,5,26,0
2017,1200,6,16,0
2017,1200,7,23,0
2017,1200,8,44,0
2017,1200,9,22,0
2017,1200,10,40,2
2017,1200,11,35,0
2017,1200,12,26,2
2017,1200,13,23,0
2017,1200,14,24,1
2017,1200,15,36,7
2017,1200,16,16,0
2017,1200,17,20,0
2017,1200,18,22,0
2017,1200,19,43,3
2017,1200,20,17,2
2017,1200,21,28,2
2017,1200,22,23,0
2017,1200,23,12,0
2017,1200,24,16,0
2017,1200,25,25,1
2017,1200,26,19,2
2017,1200,27,13,0
2017,1200,28,11,3
2017,1200,29,14,1
2017,1200,30,27,2
2017,1200,31,14,0
2017,1200,32,19,1
2017,1200,33,28,1
2017,1200,34,30,0
2017,1200,35,21,0
2017,1200,36,47,2
2017,1200,37,22,0
2017,1200,38,20,0
2017,1200,39,19,0
2017,1200,40,26,0
2017,1200,41,28,0
2017,1200,42,26,0
2017,1200,43,33,0
2017,1200,44,56,0
2017,1200,45,49,1
2017,1200,46,37,0
2017,1200,47,39,0
2017,1200,48,32,0
2017,1200,49,21,0
2017,1200,50,20,0
2017,1200,51,21,0
2017,1200,52,17,0
2017,1200,53,1,0
2017,1300,1,38,1
2017,1300,2,34,0
2017,1300,3,40,1
2017,1300,4,54,0
2017,1300,5,50,0
2017,1300,6,46,0
2017,1300,7,38,0
2017,1300,8,44,1
2017,1300,9,24,0
2017,1300,10,34,0
2017,1300,11,39,0
2017,1300,12,32,2
2017,1300,13,29,2
2017,1300,14,24,0
2017,1300,15,16,4
2017,1300,16,15,1
2017,1300,17,25,1
2017,1300,18,18,2
2017,1300,19,19,2
2017,1300,20,14,1
2017,1300,21,14,2
2017,1300,22,12,2
2017,1300,23,11,2
2017,1300,24,8,0
2017,1300,25,11,0
2017,1300,26,7,0
2017,1300,27,6,0
2017,1300,28,9,1
2017,1300,29,11,1
2017,1300,30,24,3
2017,1300,31,13,0
2017,1300,32,26,2
2017,1300,33,25,0
2017,1300,34,27,0
2017,1300,35,18,0
2017,1300,36,9,1
2017,1300,37,24,0
2017,1300,38,18,0
2017,1300,39,14,0
2017,1300,40,19,0
2017,1300,41,22,0
2017,1300,42,19,0
2017,1300,43,23,0
2017,1300,44,36,0
2017,1300,45,20,0
2017,1300,46,16,0
2017,1300,47,14,0
2017,1300,48,20,0
2017,1300,49,16,0
2017,1300,50,18,0
2017,1300,51,21,0
2017,1300,52,24,0
2017,1300,53,3,0
2017,1400,1,24,0
2017,1400,2,30,0
2017,1400,3,55,1
2017,1400,4,46,0
2017,1400,5,48,2
2017,1400,6,35,1
2017,1400,7,47,0
2017,1400,8,61,1
2017,1400,9,42,0
2017,1400,10,30,0
2017,1400,11,40,1
2017,1400,12,35,2
2017,1400,13,29,3
2017,1400,14,23,9
2017,1400,15,30,10
2017,1400,16,38,14
2017,1400,17,20,5
2017,1400,18,25,5
2017,1400,19,33,2
2017,1400,20,18,3
2017,1400,21,13,2
2017,1400,22,10,3
2017,1400,23,14,6
2017,1400,24,13,7
2017,1400,25,16,7
2017,1400,26,26,8
2017,1400,27,24,4
2017,1400,28,20,4
2017,1400,29,29,1
2017,1400,30,31,2
2017,1400,31,20,0
2017,1400,32,18,2
2017,1400,33,22,0
2017,1400,34,15,1
2017,1400,35,9,0
2017,1400,36,18,0
2017,1400,37,18,0
2017,1400,38,15,0
2017,1400,39,10,0
2017,1400,40,9,1
2017,1400,41,15,0
2017,1400,42,31,0
2017,1400,43,18,0
2017,1400,44,30,1
2017,1400,45,24,0
2017,1400,46,22,0
2017,1400,47,28,0
2017,1400,48,22,0
2017,1400,49,30,0
2017,1400,50,29,0
2017,1400,51,30,0
2017,1400,52,52,0
2017,1400,53,7,0
2017,1500,1,18,0
2017,1500,2,7,0
2017,1500,3,23,0
2017,1500,4,19,0
2017,1500,5,15,0
2017,1500,6,24,0
2017,1500,7,13,0
2017,1500,8,19,1
2017,1500,9,21,0
2017,1500,10,14,1
2017,1500,11,23,0
2017,1500,12,14,0
2017,1500,13,11,1
2017,1500,14,13,1
2017,1500,15,13,2
2017,1500,16,9,3
2017,1500,17,10,2
2017,1500,18,15,1
2017,1500,19,19,5
2017,1500,20,8,1
2017,1500,21,16,3
2017,1500,22,10,2
2017,1500,23,4,1
2017,1500,24,7,0
2017,1500,25,8,0
2017,1500,26,2,0
2017,1500,27,12,0
2017,1500,28,23,1
2017,1500,29,16,1
2017,1500,30,11,1
2017,1500,31,17,1
2017,1500,32,11,0
2017,1500,33,15,0
2017,1500,34,10,0
2017,1500,35,12,0
2017,1500,36,17,0
2017,1500,37,16,1
2017,1500,38,12,0
2017,1500,39,9,0
2017,1500,40,6,0
2017,1500,41,11,0
2017,1500,42,15,0
2017,1500,43,12,0
2017,1500,44,21,0
2017,1500,45,15,0
2017,1500,46,20,0
2017,1500,47,14,0
2017,1500,48,11,0
2017,1500,49,33,0
2017,1500,50,29,0
2017,1500,51,32,0
2017,1500,52,23,0
2017,1500,53,7,0
2017,1600,1,2,0
2017,1600,2,9,1
2017,1600,3,17,0
2017,1600,4,17,0
2017,1600,5,7,0
2017,1600,6,14,0
2017,1600,7,11,2
2017,1600,8,20,3
2017,1600,9,19,2
2017,1600,10,7,2
2017,1600,11,11,1
2017,1600,12,8,2
2017,1600,13,12,2
2017,1600,14,21,2
2017,1600,15,17,7
2017,1600,16,8,2
2017,1600,17,8,5
2017,1600,18,5,3
2017,1600,19,5,0
2017,1600,20,6,0
2017,1600,22,12,2
2017,1600,23,7,0
2017,1600,24,2,0
2017,1600,25,4,1
2017,1600,26,2,0
2017,1600,28,5,0
2017,1600,29,4,0
2017,1600,30,3,0
2017,1600,31,4,0
2017,1600,32,6,0
2017,1600,33,5,0
2017,1600,34,9,0
2017,1600,35,10,0
2017,1600,36,3,0
2017,1600,37,6,0
2017,1600,40,4,0
2017,1600,41,6,0
2017,1600,42,3,0
2017,1600,43,8,0
2017,1600,44,3,0
2017,1600,45,5,0
2017,1600,46,5,0
2017,1600,47,4,0
2017,1600,48,3,0
2017,1600,49,3,0
2017,1600,50,13,0
2017,1600,51,7,0
2017,1600,52,11,0
2017,1700,1,3,0
2017,1700,2,6,0
2017,1700,3,12,0
2017,1700,4,10,0
2017,1700,5,12,0
2017,1700,6,9,0
2017,1700,7,1,0
2017,1700,8,6,0
2017,1700,9,11,0
2017,1700,10,3,0
2017,1700,11,8,0
2017,1700,12,11,0
2017,1700,13,13,0
2017,1700,14,10,0
2017,1700,15,5,2
2017,1700,16,5,0
2017,1700,17,6,1
2017,1700,18,9,0
2017,1700,19,2,0
2017,1700,20,1,0
2017,1700,21,6,0
2017,1700,22,14,0
2017,1700,23,2,0
2017,1700,24,5,0
2017,1700,25,1,0
2017,1700,27,2,0
2017,1700,28,2,0
2017,1700,29,1,0
2017,1700,30,2,0
2017,1700,31,9,0
2017,1700,32,2,0
2017,1700,33,3,0
2017,1700,34,2,0
2017,1700,35,4,0
2017,1700,36,4,0
2017,1700,37,6,0
2017,1700,38,1,0
2017,1700,39,2,0
2017,1700,40,2,0
2017,1700,41,3,0
2017,1700,42,4,0
2017,1700,43,1,0
2017,1700,45,6,0
2017,1700,46,8,0
2017,1700,47,6,0
2017,1700,48,4,0
2017,1700,49,7,0
2017,1700,50,4,0
2017,1700,51,6,0
2017,1700,52,9,0
2017,1800,1,9,0
2017,1800,2,5,0
2017,1800,3,6,0
2017,1800,4,9,0
2017,1800,5,2,0
2017,1800,6,8,0
2017,1800,7,5,2
2017,1800,8,20,2
2017,1800,9,14,2
2017,1800,10,2,1
2017,1800,11,12,3
2017,1800,12,9,1
2017,1800,13,10,3
2017,1800,14,10,1
2017,1800,15,8,2
2017,1800,16,3,2
2017,1800,17,3,0
2017,1800,18,3,0
2017,1800,19,5,0
2017,1800,20,1,0
2017,1800,21,5,0
2017,1800,22,5,2
2017,1800,23,3,0
2017,1800,24,3,1
2017,1800,25,5,0
2017,1800,26,1,0
2017,1800,27,2,0
2017,1800,28,1,1
2017,1800,30,2,0
2017,1800,31,4,0
2017,1800,32,4,0
2017,1800,33,7,0
2017,1800,34,1,0
2017,1800,35,5,1
2017,1800,36,5,0
2017,1800,37,4,0
2017,1800,38,4,0
2017,1800,39,7,0
2017,1800,40,3,0
2017,1800,41,5,0
2017,1800,42,2,0
2017,1800,43,4,0
2017,1800,44,6,0
2017,1800,45,7,0
2017,1800,46,5,0
2017,1800,47,4,0
2017,1800,48,10,0
2017,1800,49,4,0
2017,1800,50,8,0
2017,1800,51,2,0
2017,1800,52,4,0
2017,1800,53,1,0
2017,1900,1,2,0
2017,1900,3,5,0
2017,1900,4,3,0
2017,1900,5,2,0
2017,1900,6,2,0
2017,1900,7,2,0
2017,1900,8,5,0
2017,1900,9,12,0
2017,1900,10,7,0
2017,1900,11,10,1
2017,1900,12,8,2
2017,1900,13,9,1
2017,1900,14,9,2
2017,1900,15,1,0
2017,1900,16,3,0
2017,1900,17,2,0
2017,1900,19,4,1
2017,1900,21,2,0
2017,1900,22,2,0
2017,1900,23,2,0
2017,1900,24,2,0
2017,1900,25,3,0
2017,1900,26,4,0
2017,1900,27,3,0
2017,1900,28,3,0
2017,1900,29,1,0
2017,1900,31,3,0
2017,1900,33,2,0
2017,1900,35,3,0
2017,1900,37,1,0
2017,1900,38,2,0
2017,1900,43,1,0
2017,1900,44,1,0
2017,1900,45,4,0
2017,1900,46,1,0
2017,1900,47,3,0
2017,1900,48,4,0
2017,1900,49,4,0
2017,1900,50,9,0
2017,1900,51,1,0
2017,1900,52,4,0
2017,1900,53,2,0
2017,2000,1,5,0
2017,2000,2,1,0
2017,2000,3,3,0
2017,2000,4,1,0
2017,2000,6,2,0
2017,2000,7,1,0
2017,2000,10,2,0
2017,2000,11,1,0
2017,2000,12,1,0
2017,2000,13,22,0
2017,2000,14,4,1
2017,2000,16,1,0
2017,2000,17,2,0
2017,2000,18,2,0
2017,2000,19,5,0
2017,2000,20,2,0
2017,2000,22,1,0
2017,2000,23,2,0
2017,2000,24,1,0
2017,2000,25,5,0
2017,2000,26,2,0
2017,2000,31,1,0
2017,2000,33,1,0
2017,2000,35,1,0
2017,2000,36,1,0
2017,2000,37,1,0
2017,2000,40,1,0
2017,2000,41,1,0
2017,2000,45,2,0
2017,2000,47,1,0
2017,2000,52,2,0
2017,2100,1,3,0
2017,2100,3,1,0
2017,2100,4,3,0
2017,2100,5,2,0
2017,2100,6,2,0
2017,2100,7,3,0
2017,2100,8,3,0
2017,2100,9,3,0
2017,2100,10,7,0
2017,2100,11,6,1
2017,2100,12,4,1
2017,2100,13,4,1
2017,2100,14,3,0
2017,2100,15,3,0
2017,2100,16,2,1
2017,2100,17,1,0
2017,2100,18,1,0
2017,2100,22,4,0
2017,2100,26,1,0
2017,2100,27,4,0
2017,2100,28,1,0
2017,2100,29,1,0
2017,2100,30,5,0
2017,2100,31,2,0
2017,2100,32,1,0
2017,2100,33,8,0
2017,2100,35,6,0
2017,2100,36,2,0
2017,2100,39,5,0
2017,2100,40,1,0
2017,2100,41,2,0
2017,2100,43,1,0
2017,2100,44,1,0
2017,2100,45,5,0
2017,2100,47,3,0
2017,2100,48,1,0
2017,2100,50,2,0
2017,2100,51,1,0
2017,2100,52,2,0
2017,2100,53,2,0
2017,2200,2,3,0
2017,2200,3,6,0
2017,2200,4,2,0
2017,2200,5,3,0
2017,2200,6,13,0
2017,2200,7,1,0
2017,2200,8,7,0
2017,2200,9,8,0
2017,2200,10,2,0
2017,2200,11,5,0
2017,2200,12,1,0
2017,2200,13,1,0
2017,2200,14,3,0
2017,2200,15,1,0
2017,2200,16,2,0
2017,2200,22,3,0
2017,2200,26,5,0
2017,2200,27,1,0
2017,2200,29,1,0
2017,2200,33,4,0
2017,2200,34,2,0
2017,2200,35,1,0
2017,2200,36,1,0
2017,2200,39,3,0
2017,2200,43,1,0
2017,2200,45,2,0
2017,2200,46,1,0
2017,2200,47,1,0
2017,2200,48,1,0
2017,2200,49,4,0
2017,2200,50,1,0
2017,2200,51,3,0
2017,2200,52,3,0
2017,2300,1,10,0
2017,2300,2,12,0
2017,2300,3,27,0
2017,2300,4,6,0
2017,2300,5,25,0
2017,2300,6,14,0
2017,2300,7,21,0
2017,2300,8,36,0
2017,2300,9,36,0
2017,2300,10,22,0
2017,2300,11,38,0
2017,2300,12,32,0
2017,2300,13,18,0
2017,2300,14,9,0
2017,2300,15,10,0
2017,2300,16,8,0
2017,2300,17,11,0
2017,2300,18,4,0
2017,2300,19,3,0
2017,2300,20,6,0
2017,2300,21,10,0
2017,2300,22,9,0
2017,2300,23,1,0
2017,2300,24,11,0
2017,2300,25,9,0
2017,2300,26,1,0
2017,2300,27,8,0
2017,2300,28,24,0
2017,2300,29,13,0
2017,2300,30,14,0
2017,2300,31,8,0
2017,2300,32,3,0
2017,2300,33,2,0
2017,2300,34,9,0
2017,2300,35,8,0
2017,2300,36,10,0
2017,2300,37,7,0
2017,2300,38,9,0
2017,2300,39,6,0
2017,2300,41,2,0
2017,2300,43,11,0
2017,2300,44,17,0
2017,2300,45,9,0
2017,2300,46,12,0
2017,2300,47,2,0
2017,2300,48,4,0
2017,2300,49,12,0
2017,2300,50,4,0
2017,2300,51,9,0
2017,2300,52,7,0
2017,2300,53,3,0
2017,2400,2,1,0
2017,2400,3,1,0
2017,2400,4,4,0
2017,2400,6,1,0
2017,2400,7,1,0
2017,2400,8,1,0
2017,2400,9,3,0
2017,2400,10,1,0
2017,2400,12,2,0
2017,2400,13,5,0
2017,2400,14,1,0
2017,2400,15,2,0
2017,2400,17,1,0
2017,2400,19,2,0
2017,2400,20,2,0
2017,2400,22,1,0
2017,2400,23,2,0
2017,2400,29,1,0
2017,2400,32,2,0
2017,2400,35,2,0
2017,2400,36,1,0
2017,2400,37,1,0
2017,2400,38,1,0
2017,2400,43,4,0
2017,2400,44,1,0
2017,2400,45,1,0
2017,2400,46,2,0
2017,2400,47,1,0
2017,2400,49,2,0
2017,2400,52,1,0
2018,0,1,328,1
2018,0,2,327,0
2018,0,3,404,4
2018,0,4,382,9
2018,0,5,372,4
2018,0,6,377,3
2018,0,7,404,2
2018,0,8,426,2
2018,0,9,444,0
2018,0,10,376,1
2018,0,11,337,0
2018,0,12,334,0
2018,0,13,326,1
2018,0,14,246,0
2018,0,15,282,0
2018,0,16,237,0
2018,0,17,189,0
2018,0,18,466,0
2018,0,19,224,0
2018,0,20,196,0
2018,0,21,170,0
2018,0,22,160,0
2018,0,23,150,0
2018,0,24,168,1
2018,0,25,178,1
2018,0,26,104,0
2018,0,27,182,0
2018,0,28,169,2
2018,0,29,246,2
2018,0,30,210,1
2018,0,31,99,0
2018,0,32,138,0
2018,0,33,94,5
2018,0,34,113,2
2018,0,35,139,1
2018,0,36,130,7
2018,0,37,107,3
2018,0,38,165,0
2018,0,39,166,2
2018,0,40,227,8
2018,0,41,169,5
2018,0,42,195,5
2018,0,43,167,1
2018,0,44,219,0
2018,0,45,227,1
2018,0,46,275,1
2018,0,47,239,2
2018,0,48,264,0
2018,0,49,273,0
2018,0,50,259,0
2018,0,51,250,0
2018,0,52,249,0
2018,0,53,49,0
2018,100,1,69,0
2018,100,2,80,0
2018,100,3,93,0
2018,100,4,77,1
2018,100,5,78,1
2018,100,6,72,1
2018,100,7,104,1
2018,100,8,111,0
2018,100,9,131,0
2018,100,10,84,1
2018,100,11,64,0
2018,100,12,74,0
2018,100,13,64,0
2018,100,14,78,0
2018,100,15,62,0
2018,100,16,78,0
2018,100,17,50,0
2018,100,18,109,0
2018,100,19,55,0
2018,100,20,36,0
2018,100,21,36,0
2018,100,22,52,0
2018,100,23,40,0
2018,100,24,39,0
2018,100,25,48,0
2018,100,26,36,0
2018,100,27,38,0
2018,100,28,54,0
2018,100,29,58,0
2018,100,30,30,0
2018,100,31,23,0
2018,100,32,27,0
2018,100,33,23,0
2018,100,34,21,0
2018,100,35,33,0
2018,100,36,62,0
2018,100,37,45,0
2018,100,38,32,0
2018,100,39,35,0
2018,100,40,71,0
2018,100,41,66,0
2018,100,42,51,0
2018,100,43,48,0
2018,100,44,42,0
2018,100,45,69,0
2018,100,46,83,0
2018,100,47,63,0
2018,100,48,78,0
2018,100,49,94,0
2018,100,50,73,0
2018,100,51,73,1
2018,100,52,66,0
2018,100,53,5,0
2018,200,1,58,0
2018,200,2,46,0
2018,200,3,73,0
2018,200,4,53,0
2018,200,5,40,0
2018,200,6,48,0
2018,200,7,48,0
2018,200,8,64,0
2018,200,9,49,0
2018,200,10,48,0
2018,200,11,40,0
2018,200,12,28,0
2018,200,13,23,0
2018,200,14,29,0
2018,200,15,40,0
2018,200,16,41,0
2018,200,17,26,0
2018,200,18,44,0
2018,200,19,31,0
2018,200,20,28,0
2018,200,21,21,0
2018,200,22,24,0
2018,200,23,32,1
2018,200,24,16,0
2018,200,25,27,0
2018,200,26,28,0
2018,200,27,23,0
2018,200,28,23,0
2018,200,29,14,0
2018,200,30,23,0
2018,200,31,12,0
2018,200,32,15,0
2018,200,33,19,0
2018,200,34,22,0
2018,200,35,23,0
2018,200,36,34,0
2018,200,37,27,0
2018,200,38,26,0
2018,200,39,29,0
2018,200,40,40,0
2018,200,41,32,0
2018,200,42,27,0
2018,200,43,28,0
2018,200,44,19,0
2018,200,45,33,0
2018,200,46,30,0
2018,200,47,21,0
2018,200,48,51,0
2018,200,49,43,0
2018,200,50,41,0
2018,200,51,56,0
2018,200,52,49,1
2018,200,53,19,0
2018,300,1,32,0
2018,300,2,35,0
2018,300,3,43,0
2018,300,4,26,0
2018,300,5,31,0
2018,300,6,41,1
2018,300,7,44,0
2018,300,8,42,0
2018,300,9,32,0
2018,300,10,46,0
2018,300,11,50,0
2018,300,12,31,0
2018,300,13,27,0
2018,300,14,23,0
2018,300,15,27,0
2018,300,16,29,0
2018,300,17,14,0
2018,300,18,39,0
2018,300,19,21,0
2018,300,20,17,0
2018,300,21,13,0
2018,300,22,23,0
2018,300,23,17,0
2018,300,24,14,0
2018,300,25,6,0
2018,300,26,12,0
2018,300,27,13,0
2018,300,28,13,0
2018,300,29,12,0
2018,300,30,13,0
2018,300,31,11,0
2018,300,32,10,0
2018,300,33,23,0
2018,300,34,29,0
2018,300,35,8,0
2018,300,36,8,0
2018,300,37,11,0
2018,300,38,8,0
2018,300,39,9,2
2018,300,40,34,0
2018,300,41,23,0
2018,300,42,20,0
2018,300,43,23,0
2018,300,44,12,0
2018,300,45,12,0
2018,300,46,23,0
2018,300,47,37,0
2018,300,48,53,0
2018,300,49,39,0
2018,300,50,36,0
2018,300,51,33,0
2018,300,52,39,0
2018,300,53,13,0
2018,400,1,27,1
2018,400,2,21,0
2018,400,3,24,0
2018,400,4,21,0
2018,400,5,9,0
2018,400,6,20,0
2018,400,7,31,0
2018,400,8,23,0
2018,400,9,19,0
2018,400,10,24,0
2018,400,11,15,0
2018,400,12,18,0
2018,400,13,16,0
2018,400,14,14,0
2018,400,15,17,0
2018,400,16,3,0
2018,400,17,13,0
2018,400,18,37,0
2018,400,19,13,0
2018,400,20,11,0
2018,400,21,12,0
2018,400,22,3,0
2018,400,23,8,0
2018,400,24,10,0
2018,400,25,8,0
2018,400,26,5,0
2018,400,27,10,0
2018,400,28,10,0
2018,400,29,6,0
2018,400,30,6,0
2018,400,31,3,0
2018,400,32,2,0
2018,400,33,17,0
2018,400,34,6,0
2018,400,35,6,0
2018,400,36,3,0
2018,400,37,13,0
2018,400,38,9,0
2018,400,39,5,0
2018,400,40,21,0
2018,400,41,12,1
2018,400,42,16,0
2018,400,43,10,0
2018,400,44,4,1
2018,400,45,9,0
2018,400,46,8,0
2018,400,47,7,0
2018,400,48,25,0
2018,400,49,16,0
2018,400,50,20,0
2018,400,51,21,0
2018,400,52,14,0
2018,400,53,1,0
2018,500,1,54,0
2018,500,2,50,0
2018,500,3,70,0
2018,500,4,63,0
2018,500,5,61,0
2018,500,6,84,0
2018,500,7,73,0
2018,500,8,67,1
2018,500,9,75,0
2018,500,10,55,0
2018,500,11,76,0
2018,500,12,39,0
2018,500,13,35,0
2018,500,14,34,0
2018,500,15,28,0
2018,500,16,45,0
2018,500,17,41,0
2018,500,18,83,0
2018,500,19,64,1
2018,500,20,34,0
2018,500,21,32,0
2018,500,22,21,1
2018,500,23,20,0
2018,500,24,13,0
2018,500,25,72,0
2018,500,26,16,0
2018,500,27,31,0
2018,500,28,39,1
2018,500,29,35,0
2018,500,30,30,1
2018,500,31,29,0
2018,500,32,34,0
2018,500,33,58,0
2018,500,34,25,0
2018,500,35,24,0
2018,500,36,32,0
2018,500,37,26,0
2018,500,38,44,0
2018,500,39,29,0
2018,500,40,80,0
2018,500,41,38,0
2018,500,42,24,0
2018,500,43,31,0
2018,500,44,32,1
2018,500,45,60,0
2018,500,46,23,0
2018,500,47,26,0
2018,500,48,46,0
2018,500,49,83,0
2018,500,50,34,0
2018,500,51,50,0
2018,500,52,38,0
2018,500,53,5,0
2018,600,1,73,0
2018,600,2,90,0
2018,600,3,93,0
2018,600,4,80,0
2018,600,5,97,0
2018,600,6,109,0
2018,600,7,89,0
2018,600,8,87,6
2018,600,9,101,5
2018,600,10,91,2
2018,600,11,88,1
2018,600,12,82,0
2018,600,13,56,2
2018,600,14,52,0
2018,600,15,62,1
2018,600,16,60,0
2018,600,17,29,0
2018,600,18,90,0
2018,600,19,51,0
2018,600,20,38,0
2018,600,21,20,0
2018,600,22,25,1
2018,600,23,49,0
2018,600,24,42,0
2018,600,25,37,0
2018,600,26,39,0
2018,600,27,31,0
2018,600,28,49,1
2018,600,29,53,1
2018,600,30,34,0
2018,600,31,27,0
2018,600,32,33,4
2018,600,33,26,0
2018,600,34,29,0
2018,600,35,26,0
2018,600,36,26,0
2018,600,37,34,0
2018,600,38,34,0
2018,600,39,36,0
2018,600,40,51,0
2018,600,41,29,1
2018,600,42,76,1
2018,600,43,55,0
2018,600,44,43,0
2018,600,45,91,1
2018,600,46,71,0
2018,600,47,51,0
2018,600,48,69,0
2018,600,49,88,0
2018,600,50,53,0
2018,600,51,68,2
2018,600,52,71,0
2018,600,53,11,0
2018,700,1,36,0
2018,700,2,35,0
2018,700,3,61,0
2018,700,4,46,0
2018,700,5,46,0
2018,700,6,40,0
2018,700,7,41,0
2018,700,8,37,0
2018,700,9,55,2
2018,700,10,54,0
2018,700,11,44,0
2018,700,12,28,1
2018,700,13,24,0
2018,700,14,21,0
2018,700,15,27,0
2018,700,16,28,0
2018,700,17,21,0
2018,700,18,75,0
2018,700,19,23,1
2018,700,20,33,2
2018,700,21,18,0
2018,700,22,14,0
2018,700,23,23,0
2018,700,24,27,1
2018,700,25,16,0
2018,700,26,27,0
2018,700,27,19,0
2018,700,28,26,0
2018,700,29,24,0
2018,700,30,35,0
2018,700,31,18,0
2018,700,32,14,0
2018,700,33,29,2
2018,700,34,29,0
2018,700,35,62,0
2018,700,36,57,0
2018,700,37,30,0
2018,700,38,34,0
2018,700,39,21,0
2018,700,40,43,0
2018,700,41,30,0
2018,700,42,34,0
2018,700,43,34,0
2018,700,44,35,0
2018,700,45,51,0
2018,700,46,22,0
2018,700,47,22,0
2018,700,48,30,0
2018,700,49,40,0
2018,700,50,19,0
2018,700,51,27,1
2018,700,52,39,0
2018,700,53,11,0
2018,800,1,32,0
2018,800,2,59,0
2018,800,3,35,0
2018,800,4,41,0
2018,800,5,25,0
2018,800,6,33,0
2018,800,7,48,0
2018,800,8,37,0
2018,800,9,47,0
2018,800,10,33,0
2018,800,11,64,0
2018,800,12,42,0
2018,800,13,35,0
2018,800,14,46,0
2018,800,15,43,1
2018,800,16,50,0
2018,800,17,35,0
2018,800,18,86,1
2018,800,19,26,0
2018,800,20,22,1
2018,800,21,21,0
2018,800,22,15,0
2018,800,23,19,0
2018,800,24,14,0
2018,800,25,11,1
2018,800,26,19,0
2018,800,27,18,0
2018,800,28,31,0
2018,800,29,29,0
2018,800,30,22,0
2018,800,31,13,0
2018,800,32,21,1
2018,800,33,17,0
2018,800,34,13,0
2018,800,35,23,0
2018,800,36,29,0
2018,800,37,21,0
2018,800,38,45,0
2018,800,39,28,0
2018,800,40,70,3
2018,800,41,26,0
2018,800,42,33,0
2018,800,43,35,0
2018,800,44,29,0
2018,800,45,36,0
2018,800,46,29,0
2018,800,47,29,0
2018,800,48,47,0
2018,800,49,26,0
2018,800,50,19,0
2018,800,51,41,0
2018,800,52,36,0
2018,800,53,13,0
2018,900,1,39,0
2018,900,2,61,0
2018,900,3,56,0
2018,900,4,34,0
2018,900,5,35,0
2018,900,6,49,0
2018,900,7,38,0
2018,900,8,52,0
2018,900,9,69,0
2018,900,10,40,0
2018,900,11,89,4
2018,900,12,51,0
2018,900,13,33,2
2018,900,14,25,0
2018,900,15,32,1
2018,900,16,32,0
2018,900,17,42,0
2018,900,18,60,0
2018,900,19,21,0
2018,900,20,12,1
2018,900,21,14,0
2018,900,22,16,0
2018,900,23,19,0
2018,900,24,17,0
2018,900,25,8,0
2018,900,26,19,1
2018,900,27,15,0
2018,900,28,12,0
2018,900,29,17,0
2018,900,30,12,0
2018,900,31,23,0
2018,900,32,7,0
2018,900,33,3,0
2018,900,34,14,0
2018,900,35,7,0
2018,900,36,26,1
2018,900,37,12,0
2018,900,38,23,0
2018,900,39,9,0
2018,900,40,29,2
2018,900,41,16,0
2018,900,42,28,0
2018,900,43,49,0
2018,900,44,29,0
2018,900,45,44,0
2018,900,46,32,0
2018,900,47,19,0
2018,900,48,36,0
2018,900,49,37,0
2018,900,50,42,0
2018,900,51,38,0
2018,900,52,21,0
2018,900,53,3,0
2018,1000,1,59,0
2018,1000,2,38,0
2018,1000,3,31,0
2018,1000,4,38,0
2018,1000,5,26,0
2018,1000,6,55,1
2018,1000,7,57,0
2018,1000,8,38,5
2018,1000,9,51,7
2018,1000,10,50,9
2018,1000,11,27,5
2018,1000,12,18,1
2018,1000,13,44,10
2018,1000,14,19,4
2018,1000,15,21,6
2018,1000,16,26,4
2018,1000,17,33,1
2018,1000,18,53,4
2018,1000,19,38,0
2018,1000,20,25,1
2018,1000,21,20,4
2018,1000,22,24,3
2018,1000,23,14,2
2018,1000,24,18,1
2018,1000,25,11,1
2018,1000,26,6,0
2018,1000,27,9,2
2018,1000,28,14,0
2018,1000,29,15,0
2018,1000,30,25,2
2018,1000,31,12,1
2018,1000,32,23,2
2018,1000,33,10,1
2018,1000,34,16,0
2018,1000,35,17,0
2018,1000,36,14,0
2018,1000,37,18,0
2018,1000,38,28,0
2018,1000,39,22,0
2018,1000,40,34,2
2018,1000,41,20,0
2018,1000,42,29,0
2018,1000,43,28,0
2018,1000,44,23,0
2018,1000,45,31,0
2018,1000,46,35,0
2018,1000,47,23,0
2018,1000,48,36,0
2018,1000,49,21,0
2018,1000,50,23,0
2018,1000,51,40,0
2018,1000,52,24,0
2018,1000,53,4,0
2018,1100,1,70,0
2018,1100,2,68,0
2018,1100,3,52,0
2018,1100,4,50,0
2018,1100,5,57,0
2018,1100,6,54,0
2018,1100,7,78,0
2018,1100,8,63,0
2018,1100,9,64,0
2018,1100,10,73,0
2018,1100,11,77,1
2018,1100,12,65,1
2018,1100,13,33,0
2018,1100,14,57,2
2018,1100,15,38,1
2018,1100,16,55,0
2018,1100,17,42,3
2018,1100,18,58,3
2018,1100,19,63,1
2018,1100,20,39,2
2018,1100,21,26,0
2018,1100,22,39,0
2018,1100,23,33,0
2018,1100,24,40,1
2018,1100,25,46,0
2018,1100,26,32,1
2018,1100,27,34,0
2018,1100,28,50,0
2018,1100,29,31,0
2018,1100,30,31,0
2018,1100,31,28,0
2018,1100,32,39,0
2018,1100,33,28,0
2018,1100,34,30,0
2018,1100,35,52,0
2018,1100,36,32,0
2018,1100,37,40,0
2018,1100,38,25,0
2018,1100,39,37,1
2018,1100,40,51,0
2018,1100,41,28,0
2018,1100,42,47,0
2018,1100,43,42,0
2018,1100,44,44,0
2018,1100,45,39,0
2018,1100,46,31,0
2018,1100,47,33,0
2018,1100,48,45,0
2018,1100,49,37,0
2018,1100,50,69,0
2018,1100,51,54,0
2018,1100,52,45,0
2018,1100,53,10,0
2018,1200,1,20,0
2018,1200,2,35,0
2018,1200,3,45,0
2018,1200,4,54,0
2018,1200,5,30,0
2018,1200,6,48,0
2018,1200,7,38,0
2018,1200,8,26,0
2018,1200,9,33,4
2018,1200,10,36,2
2018,1200,11,34,6
2018,1200,12,37,7
2018,1200,13,23,2
2018,1200,14,25,2
2018,1200,15,28,0
2018,1200,16,29,0
2018,1200,17,22,1
2018,1200,18,71,3
2018,1200,19,45,4
2018,1200,20,20,2
2018,1200,21,13,1
2018,1200,22,16,0
2018,1200,23,27,0
2018,1200,24,16,1
2018,1200,25,15,0
2018,1200,26,24,5
2018,1200,27,20,1
2018,1200,28,20,3
2018,1200,29,12,1
2018,1200,30,18,2
2018,1200,31,24,7
2018,1200,32,12,1
2018,1200,33,17,0
2018,1200,34,31,7
2018,1200,35,18,1
2018,1200,36,22,1
2018,1200,37,36,0
2018,1200,38,38,3
2018,1200,39,40,0
2018,1200,40,107,1
2018,1200,41,35,3
2018,1200,42,25,0
2018,1200,43,39,0
2018,1200,44,28,0
2018,1200,45,47,0
2018,1200,46,48,0
2018,1200,47,46,1
2018,1200,48,47,0
2018,1200,49,39,0
2018,1200,50,51,0
2018,1200,51,35,0
2018,1200,52,37,0
2018,1200,53,7,0
2018,1300,1,29,0
2018,1300,2,39,0
2018,1300,3,38,0
2018,1300,4,36,0
2018,1300,5,48,0
2018,1300,6,53,1
2018,1300,7,42,0
2018,1300,8,50,1
2018,1300,9,59,1
2018,1300,10,55,6
2018,1300,11,47,11
2018,1300,12,35,2
2018,1300,13,22,0
2018,1300,14,38,8
2018,1300,15,35,5
2018,1300,16,28,5
2018,1300,17,19,7
2018,1300,18,38,5
2018,1300,19,27,5
2018,1300,20,33,4
2018,1300,21,19,4
2018,1300,22,15,3
2018,1300,23,17,3
2018,1300,24,21,5
2018,1300,25,18,7
2018,1300,26,17,2
2018,1300,27,22,8
2018,1300,28,52,17
2018,1300,29,18,4
2018,1300,30,39,7
2018,1300,31,34,7
2018,1300,32,20,0
2018,1300,33,31,2
2018,1300,34,29,2
2018,1300,35,12,0
2018,1300,36,12,0
2018,1300,37,17,0
2018,1300,38,18,1
2018,1300,39,25,0
2018,1300,40,38,0
2018,1300,41,29,1
2018,1300,42,48,2
2018,1300,43,56,0
2018,1300,44,42,0
2018,1300,45,35,0
2018,1300,46,38,0
2018,1300,47,32,0
2018,1300,48,44,0
2018,1300,49,35,0
2018,1300,50,42,0
2018,1300,51,28,1
2018,1300,52,33,0
2018,1300,53,3,0
2018,1400,1,45,0
2018,1400,2,44,0
2018,1400,3,39,0
2018,1400,4,42,0
2018,1400,5,48,0
2018,1400,6,73,2
2018,1400,7,65,0
2018,1400,8,82,4
2018,1400,9,72,0
2018,1400,10,63,2
2018,1400,11,52,11
2018,1400,12,65,12
2018,1400,13,38,6
2018,1400,14,38,10
2018,1400,15,49,11
2018,1400,16,36,10
2018,1400,17,38,6
2018,1400,18,36,8
2018,1400,19,28,8
2018,1400,20,40,11
2018,1400,21,55,15
2018,1400,22,31,8
2018,1400,23,22,11
2018,1400,24,29,14
2018,1400,25,26,9
2018,1400,26,20,8
2018,1400,27,34,11
2018,1400,28,25,3
2018,1400,29,35,2
2018,1400,30,41,5
2018,1400,31,29,2
2018,1400,32,19,0
2018,1400,33,25,0
2018,1400,34,25,0
2018,1400,35,10,0
2018,1400,36,13,1
2018,1400,37,21,1
2018,1400,38,27,3
2018,1400,39,20,2
2018,1400,40,61,5
2018,1400,41,38,5
2018,1400,42,40,2
2018,1400,43,26,0
2018,1400,44,41,0
2018,1400,45,33,0
2018,1400,46,31,0
2018,1400,47,36,1
2018,1400,48,32,1
2018,1400,49,42,0
2018,1400,50,51,1
2018,1400,51,36,0
2018,1400,52,38,0
2018,1400,53,7,0
2018,1500,1,46,0
2018,1500,2,39,0
2018,1500,3,25,0
2018,1500,4,42,0
2018,1500,5,34,0
2018,1500,6,25,0
2018,1500,7,39,0
2018,1500,8,69,0
2018,1500,9,53,2
2018,1500,10,34,1
2018,1500,11,38,0
2018,1500,12,36,5
2018,1500,13,29,2
2018,1500,14,28,2
2018,1500,15,32,3
2018,1500,16,30,1
2018,1500,17,17,0
2018,1500,18,26,5
2018,1500,19,29,4
2018,1500,20,32,9
2018,1500,21,24,6
2018,1500,22,21,7
2018,1500,23,25,2
2018,1500,24,11,0
2018,1500,25,21,5
2018,1500,26,15,1
2018,1500,27,11,5
2018,1500,28,33,2
2018,1500,29,13,1
2018,1500,30,27,0
2018,1500,31,14,2
2018,1500,32,4,0
2018,1500,33,15,0
2018,1500,34,12,0
2018,1500,35,6,0
2018,1500,36,9,0
2018,1500,37,16,0
2018,1500,38,10,0
2018,1500,39,15,0
2018,1500,40,18,0
2018,1500,41,12,0
2018,1500,42,11,0
2018,1500,43,18,0
2018,1500,44,14,0
2018,1500,45,22,0
2018,1500,46,21,1
2018,1500,47,14,0
2018,1500,48,22,0
2018,1500,49,23,0
2018,1500,50,19,0
2018,1500,51,19,0
2018,1500,52,27,0
2018,1500,53,1,0
2018,1600,1,9,0
2018,1600,2,11,0
2018,1600,3,12,0
2018,1600,4,14,0
2018,1600,5,15,0
2018,1600,6,10,2
2018,1600,7,17,2
2018,1600,8,18,1
2018,1600,9,13,1
2018,1600,10,16,1
2018,1600,11,30,5
2018,1600,12,20,7
2018,1600,13,14,2
2018,1600,14,10,2
2018,1600,15,12,4
2018,1600,16,9,1
2018,1600,17,7,4
2018,1600,18,23,9
2018,1600,19,6,3
2018,1600,20,8,3
2018,1600,21,8,5
2018,1600,22,20,7
2018,1600,23,17,3
2018,1600,24,6,4
2018,1600,25,11,1
2018,1600,26,5,0
2018,1600,27,7,1
2018,1600,28,8,1
2018,1600,29,9,1
2018,1600,30,13,0
2018,1600,31,7,1
2018,1600,32,6,0
2018,1600,33,4,0
2018,1600,34,4,0
2018,1600,35,5,0
2018,1600,36,8,0
2018,1600,37,7,0
2018,1600,38,6,0
2018,1600,39,1,0
2018,1600,40,15,0
2018,1600,41,14,1
2018,1600,42,6,0
2018,1600,43,9,0
2018,1600,44,21,1
2018,1600,45,9,0
2018,1600,46,7,0
2018,1600,47,9,0
2018,1600,48,9,0
2018,1600,49,8,0
2018,1600,50,13,0
2018,1600,51,13,0
2018,1600,52,27,0
2018,1700,1,10,0
2018,1700,2,10,0
2018,1700,3,7,0
2018,1700,4,11,0
2018,1700,5,13,1
2018,1700,6,17,0
2018,1700,7,14,0
2018,1700,8,3,0
2018,1700,9,17,0
2018,1700,10,8,0
2018,1700,11,11,0
2018,1700,12,12,0
2018,1700,13,8,1
2018,1700,14,11,2
2018,1700,15,8,0
2018,1700,16,4,0
2018,1700,17,3,0
2018,1700,18,10,0
2018,1700,19,7,0
2018,1700,20,14,0
2018,1700,21,9,0
2018,1700,22,4,0
2018,1700,23,7,0
2018,1700,24,11,0
2018,1700,25,5,0
2018,1700,26,1,0
2018,1700,27,3,1
2018,1700,28,1,0
2018,1700,29,6,0
2018,1700,30,4,0
2018,1700,31,3,0
2018,1700,32,4,0
2018,1700,33,4,0
2018,1700,34,2,0
2018,1700,35,2,0
2018,1700,36,6,0
2018,1700,37,4,0
2018,1700,38,4,0
2018,1700,39,2,0
2018,1700,40,11,0
2018,1700,41,4,0
2018,1700,42,2,0
2018,1700,43,4,0
2018,1700,44,4,0
2018,1700,45,4,0
2018,1700,46,11,0
2018,1700,47,4,0
2018,1700,48,5,0
2018,1700,49,9,0
2018,1700,50,7,0
2018,1700,51,3,0
2018,1700,52,14,0
2018,1800,1,8,1
2018,1800,2,9,0
2018,1800,3,8,0
2018,1800,4,15,1
2018,1800,5,6,1
2018,1800,6,13,3
2018,1800,7,6,1
2018,1800,8,2,0
2018,1800,9,8,2
2018,1800,10,6,0
2018,1800,11,12,3
2018,1800,12,13,4
2018,1800,13,5,1
2018,1800,14,4,1
2018,1800,15,8,0
2018,1800,16,5,2
2018,1800,17,3,0
2018,1800,18,22,3
2018,1800,19,5,1
2018,1800,20,5,2
2018,1800,21,4,1
2018,1800,22,3,0
2018,1800,23,4,0
2018,1800,24,4,0
2018,1800,25,1,1
2018,1800,26,7,0
2018,1800,27,1,0
2018,1800,28,8,1
2018,1800,29,3,0
2018,1800,30,7,0
2018,1800,31,1,0
2018,1800,32,6,0
2018,1800,33,9,0
2018,1800,34,6,0
2018,1800,35,2,0
2018,1800,36,5,0
2018,1800,37,2,0
2018,1800,38,3,0
2018,1800,39,3,0
2018,1800,40,1,0
2018,1800,41,6,0
2018,1800,42,4,0
2018,1800,43,3,0
2018,1800,44,7,0
2018,1800,45,7,0
2018,1800,46,8,0
2018,1800,47,11,0
2018,1800,48,4,0
2018,1800,49,9,0
2018,1800,50,5,0
2018,1800,51,6,0
2018,1800,52,12,0
2018,1800,53,1,0
2018,1900,1,5,0
2018,1900,2,6,0
2018,1900,3,7,0
2018,1900,4,7,0
2018,1900,5,12,0
2018,1900,6,6,2
2018,1900,7,1,1
2018,1900,8,8,2
2018,1900,9,12,2
2018,1900,10,24,8
2018,1900,11,11,7
2018,1900,12,12,3
2018,1900,13,5,3
2018,1900,14,4,2
2018,1900,15,5,1
2018,1900,16,2,1
2018,1900,17,2,0
2018,1900,18,13,1
2018,1900,19,3,0
2018,1900,20,11,4
2018,1900,21,3,0
2018,1900,22,11,0
2018,1900,23,1,1
2018,1900,24,3,0
2018,1900,25,2,0
2018,1900,26,4,1
2018,1900,27,2,0
2018,1900,28,1,0
2018,1900,29,1,0
2018,1900,31,1,1
2018,1900,33,6,0
2018,1900,34,1,0
2018,1900,36,6,0
2018,1900,37,1,0
2018,1900,38,4,0
2018,1900,39,8,0
2018,1900,40,7,0
2018,1900,41,7,0
2018,1900,42,2,0
2018,1900,43,2,0
2018,1900,44,4,0
2018,1900,45,4,0
2018,1900,46,4,0
2018,1900,47,2,0
2018,1900,48,2,0
2018,1900,49,5,0
2018,1900,50,3,0
2018,1900,51,3,0
2018,1900,52,1,0
2018,1900,53,7,0
2018,2000,1,1,0
2018,2000,3,3,0
2018,2000,4,2,0
2018,2000,7,5,0
2018,2000,8,10,0
2018,2000,9,4,0
2018,2000,10,1,0
2018,2000,11,16,0
2018,2000,12,5,1
2018,2000,13,3,0
2018,2000,18,12,0
2018,2000,19,6,0
2018,2000,20,7,0
2018,2000,21,2,0
2018,2000,22,2,0
2018,2000,23,1,0
2018,2000,24,4,0
2018,2000,27,1,0
2018,2000,28,4,0
2018,2000,30,1,0
2018,2000,32,1,0
2018,2000,33,3,0
2018,2000,34,3,0
2018,2000,35,1,0
2018,2000,36,4,0
2018,2000,38,2,0
2018,2000,39,1,0
2018,2000,40,5,0
2018,2000,41,1,0
2018,2000,43,3,0
2018,2000,44,3,0
2018,2000,46,7,0
2018,2000,49,3,0
2018,2000,50,1,0
2018,2000,51,3,0
2018,2000,52,4,0
2018,2100,2,6,0
2018,2100,3,1,0
2018,2100,4,3,0
2018,2100,5,5,0
2018,2100,6,9,1
2018,2100,7,1,0
2018,2100,8,6,0
2018,2100,9,10,2
2018,2100,10,5,1
2018,2100,11,3,0
2018,2100,12,6,0
2018,2100,13,1,0
2018,2100,14,2,0
2018,2100,15,3,0
2018,2100,16,2,0
2018,2100,17,1,0
2018,2100,18,9,0
2018,2100,20,1,0
2018,2100,22,2,1
2018,2100,23,1,0
2018,2100,25,1,0
2018,2100,26,2,0
2018,2100,28,1,0
2018,2100,29,3,0
2018,2100,30,2,1
2018,2100,33,3,0
2018,2100,34,2,0
2018,2100,35,1,0
2018,2100,36,2,0
2018,2100,37,1,0
2018,2100,38,4,0
2018,2100,39,1,0
2018,2100,40,3,0
2018,2100,41,1,0
2018,2100,42,1,0
2018,2100,44,2,0
2018,2100,46,2,0
2018,2100,47,4,0
2018,2100,49,1,0
2018,2100,50,4,0
2018,2100,51,1,0
2018,2100,52,6,0
2018,2100,53,1,0
2018,2200,1,6,0
2018,2200,2,1,0
2018,2200,3,6,0
2018,2200,4,7,0
2018,2200,5,9,0
2018,2200,6,12,0
2018,2200,7,10,0
2018,2200,8,6,0
2018,2200,9,7,0
2018,2200,10,12,0
2018,2200,11,12,0
2018,2200,12,11,0
2018,2200,13,6,0
2018,2200,14,4,0
2018,2200,15,1,0
2018,2200,17,2,0
2018,2200,18,2,0
2018,2200,19,2,0
2018,2200,20,4,0
2018,2200,21,4,0
2018,2200,22,5,1
2018,2200,23,4,2
2018,2200,24,1,0
2018,2200,25,7,0
2018,2200,27,1,0
2018,2200,28,1,0
2018,2200,29,4,0
2018,2200,30,1,0
2018,2200,32,1,0
2018,2200,33,5,0
2018,2200,34,3,0
2018,2200,36,1,0
2018,2200,41,1,0
2018,2200,42,3,0
2018,2200,43,1,0
2018,2200,44,1,0
2018,2200,46,3,0
2018,2200,47,4,0
2018,2200,49,1,0
2018,2200,50,2,0
2018,2200,51,2,1
2018,2200,52,1,0
2018,2200,53,1,0
2018,2300,1,17,0
2018,2300,2,16,0
2018,2300,3,17,0
2018,2300,4,35,0
2018,2300,5,23,0
2018,2300,6,14,0
2018,2300,7,22,0
2018,2300,8,11,0
2018,2300,9,32,0
2018,2300,10,60,0
2018,2300,11,29,0
2018,2300,12,14,0
2018,2300,13,10,0
2018,2300,14,13,0
2018,2300,15,16,0
2018,2300,16,5,0
2018,2300,17,40,0
2018,2300,18,11,0
2018,2300,19,6,0
2018,2300,20,25,0
2018,2300,21,21,0
2018,2300,22,15,0
2018,2300,23,3,0
2018,2300,24,4,0
2018,2300,25,8,0
2018,2300,26,19,0
2018,2300,27,5,0
2018,2300,28,14,0
2018,2300,29,17,0
2018,2300,30,8,0
2018,2300,31,5,0
2018,2300,32,5,0
2018,2300,33,3,0
2018,2300,34,16,0
2018,2300,35,7,0
2018,2300,36,5,0
2018,2300,37,6,0
2018,2300,38,2,0
2018,2300,39,1,0
2018,2300,41,2,0
2018,2300,42,2,0
2018,2300,43,4,0
2018,2300,44,12,0
2018,2300,45,10,0
2018,2300,46,10,0
2018,2300,47,15,0
2018,2300,48,8,0
2018,2300,49,7,0
2018,2300,50,30,0
2018,2300,51,16,0
2018,2300,52,15,0
2018,2300,53,2,0
2018,2400,1,4,0
2018,2400,2,8,0
2018,2400,4,7,0
2018,2400,5,10,0
2018,2400,6,5,0
2018,2400,7,4,0
2018,2400,8,6,0
2018,2400,9,5,0
2018,2400,10,3,0
2018,2400,11,5,0
2018,2400,12,1,0
2018,2400,13,3,0
2018,2400,14,1,0
2018,2400,15,6,0
2018,2400,17,1,0
2018,2400,18,3,0
2018,2400,20,3,0
2018,2400,22,1,0
2018,2400,23,1,0
2018,2400,25,1,0
2018,2400,28,2,0
2018,2400,29,2,1
2018,2400,31,2,0
2018,2400,34,1,0
2018,2400,35,4,0
2018,2400,36,8,0
2018,2400,37,2,0
2018,2400,40,2,0
2018,2400,41,1,0
2018,2400,42,1,0
2018,2400,43,6,0
2018,2400,44,3,0
2018,2400,45,1,0
2018,2400,46,1,0
2018,2400,47,1,0
2018,2400,48,2,0
2018,2400,49,3,0
2018,2400,50,4,0
2018,2400,51,4,0
2018,2400,52,2,0
2018,2400,53,2,0
2019,0,1,435,1
2019,0,2,622,8
2019,0,3,594,10
2019,0,4,556,1
2019,0,5,500,2
2019,0,6,483,6
2019,0,7,483,0
2019,0,8,456,2
2019,0,9,436,4
2019,0,10,576,2
2019,0,11,611,1
2019,0,12,486,1
2019,0,13,523,0
2019,0,14,383,0
2019,0,15,276,0
2019,0,16,279,3
2019,0,17,302,0
2019,0,18,434,0
2019,0,19,210,0
2019,0,20,208,0
2019,0,21,170,0
2019,0,22,121,0
2019,0,23,201,0
2019,0,24,147,0
2019,0,25,169,0
2019,0,26,158,0
2019,0,27,161,1
2019,0,28,205,1
2019,0,29,201,5
2019,0,30,349,0
2019,0,31,310,1
2019,0,32,230,6
2019,0,33,206,5
2019,0,34,194,9
2019,0,35,199,8
2019,0,36,210,0
2019,0,37,213,0
2019,0,38,212,1
2019,0,39,209,2
2019,0,40,263,3
2019,0,41,257,0
2019,0,42,470,4
2019,0,43,324,0
2019,0,44,369,0
2019,0,45,471,0
2019,0,46,432,0
2019,0,47,324,0
2019,0,48,394,0
2019,0,49,449,1
2019,0,50,455,0
2019,0,51,476,2
2019,0,52,502,8
2019,0,53,77,0
2019,100,1,114,1
2019,100,2,100,0
2019,100,3,107,0
2019,100,4,115,0
2019,100,5,129,1
2019,100,6,104,2
2019,100,7,105,0
2019,100,8,123,3
2019,100,9,112,0
2019,100,10,119,0
2019,100,11,78,0
2019,100,12,105,1
2019,100,13,83,0
2019,100,14,73,0
2019,100,15,51,0
2019,100,16,54,1
2019,100,17,55,0
2019,100,18,100,0
2019,100,19,75,0
2019,100,20,52,0
2019,100,21,61,0
2019,100,22,54,0
2019,100,23,48,0
2019,100,24,60,0
2019,100,25,48,0
2019,100,26,53,0
2019,100,27,34,0
2019,100,28,39,0
2019,100,29,43,0
2019,100,30,56,0
2019,100,31,71,0
2019,100,32,38,0
2019,100,33,38,0
2019,100,34,29,0
2019,100,35,55,0
2019,100,36,79,0
2019,100,37,74,0
2019,100,38,51,0
2019,100,39,73,0
2019,100,40,91,0
2019,100,41,71,1
2019,100,42,121,0
2019,100,43,95,0
2019,100,44,76,0
2019,100,45,85,0
2019,100,46,97,0
2019,100,47,69,1
2019,100,48,76,1
2019,100,49,83,0
2019,100,50,99,0
2019,100,51,97,0
2019,100,52,100,0
2019,100,53,15,0
2019,200,1,62,0
2019,200,2,96,0
2019,200,3,52,0
2019,200,4,51,0
2019,200,5,68,0
2019,200,6,55,0
2019,200,7,60,0
2019,200,8,86,0
2019,200,9,46,0
2019,200,10,76,0
2019,200,11,46,0
2019,200,12,62,0
2019,200,13,65,0
2019,200,14,55,0
2019,200,15,67,0
2019,200,16,61,0
2019,200,17,53,0
2019,200,18,71,0
2019,200,19,30,0
2019,200,20,30,0
2019,200,21,31,0
2019,200,22,16,0
2019,200,23,32,0
2019,200,24,19,0
2019,200,25,16,0
2019,200,26,15,0
2019,200,27,29,0
2019,200,28,30,0
2019,200,29,39,0
2019,200,30,30,0
2019,200,31,31,0
2019,200,32,15,0
2019,200,33,25,0
2019,200,34,29,0
2019,200,35,33,0
2019,200,36,49,0
2019,200,37,14,0
2019,200,38,26,0
2019,200,39,30,0
2019,200,40,39,0
2019,200,41,30,0
2019,200,42,85,0
2019,200,43,41,0
2019,200,44,25,0
2019,200,45,33,0
2019,200,46,31,0
2019,200,47,26,0
2019,200,48,33,0
2019,200,49,51,1
2019,200,50,56,0
2019,200,51,41,0
2019,200,52,61,0
2019,200,53,8,0
2019,300,1,48,0
2019,300,2,50,0
2019,300,3,39,0
2019,300,4,56,0
2019,300,5,45,0
2019,300,6,36,0
2019,300,7,54,0
2019,300,8,47,0
2019,300,9,29,0
2019,300,10,48,0
2019,300,11,45,0
2019,300,12,53,0
2019,300,13,57,0
2019,300,14,40,0
2019,300,15,50,0
2019,300,16,46,0
2019,300,17,22,0
2019,300,18,54,1
2019,300,19,27,0
2019,300,20,19,0
2019,300,21,28,0
2019,300,22,16,0
2019,300,23,27,0
2019,300,24,18,0
2019,300,25,15,0
2019,300,26,30,1
2019,300,27,16,0
2019,300,28,22,0
2019,300,29,14,0
2019,300,30,18,0
2019,300,31,24,0
2019,300,32,32,0
2019,300,33,33,1
2019,300,34,32,0
2019,300,35,20,0
2019,300,36,10,0
2019,300,37,15,0
2019,300,38,26,0
2019,300,39,12,0
2019,300,40,23,0
2019,300,41,37,0
2019,300,42,52,0
2019,300,43,25,0
2019,300,44,18,0
2019,300,45,49,0
2019,300,46,33,0
2019,300,47,53,0
2019,300,48,21,0
2019,300,49,55,0
2019,300,50,57,0
2019,300,51,36,0
2019,300,52,44,0
2019,300,53,6,0
2019,400,1,34,0
2019,400,2,30,0
2019,400,3,16,0
2019,400,4,29,0
2019,400,5,36,1
2019,400,6,17,1
2019,400,7,40,0
2019,400,8,40,0
2019,400,9,37,0
2019,400,10,53,0
2019,400,11,59,0
2019,400,12,28,0
2019,400,13,25,0
2019,400,14,38,0
2019,400,15,28,0
2019,400,16,22,0
2019,400,17,31,0
2019,400,18,56,0
2019,400,19,15,0
2019,400,20,7,0
2019,400,21,5,0
2019,400,22,9,0
2019,400,23,17,0
2019,400,24,13,0
2019,400,25,27,1
2019,400,26,27,0
2019,400,27,16,0
2019,400,28,6,0
2019,400,29,14,0
2019,400,30,22,0
2019,400,31,20,0
2019,400,32,11,0
2019,400,33,10,0
2019,400,34,16,0
2019,400,35,11,0
2019,400,36,4,0
2019,400,37,7,0
2019,400,38,16,0
2019,400,39,7,0
2019,400,40,5,0
2019,400,41,16,0
2019,400,42,33,0
2019,400,43,20,0
2019,400,44,28,0
2019,400,45,19,0
2019,400,46,28,0
2019,400,47,21,0
2019,400,48,20,0
2019,400,49,32,1
2019,400,50,42,0
2019,400,51,34,0
2019,400,52,32,0
2019,400,53,5,0
2019,500,1,74,0
2019,500,2,95,1
2019,500,3,66,0
2019,500,4,76,0
2019,500,5,67,0
2019,500,6,51,0
2019,500,7,86,0
2019,500,8,95,0
2019,500,9,63,0
2019,500,10,79,0
2019,500,11,55,0
2019,500,12,87,0
2019,500,13,93,0
2019,500,14,54,0
2019,500,15,50,0
2019,500,16,78,0
2019,500,17,49,0
2019,500,18,102,0
2019,500,19,35,0
2019,500,20,26,0
2019,500,21,33,0
2019,500,22,34,0
2019,500,23,32,0
2019,500,24,18,0
2019,500,25,20,0
2019,500,26,26,0
2019,500,27,23,0
2019,500,28,32,0
2019,500,29,44,0
2019,500,30,41,0
2019,500,31,60,0
2019,500,32,34,0
2019,500,33,26,0
2019,500,34,22,0
2019,500,35,37,0
2019,500,36,24,0
2019,500,37,29,0
2019,500,38,26,0
2019,500,39,25,0
2019,500,40,32,0
2019,500,41,41,0
2019,500,42,76,0
2019,500,43,31,0
2019,500,44,42,0
2019,500,45,51,0
2019,500,46,36,0
2019,500,47,47,0
2019,500,48,48,0
2019,500,49,63,0
2019,500,50,66,0
2019,500,51,67,0
2019,500,52,61,0
2019,500,53,4,0
2019,600,1,104,1
2019,600,2,101,0
2019,600,3,155,0
2019,600,4,118,0
2019,600,5,100,0
2019,600,6,93,0
2019,600,7,133,1
2019,600,8,125,1
2019,600,9,147,0
2019,600,10,138,1
2019,600,11,124,1
2019,600,12,132,0
2019,600,13,105,0
2019,600,14,113,1
2019,600,15,66,0
2019,600,16,90,0
2019,600,17,82,0
2019,600,18,133,0
2019,600,19,96,0
2019,600,20,42,0
2019,600,21,42,0
2019,600,22,61,0
2019,600,23,61,0
2019,600,24,31,0
2019,600,25,41,0
2019,600,26,58,5
2019,600,27,38,4
2019,600,28,49,0
2019,600,29,47,0
2019,600,30,34,0
2019,600,31,100,7
2019,600,32,36,0
2019,600,33,98,0
2019,600,34,72,0
2019,600,35,45,0
2019,600,36,33,0
2019,600,37,47,0
2019,600,38,26,0
2019,600,39,48,1
2019,600,40,33,0
2019,600,41,24,0
2019,600,42,83,0
2019,600,43,51,0
2019,600,44,56,0
2019,600,45,72,1
2019,600,46,116,0
2019,600,47,56,0
2019,600,48,60,0
2019,600,49,70,0
2019,600,50,85,0
2019,600,51,50,0
2019,600,52,69,0
2019,600,53,14,0
2019,700,1,70,0
2019,700,2,71,0
2019,700,3,53,2
2019,700,4,48,0
2019,700,5,62,0
2019,700,6,63,0
2019,700,7,62,0
2019,700,8,83,0
2019,700,9,65,0
2019,700,10,59,1
2019,700,11,71,1
2019,700,12,85,0
2019,700,13,62,0
2019,700,14,74,0
2019,700,15,75,1
2019,700,16,67,0
2019,700,17,41,2
2019,700,18,83,10
2019,700,19,21,0
2019,700,20,32,1
2019,700,21,28,0
2019,700,22,23,1
2019,700,23,17,0
2019,700,24,24,0
2019,700,25,20,2
2019,700,26,23,0
2019,700,27,22,0
2019,700,28,33,1
2019,700,29,47,2
2019,700,30,23,3
2019,700,31,32,1
2019,700,32,29,4
2019,700,33,38,1
2019,700,34,40,1
2019,700,35,76,0
2019,700,36,64,0
2019,700,37,57,0
2019,700,38,42,0
2019,700,39,19,0
2019,700,40,30,0
2019,700,41,33,1
2019,700,42,107,3
2019,700,43,47,0
2019,700,44,54,0
2019,700,45,44,0
2019,700,46,55,1
2019,700,47,41,1
2019,700,48,40,0
2019,700,49,59,2
2019,700,50,40,0
2019,700,51,49,0
2019,700,52,48,0
2019,700,53,11,0
2019,800,1,99,0
2019,800,2,88,0
2019,800,3,89,0
2019,800,4,87,0
2019,800,5,73,1
2019,800,6,69,0
2019,800,7,97,0
2019,800,8,89,0
2019,800,9,59,0
2019,800,10,79,0
2019,800,11,37,0
2019,800,12,62,0
2019,800,13,67,0
2019,800,14,66,0
2019,800,15,53,1
2019,800,16,41,1
2019,800,17,40,0
2019,800,18,97,2
2019,800,19,45,1
2019,800,20,34,0
2019,800,21,42,0
2019,800,22,30,0
2019,800,23,50,0
2019,800,24,42,0
2019,800,25,33,0
2019,800,26,46,0
2019,800,27,37,0
2019,800,28,59,0
2019,800,29,50,0
2019,800,30,43,0
2019,800,31,46,0
2019,800,32,59,1
2019,800,33,44,0
2019,800,34,38,1
2019,800,35,52,0
2019,800,36,47,0
2019,800,37,34,0
2019,800,38,36,0
2019,800,39,46,0
2019,800,40,30,1
2019,800,41,38,1
2019,800,42,58,0
2019,800,43,42,0
2019,800,44,69,0
2019,800,45,52,0
2019,800,46,59,0
2019,800,47,58,0
2019,800,48,43,0
2019,800,49,50,0
2019,800,50,46,0
2019,800,51,33,0
2019,800,52,60,0
2019,800,53,28,0
2019,900,1,61,0
2019,900,2,53,0
2019,900,3,74,0
2019,900,4,71,0
2019,900,5,33,0
2019,900,6,63,0
2019,900,7,78,1
2019,900,8,86,1
2019,900,9,85,1
2019,900,10,55,1
2019,900,11,76,0
2019,900,12,78,1
2019,900,13,53,1
2019,900,14,37,1
2019,900,15,24,0
2019,900,16,40,0
2019,900,17,26,1
2019,900,18,48,1
2019,900,19,36,0
2019,900,20,21,1
2019,900,21,11,0
2019,900,22,28,0
2019,900,23,22,0
2019,900,24,10,0
2019,900,25,21,0
2019,900,26,30,1
2019,900,27,5,0
2019,900,28,16,0
2019,900,29,36,0
2019,900,30,43,1
2019,900,31,66,0
2019,900,32,28,0
2019,900,33,28,0
2019,900,34,28,0
2019,900,35,50,0
2019,900,36,45,1
2019,900,37,37,0
2019,900,38,18,0
2019,900,39,45,0
2019,900,40,37,0
2019,900,41,45,0
2019,900,42,74,1
2019,900,43,48,0
2019,900,44,39,0
2019,900,45,36,0
2019,900,46,43,0
2019,900,47,48,0
2019,900,48,34,0
2019,900,49,40,0
2019,900,50,42,0
2019,900,51,101,0
2019,900,52,89,0
2019,900,53,16,0
2019,1000,1,69,0
2019,1000,2,54,0
2019,1000,3,51,0
2019,1000,4,34,0
2019,1000,5,33,0
2019,1000,6,41,0
2019,1000,7,38,2
2019,1000,8,47,5
2019,1000,9,44,4
2019,1000,10,42,1
2019,1000,11,52,3
2019,1000,12,30,2
2019,1000,13,44,1
2019,1000,14,24,1
2019,1000,15,53,3
2019,1000,16,61,1
2019,1000,17,29,1
2019,1000,18,59,0
2019,1000,19,38,1
2019,1000,20,18,0
2019,1000,21,23,1
2019,1000,22,19,1
2019,1000,23,26,2
2019,1000,24,12,0
2019,1000,25,14,0
2019,1000,26,19,0
2019,1000,27,28,0
2019,1000,28,19,0
2019,1000,29,49,0
2019,1000,30,23,2
2019,1000,31,35,5
2019,1000,32,36,0
2019,1000,33,22,1
2019,1000,34,37,1
2019,1000,35,32,3
2019,1000,36,115,10
2019,1000,37,30,1
2019,1000,38,65,0
2019,1000,39,60,0
2019,1000,40,63,0
2019,1000,41,61,0
2019,1000,42,51,0
2019,1000,43,54,0
2019,1000,44,34,0
2019,1000,45,44,0
2019,1000,46,21,0
2019,1000,47,34,0
2019,1000,48,35,0
2019,1000,49,38,0
2019,1000,50,45,0
2019,1000,51,36,0
2019,1000,52,45,0
2019,1000,53,7,0
2019,1100,1,81,0
2019,1100,2,82,0
2019,1100,3,110,0
2019,1100,4,109,0
2019,1100,5,71,0
2019,1100,6,69,0
2019,1100,7,80,1
2019,1100,8,56,2
2019,1100,9,68,8
2019,1100,10,66,1
2019,1100,11,76,3
2019,1100,12,86,3
2019,1100,13,83,2
2019,1100,14,59,0
2019,1100,15,52,1
2019,1100,16,43,2
2019,1100,17,70,0
2019,1100,18,65,0
2019,1100,19,67,0
2019,1100,20,42,1
2019,1100,21,60,6
2019,1100,22,63,1
2019,1100,23,45,1
2019,1100,24,48,0
2019,1100,25,47,1
2019,1100,26,45,1
2019,1100,27,41,2
2019,1100,28,40,0
2019,1100,29,40,1
2019,1100,30,54,2
2019,1100,31,61,1
2019,1100,32,56,2
2019,1100,33,78,1
2019,1100,34,68,2
2019,1100,35,57,0
2019,1100,36,74,0
2019,1100,37,62,0
2019,1100,38,73,0
2019,1100,39,52,0
2019,1100,40,57,0
2019,1100,41,77,0
2019,1100,42,88,2
2019,1100,43,50,0
2019,1100,44,73,0
2019,1100,45,57,0
2019,1100,46,45,0
2019,1100,47,70,0
2019,1100,48,63,0
2019,1100,49,71,0
2019,1100,50,84,0
2019,1100,51,59,0
2019,1100,52,75,0
2019,1100,53,1,0
2019,1200,1,42,0
2019,1200,2,39,0
2019,1200,3,38,0
2019,1200,4,79,1
2019,1200,5,67,0
2019,1200,6,47,1
2019,1200,7,45,1
2019,1200,8,37,2
2019,1200,9,48,4
2019,1200,10,30,4
2019,1200,11,38,6
2019,1200,12,68,2
2019,1200,13,65,1
2019,1200,14,48,3
2019,1200,15,51,3
2019,1200,16,31,2
2019,1200,17,30,2
2019,1200,18,71,4
2019,1200,19,26,0
2019,1200,20,18,1
2019,1200,21,21,1
2019,1200,22,32,1
2019,1200,23,32,5
2019,1200,24,29,1
2019,1200,25,29,5
2019,1200,26,21,1
2019,1200,27,32,6
2019,1200,28,46,3
2019,1200,29,37,2
2019,1200,30,37,6
2019,1200,31,46,7
2019,1200,32,34,6
2019,1200,33,46,4
2019,1200,34,35,0
2019,1200,35,31,5
2019,1200,36,27,1
2019,1200,37,37,0
2019,1200,38,31,3
2019,1200,39,30,0
2019,1200,40,50,0
2019,1200,41,48,0
2019,1200,42,62,1
2019,1200,43,80,1
2019,1200,44,79,0
2019,1200,45,34,0
2019,1200,46,39,0
2019,1200,47,44,0
2019,1200,48,33,0
2019,1200,49,51,1
2019,1200,50,48,0
2019,1200,51,40,0
2019,1200,52,48,0
2019,1200,53,15,0
2019,1300,1,170,1
2019,1300,2,54,0
2019,1300,3,74,0
2019,1300,4,67,0
2019,1300,5,62,1
2019,1300,6,59,2
2019,1300,7,61,4
2019,1300,8,51,4
2019,1300,9,75,6
2019,1300,10,58,11
2019,1300,11,55,8
2019,1300,12,60,9
2019,1300,13,72,7
2019,1300,14,51,11
2019,1300,15,61,5
2019,1300,16,28,4
2019,1300,17,36,2
2019,1300,18,58,6
2019,1300,19,39,7
2019,1300,20,36,16
2019,1300,21,9,3
2019,1300,22,41,4
2019,1300,23,23,8
2019,1300,24,22,3
2019,1300,25,31,9
2019,1300,26,22,3
2019,1300,27,33,8
2019,1300,28,26,4
2019,1300,29,52,12
2019,1300,30,33,8
2019,1300,31,21,2
2019,1300,32,27,2
2019,1300,33,32,0
2019,1300,34,26,1
2019,1300,35,39,4
2019,1300,36,36,10
2019,1300,37,26,0
2019,1300,38,26,1
2019,1300,39,41,2
2019,1300,40,26,1
2019,1300,41,33,0
2019,1300,42,50,5
2019,1300,43,40,2
2019,1300,44,48,0
2019,1300,45,40,0
2019,1300,46,36,0
2019,1300,47,65,0
2019,1300,48,47,0
2019,1300,49,49,1
2019,1300,50,55,1
2019,1300,51,45,0
2019,1300,52,55,0
2019,1300,53,10,0
2019,1400,1,52,0
2019,1400,2,59,1
2019,1400,3,71,0
2019,1400,4,69,1
2019,1400,5,73,3
2019,1400,6,74,2
2019,1400,7,78,8
2019,1400,8,71,13
2019,1400,9,71,15
2019,1400,10,94,21
2019,1400,11,86,25
2019,1400,12,84,21
2019,1400,13,117,29
2019,1400,14,63,17
2019,1400,15,53,12
2019,1400,16,50,14
2019,1400,17,30,8
2019,1400,18,72,19
2019,1400,19,42,14
2019,1400,20,36,10
2019,1400,21,21,6
2019,1400,22,34,7
2019,1400,23,28,7
2019,1400,24,24,7
2019,1400,25,28,9
2019,1400,26,18,8
2019,1400,27,41,21
2019,1400,28,52,16
2019,1400,29,41,8
2019,1400,30,41,19
2019,1400,31,40,9
2019,1400,32,41,11
2019,1400,33,42,10
2019,1400,34,37,10
2019,1400,35,39,12
2019,1400,36,49,7
2019,1400,37,42,8
2019,1400,38,36,3
2019,1400,39,25,2
2019,1400,40,45,1
2019,1400,41,37,0
2019,1400,42,57,3
2019,1400,43,46,5
2019,1400,44,32,1
2019,1400,45,49,0
2019,1400,46,50,0
2019,1400,47,68,0
2019,1400,48,55,0
2019,1400,49,50,0
2019,1400,50,55,0
2019,1400,51,66,1
2019,1400,52,78,1
2019,1400,53,8,0
2019,1500,1,28,0
2019,1500,2,30,0
2019,1500,3,33,0
2019,1500,4,49,1
2019,1500,5,33,0
2019,1500,6,20,1
2019,1500,7,37,5
2019,1500,8,44,7
2019,1500,9,43,9
2019,1500,10,47,20
2019,1500,11,31,7
2019,1500,12,45,15
2019,1500,13,42,18
2019,1500,14,24,8
2019,1500,15,24,10
2019,1500,16,26,17
2019,1500,17,11,4
2019,1500,18,41,14
2019,1500,19,24,10
2019,1500,20,28,11
2019,1500,21,24,9
2019,1500,22,26,5
2019,1500,23,10,1
2019,1500,24,11,2
2019,1500,25,33,4
2019,1500,26,23,2
2019,1500,27,24,2
2019,1500,28,15,1
2019,1500,29,13,0
2019,1500,30,11,2
2019,1500,31,27,3
2019,1500,32,16,1
2019,1500,33,10,1
2019,1500,34,7,1
2019,1500,35,19,0
2019,1500,36,19,1
2019,1500,37,16,0
2019,1500,38,16,0
2019,1500,39,12,1
2019,1500,40,19,0
2019,1500,41,9,0
2019,1500,42,26,1
2019,1500,43,10,0
2019,1500,44,18,0
2019,1500,45,23,0
2019,1500,46,28,0
2019,1500,47,28,0
2019,1500,48,36,0
2019,1500,49,40,0
2019,1500,50,57,0
2019,1500,51,52,0
2019,1500,52,61,1
2019,1500,53,5,0
2019,1600,1,16,0
2019,1600,2,13,0
2019,1600,3,25,0
2019,1600,4,20,1
2019,1600,5,17,0
2019,1600,6,15,2
2019,1600,7,15,8
2019,1600,8,10,2
2019,1600,9,19,4
2019,1600,10,34,9
2019,1600,11,29,7
2019,1600,12,44,12
2019,1600,13,23,11
2019,1600,14,25,11
2019,1600,15,15,6
2019,1600,16,29,10
2019,1600,17,11,1
2019,1600,18,29,10
2019,1600,19,6,1
2019,1600,20,5,2
2019,1600,21,12,2
2019,1600,22,16,3
2019,1600,23,13,5
2019,1600,24,9,0
2019,1600,25,9,3
2019,1600,26,6,2
2019,1600,27,7,0
2019,1600,28,10,4
2019,1600,29,11,0
2019,1600,30,14,0
2019,1600,31,15,1
2019,1600,32,7,2
2019,1600,33,8,1
2019,1600,34,6,1
2019,1600,35,12,2
2019,1600,36,11,1
2019,1600,37,7,0
2019,1600,38,20,2
2019,1600,39,7,0
2019,1600,40,12,0
2019,1600,41,8,0
2019,1600,42,21,0
2019,1600,43,13,0
2019,1600,44,13,1
2019,1600,45,12,1
2019,1600,46,6,0
2019,1600,47,15,0
2019,1600,48,11,0
2019,1600,49,18,1
2019,1600,50,23,0
2019,1600,51,19,2
2019,1600,52,31,1
2019,1600,53,5,0
2019,1700,1,17,0
2019,1700,2,17,0
2019,1700,3,24,0
2019,1700,4,21,0
2019,1700,5,25,1
2019,1700,6,10,0
2019,1700,7,14,0
2019,1700,8,28,2
2019,1700,9,19,2
2019,1700,10,17,1
2019,1700,11,8,0
2019,1700,12,12,0
2019,1700,13,18,0
2019,1700,14,11,1
2019,1700,15,6,0
2019,1700,16,14,0
2019,1700,17,9,1
2019,1700,18,24,4
2019,1700,19,2,0
2019,1700,20,4,0
2019,1700,21,5,0
2019,1700,22,5,0
2019,1700,23,6,1
2019,1700,24,2,1
2019,1700,25,3,0
2019,1700,26,3,0
2019,1700,27,6,0
2019,1700,28,4,0
2019,1700,29,6,0
2019,1700,30,5,0
2019,1700,31,11,0
2019,1700,32,9,0
2019,1700,33,8,0
2019,1700,34,8,0
2019,1700,35,4,0
2019,1700,36,5,1
2019,1700,37,4,0
2019,1700,38,5,1
2019,1700,39,6,0
2019,1700,40,13,1
2019,1700,41,13,1
2019,1700,42,13,1
2019,1700,43,8,0
2019,1700,44,11,0
2019,1700,45,7,0
2019,1700,46,13,6
2019,1700,47,3,0
2019,1700,48,18,0
2019,1700,49,6,0
2019,1700,50,18,2
2019,1700,51,19,1
2019,1700,52,12,0
2019,1800,1,5,0
2019,1800,2,11,0
2019,1800,3,15,0
2019,1800,4,20,0
2019,1800,5,10,1
2019,1800,6,9,0
2019,1800,7,8,4
2019,1800,8,8,3
2019,1800,9,6,1
2019,1800,10,11,1
2019,1800,11,11,4
2019,1800,12,23,3
2019,1800,13,14,2
2019,1800,14,8,3
2019,1800,15,26,3
2019,1800,16,9,2
2019,1800,17,5,1
2019,1800,18,27,8
2019,1800,19,5,0
2019,1800,20,8,0
2019,1800,21,3,0
2019,1800,22,6,1
2019,1800,23,7,0
2019,1800,24,9,1
2019,1800,25,1,0
2019,1800,27,3,1
2019,1800,28,8,2
2019,1800,29,6,0
2019,1800,30,6,0
2019,1800,31,6,0
2019,1800,32,9,2
2019,1800,33,6,0
2019,1800,34,2,0
2019,1800,35,11,0
2019,1800,36,4,0
2019,1800,37,15,0
2019,1800,38,1,0
2019,1800,39,3,0
2019,1800,40,4,0
2019,1800,41,15,0
2019,1800,42,16,0
2019,1800,43,7,0
2019,1800,44,11,0
2019,1800,45,7,0
2019,1800,46,6,0
2019,1800,47,9,0
2019,1800,48,8,1
2019,1800,49,6,1
2019,1800,50,11,1
2019,1800,51,13,0
2019,1800,52,20,2
2019,1800,53,1,0
2019,1900,1,13,0
2019,1900,2,2,0
2019,1900,3,6,0
2019,1900,4,8,0
2019,1900,5,11,1
2019,1900,6,5,0
2019,1900,7,9,2
2019,1900,8,5,0
2019,1900,9,14,3
2019,1900,10,2,1
2019,1900,11,5,1
2019,1900,12,12,2
2019,1900,13,26,9
2019,1900,14,23,9
2019,1900,15,15,6
2019,1900,16,51,9
2019,1900,17,3,0
2019,1900,18,12,0
2019,1900,19,2,0
2019,1900,21,6,0
2019,1900,22,5,1
2019,1900,23,3,0
2019,1900,24,3,0
2019,1900,25,3,0
2019,1900,28,5,0
2019,1900,29,7,0
2019,1900,30,4,0
2019,1900,31,19,1
2019,1900,32,6,0
2019,1900,33,3,0
2019,1900,34,9,0
2019,1900,35,5,0
2019,1900,36,9,0
2019,1900,37,5,0
2019,1900,38,5,0
2019,1900,39,8,0
2019,1900,40,6,0
2019,1900,41,3,0
2019,1900,42,4,0
2019,1900,43,6,0
2019,1900,44,16,0
2019,1900,45,5,0
2019,1900,46,10,2
2019,1900,47,14,1
2019,1900,48,14,0
2019,1900,49,10,0
2019,1900,50,8,0
2019,1900,51,9,0
2019,1900,52,9,0
2019,1900,53,1,0
2019,2000,1,10,0
2019,2000,2,7,0
2019,2000,3,2,0
2019,2000,4,8,0
2019,2000,5,7,0
2019,2000,6,2,0
2019,2000,7,5,0
2019,2000,8,1,0
2019,2000,9,2,0
2019,2000,10,4,0
2019,2000,12,7,0
2019,2000,13,6,0
2019,2000,15,2,0
2019,2000,16,2,0
2019,2000,17,2,0
2019,2000,18,3,0
2019,2000,19,1,0
2019,2000,20,2,0
2019,2000,21,1,0
2019,2000,22,1,0
2019,2000,23,1,0
2019,2000,25,3,0
2019,2000,27,1,0
2019,2000,28,1,0
2019,2000,29,1,0
2019,2000,30,3,0
2019,2000,31,5,0
2019,2000,32,4,0
2019,2000,33,1,0
2019,2000,34,1,0
2019,2000,35,1,0
2019,2000,36,3,0
2019,2000,37,2,0
2019,2000,39,2,0
2019,2000,40,2,0
2019,2000,42,3,0
2019,2000,43,1,0
2019,2000,45,4,0
2019,2000,46,8,0
2019,2000,47,5,0
2019,2000,48,3,0
2019,2000,49,1,0
2019,2000,50,10,0
2019,2000,51,4,0
2019,2000,52,11,0
2019,2000,53,1,0
2019,2100,1,10,0
2019,2100,2,7,0
2019,2100,3,3,1
2019,2100,4,5,0
2019,2100,5,5,0
2019,2100,6,10,0
2019,2100,7,3,1
2019,2100,8,4,0
2019,2100,9,11,1
2019,2100,10,9,0
2019,2100,11,4,1
2019,2100,12,7,0
2019,2100,13,2,0
2019,2100,14,6,1
2019,2100,15,6,2
2019,2100,16,1,0
2019,2100,17,2,0
2019,2100,18,11,0
2019,2100,19,1,0
2019,2100,20,1,0
2019,2100,21,1,0
2019,2100,22,2,0
2019,2100,23,1,0
2019,2100,25,4,0
2019,2100,26,1,0
2019,2100,27,2,0
2019,2100,30,2,0
2019,2100,31,5,0
2019,2100,32,3,1
2019,2100,33,1,0
2019,2100,34,4,0
2019,2100,35,3,0
2019,2100,36,2,0
2019,2100,38,3,0
2019,2100,39,5,0
2019,2100,40,7,0
2019,2100,41,9,0
2019,2100,42,6,0
2019,2100,43,4,0
2019,2100,44,4,0
2019,2100,45,4,1
2019,2100,46,2,0
2019,2100,47,14,0
2019,2100,48,2,0
2019,2100,49,1,0
2019,2100,50,4,0
2019,2100,52,4,0
2019,2100,53,1,0
2019,2200,1,3,0
2019,2200,2,13,0
2019,2200,3,3,0
2019,2200,4,10,0
2019,2200,5,10,0
2019,2200,6,14,0
2019,2200,7,6,0
2019,2200,8,3,0
2019,2200,9,8,0
2019,2200,10,2,0
2019,2200,11,5,0
2019,2200,12,7,0
2019,2200,13,8,0
2019,2200,14,5,0
2019,2200,15,5,0
2019,2200,16,2,0
2019,2200,17,7,0
2019,2200,18,6,0
2019,2200,20,1,0
2019,2200,21,1,0
2019,2200,22,6,0
2019,2200,25,3,0
2019,2200,27,1,0
2019,2200,28,3,0
2019,2200,29,1,0
2019,2200,30,3,0
2019,2200,31,7,0
2019,2200,32,1,0
2019,2200,33,1,0
2019,2200,35,1,0
2019,2200,36,2,0
2019,2200,37,12,0
2019,2200,38,7,0
2019,2200,39,7,0
2019,2200,40,4,0
2019,2200,41,3,0
2019,2200,42,4,0
2019,2200,43,1,0
2019,2200,44,2,0
2019,2200,45,5,0
2019,2200,46,2,0
2019,2200,47,11,0
2019,2200,48,4,0
2019,2200,50,3,0
2019,2200,51,1,0
2019,2200,52,1,0
2019,2300,1,21,0
2019,2300,2,38,0
2019,2300,3,33,0
2019,2300,4,18,1
2019,2300,5,19,0
2019,2300,6,18,0
2019,2300,7,30,0
2019,2300,8,31,0
2019,2300,9,28,0
2019,2300,10,32,0
2019,2300,11,18,0
2019,2300,12,35,0
2019,2300,13,24,0
2019,2300,14,12,0
2019,2300,15,17,0
2019,2300,16,18,0
2019,2300,17,11,0
2019,2300,18,22,0
2019,2300,19,18,0
2019,2300,20,21,0
2019,2300,21,4,0
2019,2300,22,21,0
2019,2300,23,1,0
2019,2300,24,17,0
2019,2300,25,11,0
2019,2300,26,5,0
2019,2300,27,20,0
2019,2300,28,12,0
2019,2300,29,24,0
2019,2300,30,17,0
2019,2300,31,10,0
2019,2300,32,20,0
2019,2300,33,2,0
2019,2300,34,2,0
2019,2300,35,4,0
2019,2300,36,12,0
2019,2300,37,15,0
2019,2300,38,9,0
2019,2300,39,1,0
2019,2300,40,3,0
2019,2300,41,4,0
2019,2300,42,4,0
2019,2300,43,6,0
2019,2300,44,15,0
2019,2300,45,16,0
2019,2300,46,22,0
2019,2300,47,58,0
2019,2300,48,30,0
2019,2300,49,37,0
2019,2300,50,23,0
2019,2300,51,19,0
2019,2300,52,32,0
2019,2300,53,3,0
2019,2400,1,6,0
2019,2400,2,7,0
2019,2400,3,11,0
2019,2400,4,11,0
2019,2400,5,9,0
2019,2400,6,4,0
2019,2400,7,4,0
2019,2400,9,2,0
2019,2400,10,5,0
2019,2400,11,1,0
2019,2400,12,9,2
2019,2400,13,3,0
2019,2400,14,4,0
2019,2400,15,9,0
2019,2400,17,3,0
2019,2400,18,5,0
2019,2400,19,1,0
2019,2400,20,3,0
2019,2400,21,1,0
2019,2400,22,3,0
2019,2400,23,1,0
2019,2400,25,2,0
2019,2400,26,3,0
2019,2400,27,1,0
2019,2400,29,2,0
2019,2400,30,5,0
2019,2400,31,6,0
2019,2400,32,5,0
2019,2400,33,1,0
2019,2400,34,6,0
2019,2400,35,2,0
2019,2400,36,1,0
2019,2400,37,1,0
2019,2400,38,3,0
2019,2400,39,2,0
2019,2400,40,4,0
2019,2400,42,3,1
2019,2400,44,3,0
2019,2400,45,1,0
2019,2400,46,1,0
2019,2400,47,2,0
2019,2400,49,1,0
2019,2400,50,8,0
2019,2400,51,4,0
2019,2400,52,7,0
2020,0,1,732,5
2020,0,2,741,3
2020,0,3,645,5
2020,0,4,749,2
2020,0,5,788,3
2020,0,6,732,1
2020,0,7,773,2
2020,0,8,724,1
2020,0,9,702,2
2020,0,10,671,1
2020,0,11,603,1
2020,0,12,229,0
2020,0,13,140,0
2020,0,14,151,0
2020,0,15,151,0
2020,0,16,162,0
2020,0,17,145,0
2020,0,18,185,0
2020,0,19,694,0
2020,0,20,173,0
2020,0,21,142,0
2020,0,22,151,1
2020,0,23,157,1
2020,0,24,151,0
2020,0,25,157,1
2020,0,26,142,0
2020,0,27,152,1
2020,0,28,154,0
2020,0,29,117,2
2020,0,30,140,8
2020,0,31,182,5
2020,0,32,142,1
2020,0,33,161,6
2020,0,34,157,2
2020,0,35,182,3
2020,0,36,150,1
2020,0,37,231,2
2020,0,38,239,4
2020,0,39,225,0
2020,0,40,209,0
2020,0,41,180,1
2020,0,42,561,0
2020,0,43,296,0
2020,0,44,236,0
2020,0,45,267,0
2020,0,46,209,0
2020,0,47,258,1
2020,0,48,289,0
2020,0,49,312,0
2020,0,50,302,0
2020,0,51,432,1
2020,0,52,341,3
2020,0,53,110,0
2020,100,1,137,1
2020,100,2,211,4
2020,100,3,120,1
2020,100,4,145,1
2020,100,5,167,1
2020,100,6,189,3
2020,100,7,180,0
2020,100,8,136,1
2020,100,9,122,0
2020,100,10,125,1
2020,100,11,128,0
2020,100,12,79,0
2020,100,13,60,0
2020,100,14,53,0
2020,100,15,43,0
2020,100,16,54,0
2020,100,17,43,0
2020,100,18,56,0
2020,100,19,178,0
2020,100,20,41,0
2020,100,21,46,0
2020,100,22,31,0
2020,100,23,50,0
2020,100,24,36,0
2020,100,25,46,0
2020,100,26,39,0
2020,100,27,41,0
2020,100,28,35,0
2020,100,29,34,0
2020,100,30,37,0
2020,100,31,30,0
2020,100,32,39,0
2020,100,33,54,0
2020,100,34,43,0
2020,100,35,59,0
2020,100,36,46,0
2020,100,37,56,0
2020,100,38,56,0
2020,100,39,50,0
2020,100,40,60,0
2020,100,41,76,0
2020,100,42,159,0
2020,100,43,69,0
2020,100,44,66,0
2020,100,45,99,0
2020,100,46,83,0
2020,100,47,49,0
2020,100,48,124,0
2020,100,49,67,0
2020,100,50,82,0
2020,100,51,65,0
2020,100,52,66,0
2020,100,53,23,0
2020,200,1,63,0
2020,200,2,83,0
2020,200,3,79,3
2020,200,4,115,5
2020,200,5,69,0
2020,200,6,73,0
2020,200,7,78,0
2020,200,8,66,0
2020,200,9,94,0
2020,200,10,76,0
2020,200,11,72,0
2020,200,12,39,0
2020,200,13,23,0
2020,200,14,27,0
2020,200,15,26,0
2020,200,16,18,0
2020,200,17,16,0
2020,200,18,14,0
2020,200,19,127,0
2020,200,20,28,0
2020,200,21,29,0
2020,200,22,22,0
2020,200,23,21,0
2020,200,24,11,0
2020,200,25,8,0
2020,200,26,18,1
2020,200,27,12,0
2020,200,28,11,0
2020,200,29,11,0
2020,200,30,12,0
2020,200,31,13,0
2020,200,32,8,0
2020,200,33,13,0
2020,200,34,7,0
2020,200,35,14,0
2020,200,36,9,0
2020,200,37,23,0
2020,200,38,18,0
2020,200,39,12,0
2020,200,40,13,0
2020,200,41,12,0
2020,200,42,50,0
2020,200,43,32,0
2020,200,44,21,0
2020,200,45,24,0
2020,200,46,36,0
2020,200,47,26,0
2020,200,48,22,0
2020,200,49,37,0
2020,200,50,31,0
2020,200,51,18,0
2020,200,52,29,1
2020,200,53,16,0
2020,300,1,69,1
2020,300,2,85,0
2020,300,3,55,0
2020,300,4,55,5
2020,300,5,52,1
2020,300,6,47,0
2020,300,7,69,0
2020,300,8,41,0
2020,300,9,77,0
2020,300,10,68,0
2020,300,11,60,0
2020,300,12,38,0
2020,300,13,30,0
2020,300,14,28,0
2020,300,15,32,0
2020,300,16,14,0
2020,300,17,30,0
2020,300,18,17,0
2020,300,19,106,0
2020,300,20,8,0
2020,300,21,27,0
2020,300,22,14,0
2020,300,23,27,0
2020,300,24,15,0
2020,300,25,10,0
2020,300,26,8,0
2020,300,27,11,0
2020,300,28,17,0
2020,300,29,10,0
2020,300,30,9,0
2020,300,31,14,0
2020,300,32,18,0
2020,300,33,12,0
2020,300,34,12,0
2020,300,35,11,0
2020,300,36,18,0
2020,300,37,29,0
2020,300,38,31,0
2020,300,39,33,0
2020,300,40,17,0
2020,300,41,20,0
2020,300,42,63,0
2020,300,43,31,0
2020,300,44,19,0
2020,300,45,13,0
2020,300,46,19,0
2020,300,47,20,0
2020,300,48,28,0
2020,300,49,10,0
2020,300,50,22,0
2020,300,51,20,0
2020,300,52,25,0
2020,300,53,9,0
2020,400,1,53,0
2020,400,2,29,0
2020,400,3,49,0
2020,400,4,56,0
2020,400,5,45,0
2020,400,6,44,0
2020,400,7,52,0
2020,400,8,51,1
2020,400,9,39,0
2020,400,10,38,0
2020,400,11,35,2
2020,400,12,32,0
2020,400,13,19,0
2020,400,14,18,0
2020,400,15,16,0
2020,400,16,15,0
2020,400,17,21,0
2020,400,18,31,0
2020,400,19,82,0
2020,400,20,14,0
2020,400,21,33,0
2020,400,22,13,0
2020,400,23,12,0
2020,400,24,17,0
2020,400,25,13,0
2020,400,26,26,0
2020,400,27,13,0
2020,400,28,15,0
2020,400,29,17,0
2020,400,30,12,0
2020,400,31,15,0
2020,400,32,11,0
2020,400,33,20,0
2020,400,34,22,0
2020,400,35,18,0
2020,400,36,15,0
2020,400,37,19,0
2020,400,38,26,0
2020,400,39,18,0
2020,400,40,17,0
2020,400,41,15,0
2020,400,42,76,0
2020,400,43,27,0
2020,400,44,36,0
2020,400,45,33,0
2020,400,46,30,0
2020,400,47,26,0
2020,400,48,18,0
2020,400,49,39,0
2020,400,50,46,0
2020,400,51,42,0
2020,400,52,61,0
2020,400,53,14,0
2020,500,1,86,1
2020,500,2,92,1
2020,500,3,82,1
2020,500,4,85,0
2020,500,5,70,0
2020,500,6,105,0
2020,500,7,98,1
2020,500,8,64,2
2020,500,9,78,0
2020,500,10,78,0
2020,500,11,79,0
2020,500,12,25,0
2020,500,13,15,1
2020,500,14,9,0
2020,500,15,23,0
2020,500,16,20,0
2020,500,17,20,0
2020,500,18,15,0
2020,500,19,98,0
2020,500,20,41,0
2020,500,21,32,0
2020,500,22,13,0
2020,500,23,17,0
2020,500,24,20,0
2020,500,25,14,0
2020,500,26,17,0
2020,500,27,12,0
2020,500,28,23,1
2020,500,29,21,0
2020,500,30,23,1
2020,500,31,33,0
2020,500,32,18,0
2020,500,33,20,0
2020,500,34,16,0
2020,500,35,17,0
2020,500,36,27,0
2020,500,37,23,0
2020,500,38,43,0
2020,500,39,37,0
2020,500,40,34,0
2020,500,41,32,0
2020,500,42,106,0
2020,500,43,43,1
2020,500,44,49,0
2020,500,45,62,1
2020,500,46,56,0
2020,500,47,38,0
2020,500,48,56,0
2020,500,49,45,0
2020,500,50,74,0
2020,500,51,50,2
2020,500,52,51,0
2020,500,53,10,0
2020,600,1,118,0
2020,600,2,104,0
2020,600,3,141,0
2020,600,4,118,0
2020,600,5,146,0
2020,600,6,128,0
2020,600,7,99,2
2020,600,8,115,1
2020,600,9,160,1
2020,600,10,158,4
2020,600,11,129,2
2020,600,12,46,0
2020,600,13,21,0
2020,600,14,25,0
2020,600,15,26,0
2020,600,16,34,0
2020,600,17,32,0
2020,600,18,38,0
2020,600,19,105,0
2020,600,20,35,0
2020,600,21,34,0
2020,600,22,29,0
2020,600,23,31,0
2020,600,24,50,0
2020,600,25,20,0
2020,600,26,22,0
2020,600,27,33,0
2020,600,28,24,0
2020,600,29,37,1
2020,600,30,24,0
2020,600,31,33,1
2020,600,32,33,0
2020,600,33,21,0
2020,600,34,43,0
2020,600,35,54,0
2020,600,36,48,1
2020,600,37,36,0
2020,600,38,36,0
2020,600,39,38,0
2020,600,40,41,0
2020,600,41,34,0
2020,600,42,90,0
2020,600,43,40,0
2020,600,44,37,0
2020,600,45,74,0
2020,600,46,61,0
2020,600,47,59,0
2020,600,48,58,0
2020,600,49,42,0
2020,600,50,63,0
2020,600,51,66,0
2020,600,52,62,0
2020,600,53,16,0
2020,700,1,59,0
2020,700,2,68,0
2020,700,3,86,0
2020,700,4,97,0
2020,700,5,99,1
2020,700,6,76,0
2020,700,7,74,0
2020,700,8,65,2
2020,700,9,77,0
2020,700,10,67,1
2020,700,11,65,0
2020,700,12,27,0
2020,700,13,26,2
2020,700,14,32,0
2020,700,15,47,0
2020,700,16,37,2
2020,700,17,52,3
2020,700,18,49,0
2020,700,19,156,1
2020,700,20,65,0
2020,700,21,62,1
2020,700,22,36,2
2020,700,23,37,1
2020,700,24,27,0
2020,700,25,30,0
2020,700,26,52,0
2020,700,27,47,4
2020,700,28,36,0
2020,700,29,35,1
2020,700,30,31,2
2020,700,31,33,4
2020,700,32,42,6
2020,700,33,29,1
2020,700,34,34,0
2020,700,35,50,1
2020,700,36,43,1
2020,700,37,43,6
2020,700,38,55,4
2020,700,39,42,2
2020,700,40,58,0
2020,700,41,67,0
2020,700,42,136,1
2020,700,43,62,2
2020,700,44,54,6
2020,700,45,59,2
2020,700,46,71,1
2020,700,47,69,0
2020,700,48,49,0
2020,700,49,51,1
2020,700,50,64,0
2020,700,51,72,0
2020,700,52,46,0
2020,700,53,15,0
2020,800,1,103,0
2020,800,2,82,0
2020,800,3,77,0
2020,800,4,69,0
2020,800,5,70,0
2020,800,6,86,0
2020,800,7,81,0
2020,800,8,51,0
2020,800,9,77,0
2020,800,10,84,3
2020,800,11,64,1
2020,800,12,56,0
2020,800,13,68,0
2020,800,14,67,0
2020,800,15,70,0
2020,800,16,67,0
2020,800,17,61,0
2020,800,18,67,0
2020,800,19,145,1
2020,800,20,52,0
2020,800,21,59,0
2020,800,22,53,0
2020,800,23,57,0
2020,800,24,59,0
2020,800,25,58,0
2020,800,26,56,0
2020,800,27,72,0
2020,800,28,93,0
2020,800,29,87,0
2020,800,30,63,0
2020,800,31,66,0
2020,800,32,63,0
2020,800,33,64,0
2020,800,34,77,0
2020,800,35,71,0
2020,800,36,64,0
2020,800,37,85,0
2020,800,38,71,0
2020,800,39,99,0
2020,800,40,99,0
2020,800,41,100,0
2020,800,42,140,0
2020,800,43,78,0
2020,800,44,62,0
2020,800,45,65,0
2020,800,46,70,0
2020,800,47,46,0
2020,800,48,50,0
2020,800,49,55,0
2020,800,50,68,0
2020,800,51,44,0
2020,800,52,61,0
2020,800,53,20,0
2020,900,1,66,0
2020,900,2,111,0
2020,900,3,78,0
2020,900,4,86,0
2020,900,5,89,0
2020,900,6,106,0
2020,900,7,106,0
2020,900,8,62,1
2020,900,9,80,1
2020,900,10,130,0
2020,900,11,115,0
2020,900,12,35,0
2020,900,13,20,0
2020,900,14,16,0
2020,900,15,18,0
2020,900,16,11,0
2020,900,17,27,0
2020,900,18,26,0
2020,900,19,95,1
2020,900,20,28,0
2020,900,21,31,1
2020,900,22,19,0
2020,900,23,35,0
2020,900,24,11,0
2020,900,25,20,1
2020,900,26,24,1
2020,900,27,29,1
2020,900,28,23,1
2020,900,29,27,2
2020,900,30,21,0
2020,900,31,17,0
2020,900,32,31,0
2020,900,33,18,0
2020,900,34,23,0
2020,900,35,71,0
2020,900,36,61,0
2020,900,37,39,0
2020,900,38,46,0
2020,900,39,79,0
2020,900,40,31,0
2020,900,41,35,0
2020,900,42,89,0
2020,900,43,34,0
2020,900,44,24,0
2020,900,45,19,0
2020,900,46,34,0
2020,900,47,29,0
2020,900,48,48,0
2020,900,49,26,0
2020,900,50,30,0
2020,900,51,32,0
2020,900,52,40,0
2020,900,53,14,0
2020,1000,1,57,0
2020,1000,2,71,0
2020,1000,3,27,0
2020,1000,4,74,0
2020,1000,5,38,0
2020,1000,6,101,0
2020,1000,7,120,0
2020,1000,8,129,0
2020,1000,9,160,1
2020,1000,10,82,0
2020,1000,11,40,0
2020,1000,12,27,0
2020,1000,13,26,0
2020,1000,14,38,0
2020,1000,15,52,0
2020,1000,16,44,0
2020,1000,17,43,1
2020,1000,18,48,0
2020,1000,19,152,4
2020,1000,20,39,1
2020,1000,21,32,1
2020,1000,22,43,0
2020,1000,23,39,3
2020,1000,24,31,0
2020,1000,25,41,1
2020,1000,26,31,1
2020,1000,27,30,0
2020,1000,28,36,1
2020,1000,29,85,1
2020,1000,30,69,0
2020,1000,31,108,1
2020,1000,32,75,0
2020,1000,33,92,1
2020,1000,34,94,0
2020,1000,35,62,0
2020,1000,36,42,0
2020,1000,37,38,0
2020,1000,38,44,0
2020,1000,39,39,0
2020,1000,40,59,1
2020,1000,41,46,0
2020,1000,42,101,0
2020,1000,43,42,0
2020,1000,44,33,0
2020,1000,45,35,0
2020,1000,46,41,0
2020,1000,47,33,1
2020,1000,48,37,0
2020,1000,49,39,0
2020,1000,50,29,0
2020,1000,51,37,0
2020,1000,52,37,0
2020,1000,53,15,0
2020,1100,1,117,0
2020,1100,2,116,0
2020,1100,3,91,0
2020,1100,4,126,0
2020,1100,5,76,0
2020,1100,6,89,0
2020,1100,7,137,1
2020,1100,8,158,3
2020,1100,9,157,0
2020,1100,10,119,1
2020,1100,11,77,0
2020,1100,12,35,2
2020,1100,13,44,0
2020,1100,14,65,3
2020,1100,15,59,1
2020,1100,16,61,1
2020,1100,17,50,1
2020,1100,18,67,0
2020,1100,19,166,4
2020,1100,20,60,1
2020,1100,21,76,0
2020,1100,22,63,1
2020,1100,23,55,0
2020,1100,24,57,0
2020,1100,25,61,1
2020,1100,26,46,1
2020,1100,27,60,0
2020,1100,28,48,0
2020,1100,29,78,4
2020,1100,30,73,3
2020,1100,31,82,0
2020,1100,32,90,1
2020,1100,33,82,0
2020,1100,34,63,0
2020,1100,35,118,0
2020,1100,36,99,0
2020,1100,37,111,0
2020,1100,38,135,0
2020,1100,39,157,0
2020,1100,40,167,0
2020,1100,41,200,0
2020,1100,42,224,0
2020,1100,43,131,0
2020,1100,44,104,0
2020,1100,45,120,0
2020,1100,46,119,0
2020,1100,47,159,0
2020,1100,48,163,0
2020,1100,49,115,0
2020,1100,50,96,0
2020,1100,51,120,0
2020,1100,52,86,0
2020,1100,53,50,0
2020,1200,1,61,0
2020,1200,2,39,0
2020,1200,3,50,0
2020,1200,4,88,0
2020,1200,5,57,1
2020,1200,6,87,1
2020,1200,7,78,1
2020,1200,8,53,2
2020,1200,9,60,5
2020,1200,10,50,3
2020,1200,11,48,3
2020,1200,12,41,0
2020,1200,13,36,0
2020,1200,14,55,0
2020,1200,15,51,2
2020,1200,16,33,0
2020,1200,17,33,0
2020,1200,18,52,0
2020,1200,19,167,5
2020,1200,20,42,1
2020,1200,21,45,3
2020,1200,22,38,4
2020,1200,23,52,2
2020,1200,24,33,1
2020,1200,25,32,4
2020,1200,26,36,3
2020,1200,27,36,3
2020,1200,28,28,2
2020,1200,29,71,4
2020,1200,30,86,2
2020,1200,31,49,2
2020,1200,32,38,1
2020,1200,33,54,2
2020,1200,34,50,2
2020,1200,35,64,0
2020,1200,36,51,1
2020,1200,37,60,0
2020,1200,38,77,0
2020,1200,39,97,0
2020,1200,40,92,0
2020,1200,41,58,0
2020,1200,42,122,0
2020,1200,43,52,0
2020,1200,44,71,0
2020,1200,45,41,0
2020,1200,46,59,0
2020,1200,47,32,1
2020,1200,48,53,0
2020,1200,49,60,0
2020,1200,50,43,0
2020,1200,51,62,0
2020,1200,52,44,0
2020,1200,53,23,0
2020,1300,1,66,1
2020,1300,2,57,0
2020,1300,3,59,0
2020,1300,4,83,0
2020,1300,5,72,3
2020,1300,6,64,2
2020,1300,7,67,2
2020,1300,8,88,2
2020,1300,9,77,9
2020,1300,10,94,3
2020,1300,11,63,4
2020,1300,12,37,0
2020,1300,13,43,0
2020,1300,14,51,2
2020,1300,15,63,7
2020,1300,16,45,3
2020,1300,17,54,3
2020,1300,18,36,2
2020,1300,19,103,10
2020,1300,20,56,9
2020,1300,21,38,2
2020,1300,22,49,9
2020,1300,23,42,8
2020,1300,24,36,12
2020,1300,25,52,17
2020,1300,26,42,7
2020,1300,27,66,11
2020,1300,28,55,4
2020,1300,29,48,2
2020,1300,30,41,1
2020,1300,31,49,3
2020,1300,32,44,8
2020,1300,33,30,0
2020,1300,34,35,1
2020,1300,35,39,1
2020,1300,36,44,3
2020,1300,37,39,0
2020,1300,38,62,0
2020,1300,39,91,0
2020,1300,40,88,0
2020,1300,41,71,0
2020,1300,42,81,0
2020,1300,43,53,0
2020,1300,44,30,0
2020,1300,45,29,0
2020,1300,46,52,0
2020,1300,47,25,0
2020,1300,48,44,0
2020,1300,49,33,0
2020,1300,50,25,0
2020,1300,51,37,0
2020,1300,52,41,0
2020,1300,53,22,0
2020,1400,1,84,0
2020,1400,2,79,0
2020,1400,3,75,0
2020,1400,4,101,0
2020,1400,5,129,0
2020,1400,6,93,3
2020,1400,7,110,3
2020,1400,8,103,7
2020,1400,9,87,16
2020,1400,10,111,4
2020,1400,11,93,7
2020,1400,12,45,2
2020,1400,13,46,6
2020,1400,14,38,3
2020,1400,15,30,1
2020,1400,16,27,0
2020,1400,17,36,2
2020,1400,18,52,3
2020,1400,19,139,11
2020,1400,20,37,7
2020,1400,21,39,3
2020,1400,22,36,1
2020,1400,23,29,5
2020,1400,24,18,0
2020,1400,25,16,0
2020,1400,26,26,4
2020,1400,27,27,4
2020,1400,28,24,2
2020,1400,29,17,0
2020,1400,30,20,0
2020,1400,31,34,0
2020,1400,32,31,2
2020,1400,33,16,0
2020,1400,34,18,0
2020,1400,35,35,0
2020,1400,36,29,0
2020,1400,37,37,0
2020,1400,38,35,0
2020,1400,39,55,0
2020,1400,40,40,0
2020,1400,41,57,0
2020,1400,42,102,0
2020,1400,43,47,0
2020,1400,44,19,0
2020,1400,45,37,0
2020,1400,46,37,0
2020,1400,47,38,0
2020,1400,48,22,0
2020,1400,49,37,0
2020,1400,50,29,1
2020,1400,51,39,0
2020,1400,52,43,0
2020,1400,53,18,0
2020,1500,1,69,0
2020,1500,2,43,0
2020,1500,3,57,0
2020,1500,4,61,0
2020,1500,5,51,0
2020,1500,6,77,0
2020,1500,7,67,1
2020,1500,8,62,1
2020,1500,9,60,3
2020,1500,10,66,3
2020,1500,11,50,5
2020,1500,12,47,1
2020,1500,13,33,0
2020,1500,14,58,6
2020,1500,15,60,5
2020,1500,16,39,6
2020,1500,17,37,0
2020,1500,18,38,0
2020,1500,19,77,4
2020,1500,20,41,7
2020,1500,21,20,2
2020,1500,22,16,3
2020,1500,23,21,3
2020,1500,24,16,5
2020,1500,25,18,0
2020,1500,26,19,0
2020,1500,27,16,0
2020,1500,28,20,1
2020,1500,29,8,0
2020,1500,30,11,0
2020,1500,31,19,0
2020,1500,32,12,0
2020,1500,33,10,0
2020,1500,34,15,0
2020,1500,35,11,0
2020,1500,36,14,0
2020,1500,37,16,0
2020,1500,38,18,0
2020,1500,39,10,0
2020,1500,40,23,0
2020,1500,41,14,0
2020,1500,42,56,1
2020,1500,43,25,0
2020,1500,44,12,0
2020,1500,45,16,0
2020,1500,46,24,0
2020,1500,47,18,0
2020,1500,48,36,0
2020,1500,49,17,0
2020,1500,50,11,0
2020,1500,51,15,0
2020,1500,52,14,0
2020,1500,53,4,0
2020,1600,1,37,0
2020,1600,2,33,0
2020,1600,3,23,0
2020,1600,4,36,0
2020,1600,5,29,1
2020,1600,6,39,3
2020,1600,7,33,1
2020,1600,8,33,8
2020,1600,9,30,5
2020,1600,10,30,3
2020,1600,11,40,6
2020,1600,12,10,3
2020,1600,13,7,1
2020,1600,14,11,2
2020,1600,15,7,0
2020,1600,16,3,0
2020,1600,17,9,0
2020,1600,18,8,3
2020,1600,19,31,3
2020,1600,20,8,1
2020,1600,21,18,0
2020,1600,22,14,1
2020,1600,23,14,3
2020,1600,24,13,2
2020,1600,25,11,0
2020,1600,26,23,0
2020,1600,27,9,1
2020,1600,28,10,0
2020,1600,29,10,0
2020,1600,30,17,0
2020,1600,31,11,0
2020,1600,32,13,0
2020,1600,33,6,0
2020,1600,34,16,0
2020,1600,35,13,1
2020,1600,36,12,0
2020,1600,37,11,0
2020,1600,38,13,0
2020,1600,39,7,0
2020,1600,40,24,1
2020,1600,41,13,0
2020,1600,42,47,0
2020,1600,43,25,0
2020,1600,44,17,0
2020,1600,45,13,0
2020,1600,46,11,0
2020,1600,47,16,0
2020,1600,48,14,0
2020,1600,49,18,0
2020,1600,50,11,0
2020,1600,51,25,0
2020,1600,52,17,0
2020,1600,53,11,0
2020,1700,1,26,0
2020,1700,2,18,0
2020,1700,3,20,0
2020,1700,4,21,0
2020,1700,5,48,3
2020,1700,6,30,3
2020,1700,7,16,3
2020,1700,8,35,0
2020,1700,9,24,0
2020,1700,10,30,5
2020,1700,11,12,1
2020,1700,12,6,1
2020,1700,13,1,0
2020,1700,14,6,1
2020,1700,15,7,0
2020,1700,16,5,0
2020,1700,17,6,0
2020,1700,18,4,0
2020,1700,19,17,0
2020,1700,20,5,0
2020,1700,21,7,0
2020,1700,22,2,0
2020,1700,23,1,0
2020,1700,24,17,0
2020,1700,25,3,0
2020,1700,26,1,0
2020,1700,27,15,0
2020,1700,28,7,0
2020,1700,29,1,0
2020,1700,30,5,0
2020,1700,31,5,0
2020,1700,32,6,0
2020,1700,33,10,0
2020,1700,34,7,0
2020,1700,35,10,0
2020,1700,36,7,0
2020,1700,37,11,0
2020,1700,38,17,0
2020,1700,39,10,0
2020,1700,40,12,0
2020,1700,41,9,0
2020,1700,42,22,0
2020,1700,43,2,0
2020,1700,44,15,0
2020,1700,45,4,0
2020,1700,46,4,0
2020,1700,47,11,0
2020,1700,48,7,0
2020,1700,49,6,0
2020,1700,50,4,0
2020,1700,51,4,0
2020,1700,52,16,0
2020,1700,53,4,0
2020,1800,1,9,0
2020,1800,2,18,1
2020,1800,3,14,1
2020,1800,4,9,2
2020,1800,5,12,1
2020,1800,6,20,4
2020,1800,7,14,3
2020,1800,8,19,3
2020,1800,9,16,3
2020,1800,10,18,4
2020,1800,11,21,2
2020,1800,12,13,1
2020,1800,13,10,0
2020,1800,14,13,0
2020,1800,15,17,0
2020,1800,16,9,0
2020,1800,17,15,0
2020,1800,18,10,0
2020,1800,19,17,1
2020,1800,20,15,0
2020,1800,21,18,2
2020,1800,22,11,0
2020,1800,23,13,0
2020,1800,24,12,0
2020,1800,25,12,0
2020,1800,26,14,0
2020,1800,27,17,0
2020,1800,28,12,0
2020,1800,29,9,0
2020,1800,30,10,0
2020,1800,31,9,0
2020,1800,32,7,0
2020,1800,33,17,0
2020,1800,34,12,0
2020,1800,35,12,0
2020,1800,36,9,0
2020,1800,37,12,0
2020,1800,38,13,0
2020,1800,39,12,0
2020,1800,40,6,0
2020,1800,41,14,0
2020,1800,42,36,0
2020,1800,43,15,0
2020,1800,44,15,0
2020,1800,45,13,0
2020,1800,46,21,0
2020,1800,47,16,0
2020,1800,48,13,0
2020,1800,49,24,0
2020,1800,50,7,0
2020,1800,51,18,0
2020,1800,52,18,0
2020,1800,53,2,0
2020,1900,1,12,1
2020,1900,2,14,2
2020,1900,3,11,1
2020,1900,4,28,1
2020,1900,5,7,0
2020,1900,6,4,0
2020,1900,7,15,4
2020,1900,8,63,18
2020,1900,9,39,15
2020,1900,10,12,2
2020,1900,11,13,1
2020,1900,12,5,0
2020,1900,13,2,0
2020,1900,14,7,0
2020,1900,15,2,0
2020,1900,16,5,0
2020,1900,17,3,0
2020,1900,18,7,0
2020,1900,19,38,1
2020,1900,21,2,0
2020,1900,22,11,0
2020,1900,24,10,0
2020,1900,25,3,0
2020,1900,26,3,0
2020,1900,27,9,0
2020,1900,28,3,0
2020,1900,29,6,0
2020,1900,30,6,0
2020,1900,31,8,0
2020,1900,32,16,0
2020,1900,33,3,0
2020,1900,34,1,0
2020,1900,36,9,0
2020,1900,37,11,0
2020,1900,38,9,0
2020,1900,39,6,0
2020,1900,40,20,0
2020,1900,41,8,0
2020,1900,42,23,0
2020,1900,43,2,0
2020,1900,44,7,0
2020,1900,45,17,0
2020,1900,46,7,0
2020,1900,47,9,0
2020,1900,48,18,0
2020,1900,49,3,0
2020,1900,50,16,0
2020,1900,51,3,0
2020,1900,52,6,0
2020,1900,53,7,0
2020,2000,1,6,0
2020,2000,2,3,0
2020,2000,3,10,0
2020,2000,4,3,0
2020,2000,5,3,0
2020,2000,6,5,0
2020,2000,7,9,0
2020,2000,8,7,0
2020,2000,9,2,0
2020,2000,10,9,0
2020,2000,11,6,1
2020,2000,12,2,0
2020,2000,13,2,0
2020,2000,16,2,0
2020,2000,17,3,0
2020,2000,18,3,0
2020,2000,19,2,0
2020,2000,20,5,0
2020,2000,21,1,0
2020,2000,22,1,0
2020,2000,23,5,0
2020,2000,24,3,0
2020,2000,25,3,0
2020,2000,26,3,0
2020,2000,27,2,0
2020,2000,28,1,0
2020,2000,29,1,0
2020,2000,30,4,0
2020,2000,31,7,0
2020,2000,32,5,0
2020,2000,33,5,0
2020,2000,34,5,0
2020,2000,35,10,0
2020,2000,36,3,0
2020,2000,37,6,0
2020,2000,38,4,0
2020,2000,39,6,0
2020,2000,40,4,0
2020,2000,41,3,0
2020,2000,42,13,0
2020,2000,44,2,0
2020,2000,46,2,0
2020,2000,47,2,0
2020,2000,48,3,0
2020,2000,49,1,0
2020,2000,51,2,0
2020,2000,52,1,0
2020,2000,53,1,0
2020,2100,1,4,0
2020,2100,2,4,0
2020,2100,3,6,0
2020,2100,4,3,0
2020,2100,5,17,1
2020,2100,6,7,1
2020,2100,7,17,3
2020,2100,8,11,2
2020,2100,9,14,2
2020,2100,10,10,2
2020,2100,11,10,0
2020,2100,12,1,0
2020,2100,15,1,0
2020,2100,18,1,0
2020,2100,19,6,0
2020,2100,20,2,0
2020,2100,22,1,0
2020,2100,26,2,0
2020,2100,27,2,0
2020,2100,30,2,0
2020,2100,31,2,0
2020,2100,33,1,0
2020,2100,34,1,0
2020,2100,35,1,0
2020,2100,37,2,0
2020,2100,38,1,0
2020,2100,39,4,1
2020,2100,40,4,0
2020,2100,42,5,0
2020,2100,44,4,0
2020,2100,46,2,0
2020,2100,47,4,0
2020,2100,48,3,0
2020,2100,49,4,0
2020,2100,50,1,0
2020,2100,51,2,0
2020,2100,52,12,0
2020,2100,53,2,0
2020,2200,1,8,0
2020,2200,2,3,0
2020,2200,3,2,0
2020,2200,4,4,0
2020,2200,5,20,0
2020,2200,7,3,0
2020,2200,8,5,0
2020,2200,9,9,0
2020,2200,10,20,0
2020,2200,11,4,0
2020,2200,12,3,0
2020,2200,17,1,0
2020,2200,18,4,0
2020,2200,19,3,0
2020,2200,20,3,0
2020,2200,26,1,0
2020,2200,29,2,0
2020,2200,30,2,0
2020,2200,33,2,0
2020,2200,34,1,0
2020,2200,38,1,0
2020,2200,39,1,0
2020,2200,42,5,0
2020,2200,43,1,0
2020,2200,47,2,0
2020,2200,49,2,0
2020,2200,51,1,0
2020,2200,52,1,0
2020,2200,53,1,0
2020,2300,1,38,0
2020,2300,2,30,0
2020,2300,3,37,0
2020,2300,4,24,0
2020,2300,5,40,0
2020,2300,6,25,0
2020,2300,7,43,0
2020,2300,8,37,0
2020,2300,9,46,0
2020,2300,10,46,0
2020,2300,11,48,0
2020,2300,12,13,0
2020,2300,13,2,0
2020,2300,14,5,0
2020,2300,15,1,0
2020,2300,16,3,0
2020,2300,17,1,0
2020,2300,18,1,0
2020,2300,19,2,0
2020,2300,20,1,0
2020,2300,21,4,0
2020,2300,22,1,0
2020,2300,23,5,0
2020,2300,24,1,0
2020,2300,25,1,0
2020,2300,26,4,0
2020,2300,27,1,0
2020,2300,28,1,0
2020,2300,29,1,0
2020,2300,30,7,0
2020,2300,32,1,0
2020,2300,33,7,0
2020,2300,34,4,0
2020,2300,35,1,0
2020,2300,36,10,0
2020,2300,37,6,0
2020,2300,40,8,0
2020,2300,41,4,0
2020,2300,42,13,0
2020,2300,43,4,0
2020,2300,44,5,0
2020,2300,45,3,0
2020,2300,46,6,0
2020,2300,48,1,0
2020,2300,49,22,0
2020,2300,50,13,0
2020,2300,51,3,0
2020,2300,52,9,0
2020,2300,53,3,0
2020,2400,1,12,1
2020,2400,2,5,0
2020,2400,3,12,0
2020,2400,4,2,0
2020,2400,5,8,1
2020,2400,6,6,0
2020,2400,7,9,0
2020,2400,8,8,0
2020,2400,9,2,0
2020,2400,10,13,0
2020,2400,11,3,0
2020,2400,12,1,0
2020,2400,16,1,0
2020,2400,19,1,0
2020,2400,21,2,0
2020,2400,22,2,0
2020,2400,23,1,0
2020,2400,24,2,0
2020,2400,25,1,0
2020,2400,27,2,0
2020,2400,28,1,0
2020,2400,29,1,0
2020,2400,31,1,0
2020,2400,36,2,0
2020,2400,37,1,0
2020,2400,39,3,0
2020,2400,42,2,0
2020,2400,45,2,0
2020,2400,46,3,0
2020,2400,48,1,0
2020,2400,49,3,0
2020,2400,50,2,0
2020,2400,51,1,0
2020,2400,52,7,0
2020,2400,53,1,0
2021,0,1,546,1
2021,0,2,482,1
2021,0,3,357,1
2021,0,4,387,1
2021,0,5,413,0
2021,0,6,297,3
2021,0,7,324,4
2021,0,8,333,2
2021,0,9,325,2
2021,0,10,402,0
2021,0,11,301,0
2021,0,12,387,0
2021,0,13,334,1
2021,0,14,294,0
2021,0,15,315,0
2021,0,16,224,0
2021,0,17,296,0
2021,0,18,287,0
2021,0,19,743,0
2021,0,20,257,1
2021,0,21,231,0
2021,0,22,194,1
2021,0,23,218,0
2021,0,24,261,3
2021,0,25,260,2
2021,0,26,259,0
2021,0,27,257,8
2021,0,28,301,3
2021,0,29,293,7
2021,0,30,260,11
2021,0,31,290,8
2021,0,32,335,3
2021,0,33,262,3
2021,0,34,271,0
2021,0,35,220,6
2021,0,36,327,6
2021,0,37,279,1
2021,0,38,317,1
2021,0,39,294,3
2021,0,40,347,1
2021,0,41,827,1
2021,0,42,340,0
2021,0,43,456,0
2021,0,44,348,1
2021,0,45,481,6
2021,0,46,463,1
2021,0,47,443,3
2021,0,48,515,2
2021,0,49,609,2
2021,0,50,446,1
2021,0,51,653,6
2021,0,52,685,5
2021,0,53,81,0
2021,100,1,136,4
2021,100,2,127,6
2021,100,3,125,1
2021,100,4,132,1
2021,100,5,86,1
2021,100,6,118,1
2021,100,7,113,1
2021,100,8,122,0
2021,100,9,92,0
2021,100,10,154,3
2021,100,11,82,0
2021,100,12,94,2
2021,100,13,79,0
2021,100,14,66,0
2021,100,15,67,0
2021,100,16,60,0
2021,100,17,66,0
2021,100,18,50,0
2021,100,19,155,0
2021,100,20,66,0
2021,100,21,62,0
2021,100,22,52,0
2021,100,23,45,0
2021,100,24,59,0
2021,100,25,57,0
2021,100,26,53,0
2021,100,27,55,0
2021,100,28,67,0
2021,100,29,71,0
2021,100,30,68,0
2021,100,31,72,0
2021,100,32,56,0
2021,100,33,44,0
2021,100,34,39,0
2021,100,35,45,0
2021,100,36,70,0
2021,100,37,69,0
2021,100,38,81,0
2021,100,39,67,0
2021,100,40,94,0
2021,100,41,204,0
2021,100,42,86,0
2021,100,43,88,1
2021,100,44,107,0
2021,100,45,115,1
2021,100,46,136,0
2021,100,47,113,0
2021,100,48,104,0
2021,100,49,118,0
2021,100,50,113,0
2021,100,51,88,3
2021,100,52,124,2
2021,100,53,24,0
2021,200,1,66,2
2021,200,2,36,0
2021,200,3,31,0
2021,200,4,46,0
2021,200,5,34,1
2021,200,6,28,0
2021,200,7,37,0
2021,200,8,54,0
2021,200,9,36,0
2021,200,10,28,0
2021,200,11,40,0
2021,200,12,38,0
2021,200,13,40,0
2021,200,14,44,0
2021,200,15,38,1
2021,200,16,47,0
2021,200,17,33,0
2021,200,18,34,0
2021,200,19,109,0
2021,200,20,42,0
2021,200,21,33,0
2021,200,22,32,0
2021,200,23,26,0
2021,200,24,38,0
2021,200,25,34,0
2021,200,26,48,0
2021,200,27,46,0
2021,200,28,57,0
2021,200,29,48,0
2021,200,30,55,0
2021,200,31,73,0
2021,200,32,68,0
2021,200,33,52,0
2021,200,34,35,0
2021,200,35,42,0
2021,200,36,42,0
2021,200,37,39,0
2021,200,38,39,0
2021,200,39,58,0
2021,200,40,61,0
2021,200,41,149,0
2021,200,42,69,0
2021,200,43,71,0
2021,200,44,50,0
2021,200,45,65,0
2021,200,46,57,0
2021,200,47,63,0
2021,200,48,56,0
2021,200,49,66,1
2021,200,50,55,0
2021,200,51,45,0
2021,200,52,65,0
2021,200,53,8,0
2021,300,1,50,0
2021,300,2,55,0
2021,300,3,44,0
2021,300,4,48,0
2021,300,5,27,0
2021,300,6,27,0
2021,300,7,39,0
2021,300,8,42,0
2021,300,9,33,0
2021,300,10,38,0
2021,300,11,31,0
2021,300,12,47,0
2021,300,13,44,0
2021,300,14,35,0
2021,300,15,60,0
2021,300,16,29,0
2021,300,17,45,0
2021,300,18,23,0
2021,300,19,89,0
2021,300,20,52,0
2021,300,21,27,0
2021,300,22,25,0
2021,300,23,23,0
2021,300,24,14,0
2021,300,25,20,0
2021,300,26,28,0
2021,300,27,38,0
2021,300,28,25,0
2021,300,29,42,0
2021,300,30,29,0
2021,300,31,47,0
2021,300,32,28,0
2021,300,33,36,0
2021,300,34,40,0
2021,300,35,17,0
2021,300,36,28,0
2021,300,37,33,0
2021,300,38,31,0
2021,300,39,40,0
2021,300,40,33,0
2021,300,41,115,0
2021,300,42,52,0
2021,300,43,63,0
2021,300,44,43,0
2021,300,45,35,0
2021,300,46,40,0
2021,300,47,37,0
2021,300,48,37,0
2021,300,49,61,0
2021,300,50,39,0
2021,300,51,51,0
2021,300,52,58,0
2021,300,53,11,0
2021,400,1,49,0
2021,400,2,53,0
2021,400,3,40,0
2021,400,4,35,0
2021,400,5,34,0
2021,400,6,44,0
2021,400,7,63,0
2021,400,8,41,0
2021,400,9,50,0
2021,400,10,40,0
2021,400,11,41,0
2021,400,12,36,0
2021,400,13,40,0
2021,400,14,40,0
2021,400,15,31,0
2021,400,16,40,0
2021,400,17,33,0
2021,400,18,29,0
2021,400,19,70,0
2021,400,20,26,0
2021,400,21,30,0
2021,400,22,23,0
2021,400,23,31,0
2021,400,24,30,0
2021,400,25,22,0
2021,400,26,22,0
2021,400,27,21,0
2021,400,28,32,0
2021,400,29,24,0
2021,400,30,33,0
2021,400,31,18,1
2021,400,32,22,0
2021,400,33,14,0
2021,400,34,21,0
2021,400,35,30,0
2021,400,36,21,0
2021,400,37,15,0
2021,400,38,14,0
2021,400,39,35,0
2021,400,40,23,0
2021,400,41,98,0
2021,400,42,39,0
2021,400,43,35,0
2021,400,44,30,0
2021,400,45,28,0
2021,400,46,37,0
2021,400,47,28,0
2021,400,48,24,0
2021,400,49,51,1
2021,400,50,43,1
2021,400,51,28,0
2021,400,52,48,0
2021,400,53,7,0
2021,500,1,67,0
2021,500,2,53,0
2021,500,3,81,0
2021,500,4,79,0
2021,500,5,58,0
2021,500,6,56,0
2021,500,7,81,0
2021,500,8,86,0
2021,500,9,66,0
2021,500,10,79,0
2021,500,11,53,0
2021,500,12,85,0
2021,500,13,92,1
2021,500,14,83,0
2021,500,15,60,0
2021,500,16,58,0
2021,500,17,67,0
2021,500,18,61,0
2021,500,19,139,0
2021,500,20,45,0
2021,500,21,38,0
2021,500,22,40,0
2021,500,23,39,0
2021,500,24,41,0
2021,500,25,34,0
2021,500,26,54,0
2021,500,27,51,0
2021,500,28,48,0
2021,500,29,38,0
2021,500,30,25,1
2021,500,31,36,0
2021,500,32,43,0
2021,500,33,33,1
2021,500,34,49,0
2021,500,35,57,1
2021,500,36,52,0
2021,500,37,52,0
2021,500,38,55,0
2021,500,39,112,0
2021,500,40,89,0
2021,500,41,175,0
2021,500,42,87,0
2021,500,43,97,0
2021,500,44,70,0
2021,500,45,89,0
2021,500,46,74,0
2021,500,47,66,0
2021,500,48,82,0
2021,500,49,93,1
2021,500,50,70,0
2021,500,51,78,0
2021,500,52,106,0
2021,500,53,22,0
2021,600,1,60,1
2021,600,2,72,0
2021,600,3,66,0
2021,600,4,80,0
2021,600,5,39,0
2021,600,6,57,0
2021,600,7,76,0
2021,600,8,66,0
2021,600,9,66,0
2021,600,10,74,0
2021,600,11,79,1
2021,600,12,89,1
2021,600,13,79,1
2021,600,14,75,0
2021,600,15,83,1
2021,600,16,75,0
2021,600,17,88,0
2021,600,18,78,0
2021,600,19,160,1
2021,600,20,69,0
2021,600,21,92,0
2021,600,22,65,0
2021,600,23,58,0
2021,600,24,35,0
2021,600,25,70,0
2021,600,26,74,1
2021,600,27,57,0
2021,600,28,70,0
2021,600,29,51,0
2021,600,30,37,0
2021,600,31,55,1
2021,600,32,71,13
2021,600,33,70,12
2021,600,34,54,1
2021,600,35,51,1
2021,600,36,55,0
2021,600,37,63,0
2021,600,38,69,0
2021,600,39,93,0
2021,600,40,81,0
2021,600,41,160,0
2021,600,42,116,0
2021,600,43,83,0
2021,600,44,77,0
2021,600,45,138,0
2021,600,46,126,0
2021,600,47,60,0
2021,600,48,97,0
2021,600,49,138,0
2021,600,50,113,0
2021,600,51,74,1
2021,600,52,107,1
2021,600,53,17,0
2021,700,1,81,0
2021,700,2,77,1
2021,700,3,76,0
2021,700,4,66,0
2021,700,5,48,0
2021,700,6,77,0
2021,700,7,83,1
2021,700,8,53,0
2021,700,9,75,0
2021,700,10,58,0
2021,700,11,77,0
2021,700,12,93,0
2021,700,13,103,0
2021,700,14,99,0
2021,700,15,79,1
2021,700,16,72,0
2021,700,17,62,0
2021,700,18,62,0
2021,700,19,192,1
2021,700,20,54,0
2021,700,21,49,0
2021,700,22,62,0
2021,700,23,58,0
2021,700,24,54,1
2021,700,25,52,1
2021,700,26,33,1
2021,700,27,60,0
2021,700,28,47,0
2021,700,29,57,1
2021,700,30,71,0
2021,700,31,50,0
2021,700,32,73,6
2021,700,33,40,0
2021,700,34,57,0
2021,700,35,77,0
2021,700,36,110,4
2021,700,37,69,0
2021,700,38,63,0
2021,700,39,48,0
2021,700,40,98,0
2021,700,41,184,4
2021,700,42,76,0
2021,700,43,88,1
2021,700,44,102,0
2021,700,45,64,0
2021,700,46,79,0
2021,700,47,54,0
2021,700,48,96,1
2021,700,49,81,2
2021,700,50,89,0
2021,700,51,77,0
2021,700,52,96,0
2021,700,53,10,0
2021,800,1,76,0
2021,800,2,67,0
2021,800,3,86,0
2021,800,4,92,0
2021,800,5,60,0
2021,800,6,81,0
2021,800,7,102,0
2021,800,8,74,0
2021,800,9,80,0
2021,800,10,77,0
2021,800,11,117,1
2021,800,12,148,0
2021,800,13,109,0
2021,800,14,78,0
2021,800,15,82,0
2021,800,16,82,0
2021,800,17,67,0
2021,800,18,78,0
2021,800,19,142,0
2021,800,20,73,0
2021,800,21,71,0
2021,800,22,85,1
2021,800,23,64,0
2021,800,24,92,0
2021,800,25,76,0
2021,800,26,89,0
2021,800,27,88,0
2021,800,28,72,0
2021,800,29,115,0
2021,800,30,93,0
2021,800,31,86,0
2021,800,32,68,2
2021,800,33,80,0
2021,800,34,75,0
2021,800,35,86,0
2021,800,36,125,2
2021,800,37,82,1
2021,800,38,77,0
2021,800,39,101,0
2021,800,40,103,0
2021,800,41,157,0
2021,800,42,119,0
2021,800,43,117,0
2021,800,44,106,0
2021,800,45,98,0
2021,800,46,103,0
2021,800,47,90,0
2021,800,48,82,0
2021,800,49,92,0
2021,800,50,119,0
2021,800,51,98,0
2021,800,52,108,0
2021,800,53,20,0
2021,900,1,49,0
2021,900,2,46,0
2021,900,3,58,0
2021,900,4,64,0
2021,900,5,26,0
2021,900,6,118,0
2021,900,7,102,0
2021,900,8,66,1
2021,900,9,109,3
2021,900,10,87,0
2021,900,11,49,0
2021,900,12,52,0
2021,900,13,65,0
2021,900,14,40,0
2021,900,15,65,0
2021,900,16,43,0
2021,900,17,32,0
2021,900,18,57,0
2021,900,19,138,1
2021,900,20,39,0
2021,900,21,55,0
2021,900,22,57,0
2021,900,23,59,1
2021,900,24,43,1
2021,900,25,24,0
2021,900,26,30,0
2021,900,27,24,2
2021,900,28,50,0
2021,900,29,54,1
2021,900,30,36,2
2021,900,31,64,1
2021,900,32,45,0
2021,900,33,30,0
2021,900,34,111,0
2021,900,35,35,1
2021,900,36,61,2
2021,900,37,30,0
2021,900,38,28,0
2021,900,39,64,0
2021,900,40,96,0
2021,900,41,132,0
2021,900,42,88,0
2021,900,43,57,0
2021,900,44,53,0
2021,900,45,50,0
2021,900,46,71,0
2021,900,47,65,0
2021,900,48,88,0
2021,900,49,82,0
2021,900,50,88,0
2021,900,51,65,0
2021,900,52,114,0
2021,900,53,30,0
2021,1000,1,92,0
2021,1000,2,52,0
2021,1000,3,66,0
2021,1000,4,95,0
2021,1000,5,96,0
2021,1000,6,131,0
2021,1000,7,132,0
2021,1000,8,130,0
2021,1000,9,79,0
2021,1000,10,62,0
2021,1000,11,63,1
2021,1000,12,58,0
2021,1000,13,70,1
2021,1000,14,48,5
2021,1000,15,47,0
2021,1000,16,30,0
2021,1000,17,38,0
2021,1000,18,46,0
2021,1000,19,126,0
2021,1000,20,47,1
2021,1000,21,32,0
2021,1000,22,66,0
2021,1000,23,28,0
2021,1000,24,37,1
2021,1000,25,45,0
2021,1000,26,38,0
2021,1000,27,20,0
2021,1000,28,39,0
2021,1000,29,54,1
2021,1000,30,87,0
2021,1000,31,108,1
2021,1000,32,54,2
2021,1000,33,82,0
2021,1000,34,50,0
2021,1000,35,32,0
2021,1000,36,45,0
2021,1000,37,35,0
2021,1000,38,43,0
2021,1000,39,59,0
2021,1000,40,82,0
2021,1000,41,128,0
2021,1000,42,70,0
2021,1000,43,55,0
2021,1000,44,59,0
2021,1000,45,53,0
2021,1000,46,45,0
2021,1000,47,44,0
2021,1000,48,43,0
2021,1000,49,39,0
2021,1000,50,38,0
2021,1000,51,45,0
2021,1000,52,54,1
2021,1000,53,5,0
2021,1100,1,120,0
2021,1100,2,139,0
2021,1100,3,127,0
2021,1100,4,150,0
2021,1100,5,143,0
2021,1100,6,129,0
2021,1100,7,131,0
2021,1100,8,161,1
2021,1100,9,142,3
2021,1100,10,147,1
2021,1100,11,143,0
2021,1100,12,130,1
2021,1100,13,135,2
2021,1100,14,99,1
2021,1100,15,122,2
2021,1100,16,112,0
2021,1100,17,132,0
2021,1100,18,114,1
2021,1100,19,186,3
2021,1100,20,123,0
2021,1100,21,105,0
2021,1100,22,124,0
2021,1100,23,104,1
2021,1100,24,110,1
2021,1100,25,103,0
2021,1100,26,104,0
2021,1100,27,134,0
2021,1100,28,157,1
2021,1100,29,126,1
2021,1100,30,155,2
2021,1100,31,150,2
2021,1100,32,145,0
2021,1100,33,154,1
2021,1100,34,117,0
2021,1100,35,105,0
2021,1100,36,109,0
2021,1100,37,129,1
2021,1100,38,154,0
2021,1100,39,191,0
2021,1100,40,200,0
2021,1100,41,235,0
2021,1100,42,151,0
2021,1100,43,161,0
2021,1100,44,159,0
2021,1100,45,161,0
2021,1100,46,122,0
2021,1100,47,104,0
2021,1100,48,117,0
2021,1100,49,95,0
2021,1100,50,98,0
2021,1100,51,101,0
2021,1100,52,89,0
2021,1100,53,16,0
2021,1200,1,61,0
2021,1200,2,61,0
2021,1200,3,56,0
2021,1200,4,83,0
2021,1200,5,90,0
2021,1200,6,76,3
2021,1200,7,111,3
2021,1200,8,71,5
2021,1200,9,107,2
2021,1200,10,72,7
2021,1200,11,70,5
2021,1200,12,58,3
2021,1200,13,62,3
2021,1200,14,60,6
2021,1200,15,75,3
2021,1200,16,82,3
2021,1200,17,86,1
2021,1200,18,56,1
2021,1200,19,137,7
2021,1200,20,52,0
2021,1200,21,60,1
2021,1200,22,37,1
2021,1200,23,48,3
2021,1200,24,49,1
2021,1200,25,64,3
2021,1200,26,53,6
2021,1200,27,62,2
2021,1200,28,54,3
2021,1200,29,67,3
2021,1200,30,45,4
2021,1200,31,76,0
2021,1200,32,48,1
2021,1200,33,76,4
2021,1200,34,57,8
2021,1200,35,93,2
2021,1200,36,54,0
2021,1200,37,73,3
2021,1200,38,72,0
2021,1200,39,108,1
2021,1200,40,118,0
2021,1200,41,182,1
2021,1200,42,102,1
2021,1200,43,86,0
2021,1200,44,73,0
2021,1200,45,98,0
2021,1200,46,100,0
2021,1200,47,89,0
2021,1200,48,59,0
2021,1200,49,78,0
2021,1200,50,78,0
2021,1200,51,68,0
2021,1200,52,70,0
2021,1200,53,14,0
2021,1300,1,55,0
2021,1300,2,51,0
2021,1300,3,41,0
2021,1300,4,36,0
2021,1300,5,38,0
2021,1300,6,64,6
2021,1300,7,65,5
2021,1300,8,74,2
2021,1300,9,68,3
2021,1300,10,49,1
2021,1300,11,70,10
2021,1300,12,64,7
2021,1300,13,52,7
2021,1300,14,44,5
2021,1300,15,64,4
2021,1300,16,41,0
2021,1300,17,55,1
2021,1300,18,40,2
2021,1300,19,98,7
2021,1300,20,56,8
2021,1300,21,42,3
2021,1300,22,45,4
2021,1300,23,45,13
2021,1300,24,36,4
2021,1300,25,64,0
2021,1300,26,56,12
2021,1300,27,60,2
2021,1300,28,48,8
2021,1300,29,60,8
2021,1300,30,69,4
2021,1300,31,58,6
2021,1300,32,67,9
2021,1300,33,63,5
2021,1300,34,38,9
2021,1300,35,63,7
2021,1300,36,60,6
2021,1300,37,66,2
2021,1300,38,40,2
2021,1300,39,74,5
2021,1300,40,58,1
2021,1300,41,127,1
2021,1300,42,59,0
2021,1300,43,66,1
2021,1300,44,54,1
2021,1300,45,67,0
2021,1300,46,62,0
2021,1300,47,66,0
2021,1300,48,58,0
2021,1300,49,80,0
2021,1300,50,70,0
2021,1300,51,64,0
2021,1300,52,95,0
2021,1300,53,12,0
2021,1400,1,70,0
2021,1400,2,47,0
2021,1400,3,103,0
2021,1400,4,81,0
2021,1400,5,43,0
2021,1400,6,51,1
2021,1400,7,63,4
2021,1400,8,58,3
2021,1400,9,63,6
2021,1400,10,60,8
2021,1400,11,76,22
2021,1400,12,77,17
2021,1400,13,55,14
2021,1400,14,47,14
2021,1400,15,50,22
2021,1400,16,41,8
2021,1400,17,66,22
2021,1400,18,42,15
2021,1400,19,97,12
2021,1400,20,46,15
2021,1400,21,46,13
2021,1400,22,44,12
2021,1400,23,43,10
2021,1400,24,47,10
2021,1400,25,70,15
2021,1400,26,47,16
2021,1400,27,42,14
2021,1400,28,50,16
2021,1400,29,55,21
2021,1400,30,50,7
2021,1400,31,63,19
2021,1400,32,58,12
2021,1400,33,86,16
2021,1400,34,49,15
2021,1400,35,52,14
2021,1400,36,51,4
2021,1400,37,48,3
2021,1400,38,36,1
2021,1400,39,63,0
2021,1400,40,96,0
2021,1400,41,120,2
2021,1400,42,76,3
2021,1400,43,66,2
2021,1400,44,77,0
2021,1400,45,70,1
2021,1400,46,47,0
2021,1400,47,67,0
2021,1400,48,73,1
2021,1400,49,54,0
2021,1400,50,78,1
2021,1400,51,80,0
2021,1400,52,106,0
2021,1400,53,9,0
2021,1500,1,27,0
2021,1500,2,31,0
2021,1500,3,33,0
2021,1500,4,27,0
2021,1500,5,14,0
2021,1500,6,19,1
2021,1500,7,33,1
2021,1500,8,36,1
2021,1500,9,25,0
2021,1500,10,29,1
2021,1500,11,46,2
2021,1500,12,59,4
2021,1500,13,60,2
2021,1500,14,53,4
2021,1500,15,38,4
2021,1500,16,43,2
2021,1500,17,62,1
2021,1500,18,78,11
2021,1500,19,38,4
2021,1500,20,21,3
2021,1500,21,18,1
2021,1500,22,25,3
2021,1500,23,24,4
2021,1500,24,31,9
2021,1500,25,32,6
2021,1500,26,35,10
2021,1500,27,31,3
2021,1500,28,22,4
2021,1500,29,55,6
2021,1500,30,20,0
2021,1500,31,72,2
2021,1500,32,25,0
2021,1500,33,25,1
2021,1500,34,15,0
2021,1500,35,16,0
2021,1500,36,18,0
2021,1500,37,20,1
2021,1500,38,19,0
2021,1500,39,18,0
2021,1500,40,29,0
2021,1500,41,60,1
2021,1500,42,31,1
2021,1500,43,23,0
2021,1500,44,16,0
2021,1500,45,38,0
2021,1500,46,18,0
2021,1500,47,25,0
2021,1500,48,20,0
2021,1500,49,31,0
2021,1500,50,52,0
2021,1500,51,37,0
2021,1500,52,43,0
2021,1500,53,6,0
2021,1600,1,24,1
2021,1600,2,17,0
2021,1600,3,18,2
2021,1600,4,19,3
2021,1600,5,5,0
2021,1600,6,14,2
2021,1600,7,24,2
2021,1600,8,37,5
2021,1600,9,25,4
2021,1600,10,28,8
2021,1600,11,29,4
2021,1600,12,26,5
2021,1600,13,24,1
2021,1600,14,33,4
2021,1600,15,11,1
2021,1600,16,9,1
2021,1600,17,16,2
2021,1600,18,17,3
2021,1600,19,36,10
2021,1600,20,19,2
2021,1600,21,12,1
2021,1600,22,23,7
2021,1600,23,18,4
2021,1600,24,14,5
2021,1600,25,47,9
2021,1600,26,39,15
2021,1600,27,14,4
2021,1600,28,10,0
2021,1600,29,24,1
2021,1600,30,17,0
2021,1600,31,19,0
2021,1600,32,11,0
2021,1600,33,13,0
2021,1600,34,17,0
2021,1600,35,21,1
2021,1600,36,8,0
2021,1600,37,12,0
2021,1600,38,9,0
2021,1600,39,18,0
2021,1600,40,22,0
2021,1600,41,28,0
2021,1600,42,22,0
2021,1600,43,19,0
2021,1600,44,7,0
2021,1600,45,17,0
2021,1600,46,17,0
2021,1600,47,21,0
2021,1600,48,21,0
2021,1600,49,21,0
2021,1600,50,32,0
2021,1600,51,20,0
2021,1600,52,34,0
2021,1600,53,2,0
2021,1700,1,8,0
2021,1700,2,6,0
2021,1700,3,9,0
2021,1700,4,15,1
2021,1700,5,10,1
2021,1700,6,7,0
2021,1700,7,11,2
2021,1700,8,10,2
2021,1700,9,12,1
2021,1700,10,15,2
2021,1700,11,12,1
2021,1700,12,23,4
2021,1700,13,16,2
2021,1700,14,19,0
2021,1700,15,13,1
2021,1700,16,7,0
2021,1700,17,10,0
2021,1700,18,10,0
2021,1700,19,33,1
2021,1700,20,13,0
2021,1700,21,7,1
2021,1700,22,14,3
2021,1700,23,11,1
2021,1700,24,10,1
2021,1700,25,10,3
2021,1700,26,15,2
2021,1700,27,18,3
2021,1700,28,15,1
2021,1700,29,5,0
2021,1700,30,6,0
2021,1700,31,29,2
2021,1700,32,10,0
2021,1700,33,4,1
2021,1700,34,19,1
2021,1700,35,13,0
2021,1700,36,6,0
2021,1700,37,10,0
2021,1700,38,6,0
2021,1700,39,11,0
2021,1700,40,14,0
2021,1700,41,44,0
2021,1700,42,9,1
2021,1700,43,8,0
2021,1700,44,11,0
2021,1700,45,20,0
2021,1700,46,9,0
2021,1700,47,11,0
2021,1700,48,21,0
2021,1700,49,19,0
2021,1700,50,18,0
2021,1700,51,15,0
2021,1700,52,21,0
2021,1700,53,3,2
2021,1800,1,26,0
2021,1800,2,11,0
2021,1800,3,17,0
2021,1800,4,32,1
2021,1800,5,23,0
2021,1800,6,25,0
2021,1800,7,31,1
2021,1800,8,23,2
2021,1800,9,20,0
2021,1800,10,34,5
2021,1800,11,26,0
2021,1800,12,21,3
2021,1800,13,39,2
2021,1800,14,21,0
2021,1800,15,9,0
2021,1800,16,21,0
2021,1800,17,18,0
2021,1800,18,13,0
2021,1800,19,34,1
2021,1800,20,7,0
2021,1800,21,7,0
2021,1800,22,14,0
2021,1800,23,17,1
2021,1800,24,17,1
2021,1800,25,28,11
2021,1800,26,18,0
2021,1800,27,28,12
2021,1800,28,17,0
2021,1800,29,10,0
2021,1800,30,20,1
2021,1800,31,18,2
2021,1800,32,37,4
2021,1800,33,41,2
2021,1800,34,12,0
2021,1800,35,12,0
2021,1800,36,8,0
2021,1800,37,13,0
2021,1800,38,12,0
2021,1800,39,13,0
2021,1800,40,11,0
2021,1800,41,39,0
2021,1800,42,13,0
2021,1800,43,13,0
2021,1800,44,32,0
2021,1800,45,22,0
2021,1800,46,19,0
2021,1800,47,18,0
2021,1800,48,22,0
2021,1800,49,27,0
2021,1800,50,26,0
2021,1800,51,18,0
2021,1800,52,45,0
2021,1800,53,1,0
2021,1900,1,20,0
2021,1900,2,25,0
2021,1900,3,38,0
2021,1900,4,15,0
2021,1900,5,12,0
2021,1900,6,16,0
2021,1900,7,27,0
2021,1900,8,24,0
2021,1900,9,21,0
2021,1900,10,15,0
2021,1900,11,20,0
2021,1900,12,21,0
2021,1900,13,26,0
2021,1900,14,37,0
2021,1900,15,21,0
2021,1900,16,19,0
2021,1900,17,22,0
2021,1900,18,6,0
2021,1900,19,44,2
2021,1900,20,21,0
2021,1900,21,17,1
2021,1900,22,10,2
2021,1900,23,37,12
2021,1900,24,14,0
2021,1900,25,3,0
2021,1900,26,6,0
2021,1900,27,9,0
2021,1900,28,12,0
2021,1900,29,8,0
2021,1900,30,8,0
2021,1900,31,9,1
2021,1900,32,7,0
2021,1900,33,4,0
2021,1900,34,6,0
2021,1900,35,9,0
2021,1900,36,20,0
2021,1900,37,19,0
2021,1900,38,1,0
2021,1900,39,7,0
2021,1900,40,15,0
2021,1900,41,32,0
2021,1900,42,8,0
2021,1900,43,15,0
2021,1900,44,16,0
2021,1900,45,68,0
2021,1900,46,32,0
2021,1900,47,15,0
2021,1900,48,21,0
2021,1900,49,16,0
2021,1900,50,19,0
2021,1900,51,15,0
2021,1900,52,12,0
2021,1900,53,1,0
2021,2000,1,4,0
2021,2000,2,4,0
2021,2000,3,2,0
2021,2000,4,5,0
2021,2000,5,1,0
2021,2000,6,2,0
2021,2000,7,2,0
2021,2000,8,3,0
2021,2000,9,3,0
2021,2000,10,3,0
2021,2000,11,3,0
2021,2000,12,4,0
2021,2000,13,2,0
2021,2000,14,2,0
2021,2000,15,1,0
2021,2000,16,1,0
2021,2000,18,2,0
2021,2000,19,9,0
2021,2000,21,1,0
2021,2000,23,4,0
2021,2000,24,2,0
2021,2000,25,10,6
2021,2000,26,3,0
2021,2000,27,9,2
2021,2000,28,2,2
2021,2000,31,1,0
2021,2000,32,2,0
2021,2000,33,3,0
2021,2000,34,3,0
2021,2000,35,3,0
2021,2000,36,1,0
2021,2000,38,2,0
2021,2000,40,4,0
2021,2000,41,9,0
2021,2000,42,7,0
2021,2000,43,5,0
2021,2000,44,3,0
2021,2000,45,17,0
2021,2000,46,14,0
2021,2000,47,7,0
2021,2000,48,6,0
2021,2000,49,7,0
2021,2000,50,10,0
2021,2000,51,14,0
2021,2000,52,5,0
2021,2100,2,4,0
2021,2100,3,3,0
2021,2100,5,8,0
2021,2100,6,4,0
2021,2100,7,5,1
2021,2100,8,6,0
2021,2100,9,8,0
2021,2100,10,10,0
2021,2100,11,3,0
2021,2100,12,5,0
2021,2100,13,9,0
2021,2100,14,21,0
2021,2100,15,2,0
2021,2100,16,3,0
2021,2100,17,3,0
2021,2100,19,6,0
2021,2100,20,4,0
2021,2100,21,3,0
2021,2100,22,5,0
2021,2100,23,2,1
2021,2100,24,1,0
2021,2100,25,3,0
2021,2100,27,2,0
2021,2100,28,2,0
2021,2100,29,1,0
2021,2100,30,1,0
2021,2100,32,6,0
2021,2100,33,5,0
2021,2100,34,2,0
2021,2100,35,4,0
2021,2100,36,3,0
2021,2100,37,3,0
2021,2100,38,2,0
2021,2100,39,3,0
2021,2100,40,5,0
2021,2100,41,19,0
2021,2100,42,2,0
2021,2100,43,6,0
2021,2100,44,8,0
2021,2100,45,4,0
2021,2100,46,4,0
2021,2100,47,9,0
2021,2100,48,18,0
2021,2100,49,8,0
2021,2100,50,4,0
2021,2100,51,5,0
2021,2100,52,4,0
2021,2200,3,2,0
2021,2200,4,3,0
2021,2200,6,1,0
2021,2200,7,2,0
2021,2200,8,4,0
2021,2200,9,2,0
2021,2200,10,2,0
2021,2200,12,2,0
2021,2200,13,1,0
2021,2200,14,4,0
2021,2200,15,2,0
2021,2200,16,3,0
2021,2200,17,2,0
2021,2200,18,2,0
2021,2200,19,7,0
2021,2200,20,4,0
2021,2200,22,3,0
2021,2200,24,4,0
2021,2200,27,15,0
2021,2200,28,5,0
2021,2200,29,4,0
2021,2200,30,1,0
2021,2200,32,1,0
2021,2200,34,1,0
2021,2200,38,5,0
2021,2200,40,3,0
2021,2200,41,8,0
2021,2200,42,1,0
2021,2200,43,2,0
2021,2200,44,2,0
2021,2200,45,4,0
2021,2200,46,8,0
2021,2200,47,2,0
2021,2200,48,4,0
2021,2200,49,5,0
2021,2200,50,8,0
2021,2200,52,5,0
2021,2300,1,9,0
2021,2300,2,19,0
2021,2300,3,20,0
2021,2300,4,10,0
2021,2300,5,3,0
2021,2300,6,5,0
2021,2300,7,5,0
2021,2300,8,12,0
2021,2300,9,9,0
2021,2300,10,11,0
2021,2300,11,7,0
2021,2300,12,11,0
2021,2300,13,14,0
2021,2300,14,5,0
2021,2300,15,12,0
2021,2300,16,19,0
2021,2300,17,4,0
2021,2300,18,7,0
2021,2300,19,18,0
2021,2300,20,20,0
2021,2300,21,17,0
2021,2300,22,14,0
2021,2300,23,6,0
2021,2300,24,12,0
2021,2300,25,3,0
2021,2300,26,10,0
2021,2300,27,25,0
2021,2300,28,15,0
2021,2300,29,26,0
2021,2300,30,6,0
2021,2300,31,1,0
2021,2300,32,12,0
2021,2300,33,9,0
2021,2300,34,5,0
2021,2300,35,4,0
2021,2300,36,6,0
2021,2300,37,5,0
2021,2300,38,7,0
2021,2300,39,3,0
2021,2300,40,7,0
2021,2300,41,23,0
2021,2300,42,4,0
2021,2300,43,2,0
2021,2300,44,7,0
2021,2300,45,13,0
2021,2300,46,30,0
2021,2300,47,13,0
2021,2300,48,18,0
2021,2300,49,34,0
2021,2300,50,25,0
2021,2300,51,17,0
2021,2300,52,20,0
2021,2300,53,1,0
2021,2400,1,1,0
2021,2400,2,1,0
2021,2400,3,8,0
2021,2400,4,8,0
2021,2400,5,16,0
2021,2400,6,15,0
2021,2400,7,8,0
2021,2400,8,3,0
2021,2400,9,14,0
2021,2400,10,15,0
2021,2400,11,1,0
2021,2400,12,8,0
2021,2400,13,3,0
2021,2400,14,7,0
2021,2400,15,3,0
2021,2400,16,1,0
2021,2400,17,4,0
2021,2400,18,3,0
2021,2400,19,6,0
2021,2400,20,4,0
2021,2400,21,3,0
2021,2400,22,3,0
2021,2400,24,2,0
2021,2400,25,3,0
2021,2400,26,2,0
2021,2400,28,4,0
2021,2400,30,4,0
2021,2400,31,1,0
2021,2400,32,1,0
2021,2400,35,2,0
2021,2400,37,3,0
2021,2400,38,1,0
2021,2400,39,1,0
2021,2400,40,6,0
2021,2400,41,12,0
2021,2400,42,2,0
2021,2400,43,1,0
2021,2400,44,3,0
2021,2400,45,2,0
2021,2400,46,2,0
2021,2400,47,6,0
2021,2400,48,12,0
2021,2400,49,5,0
2021,2400,50,8,0
2021,2400,51,4,0
2021,2400,52,8,0
2021,2400,53,1,0
2022,0,1,650,1
2022,0,2,761,3
2022,0,3,678,3
2022,0,4,750,5
2022,0,5,719,3
2022,0,6,815,3
2022,0,7,829,1
2022,0,8,782,4
2022,0,9,758,2
2022,0,10,765,0
2022,0,11,683,0
2022,0,12,716,0
2022,0,13,722,2
2022,0,14,735,0
2022,0,15,575,0
2022,0,16,437,0
2022,0,17,442,0
2022,0,18,410,0
2022,0,19,347,0
2022,0,20,1003,1
2022,0,21,337,0
2022,0,22,234,0
2022,0,23,318,1
2022,0,24,290,1
2022,0,25,215,1
2022,0,26,294,3
2022,0,27,272,1
2022,0,28,286,0
2022,0,29,277,2
2022,0,30,411,2
2022,0,31,367,3
2022,0,32,430,5
2022,0,33,410,5
2022,0,34,284,4
2022,0,35,241,6
2022,0,36,234,6
2022,0,37,242,5
2022,0,38,312,4
2022,0,39,273,6
2022,0,40,383,0
2022,0,41,738,15
2022,0,42,492,5
2022,0,43,432,1
2022,0,44,401,1
2022,0,45,427,0
2022,0,46,507,0
2022,0,47,508,0
2022,0,48,492,0
2022,0,49,694,0
2022,0,50,526,0
2022,0,51,607,1
2022,0,52,563,2
2022,0,53,103,0
2022,100,1,114,3
2022,100,2,149,1
2022,100,3,161,0
2022,100,4,117,0
2022,100,5,187,0
2022,100,6,148,0
2022,100,7,166,1
2022,100,8,154,3
2022,100,9,221,2
2022,100,10,146,0
2022,100,11,147,0
2022,100,12,167,1
2022,100,13,214,0
2022,100,14,125,0
2022,100,15,154,0
2022,100,16,120,0
2022,100,17,139,0
2022,100,18,86,0
2022,100,19,62,0
2022,100,20,144,0
2022,100,21,72,0
2022,100,22,65,0
2022,100,23,64,0
2022,100,24,63,1
2022,100,25,60,0
2022,100,26,51,0
2022,100,27,61,0
2022,100,28,57,0
2022,100,29,58,0
2022,100,30,119,0
2022,100,31,60,0
2022,100,32,96,0
2022,100,33,103,0
2022,100,34,66,0
2022,100,35,47,0
2022,100,36,50,0
2022,100,37,51,0
2022,100,38,65,0
2022,100,39,82,0
2022,100,40,90,0
2022,100,41,190,0
2022,100,42,100,1
2022,100,43,102,0
2022,100,44,124,0
2022,100,45,167,0
2022,100,46,132,0
2022,100,47,96,0
2022,100,48,81,0
2022,100,49,159,0
2022,100,50,186,0
2022,100,51,105,0
2022,100,52,92,0
2022,100,53,26,0
2022,200,1,76,1
2022,200,2,90,2
2022,200,3,68,1
2022,200,4,76,0
2022,200,5,80,1
2022,200,6,80,1
2022,200,7,61,2
2022,200,8,98,0
2022,200,9,78,0
2022,200,10,97,0
2022,200,11,102,0
2022,200,12,62,0
2022,200,13,89,0
2022,200,14,61,0
2022,200,15,55,0
2022,200,16,47,0
2022,200,17,74,0
2022,200,18,69,0
2022,200,19,64,0
2022,200,20,123,0
2022,200,21,48,0
2022,200,22,37,0
2022,200,23,37,0
2022,200,24,40,0
2022,200,25,39,0
2022,200,26,37,0
2022,200,27,25,0
2022,200,28,31,0
2022,200,29,30,0
2022,200,30,39,0
2022,200,31,30,0
2022,200,32,35,0
2022,200,33,46,0
2022,200,34,44,0
2022,200,35,34,0
2022,200,36,32,0
2022,200,37,29,0
2022,200,38,60,0
2022,200,39,53,0
2022,200,40,56,0
2022,200,41,114,0
2022,200,42,75,0
2022,200,43,58,0
2022,200,44,62,0
2022,200,45,59,0
2022,200,46,59,0
2022,200,47,46,0
2022,200,48,67,0
2022,200,49,76,0
2022,200,50,95,1
2022,200,51,76,1
2022,200,52,106,1
2022,200,53,17,0
2022,300,1,91,0
2022,300,2,80,0
2022,300,3,67,0
2022,300,4,70,0
2022,300,5,53,1
2022,300,6,73,0
2022,300,7,79,0
2022,300,8,85,1
2022,300,9,75,1
2022,300,10,88,0
2022,300,11,71,0
2022,300,12,85,0
2022,300,13,89,0
2022,300,14,68,0
2022,300,15,83,0
2022,300,16,43,0
2022,300,17,53,0
2022,300,18,41,0
2022,300,19,39,0
2022,300,20,131,0
2022,300,21,50,0
2022,300,22,38,0
2022,300,23,44,0
2022,300,24,33,0
2022,300,25,26,0
2022,300,26,31,0
2022,300,27,45,0
2022,300,28,21,0
2022,300,29,25,0
2022,300,30,42,0
2022,300,31,37,0
2022,300,32,64,0
2022,300,33,48,0
2022,300,34,27,0
2022,300,35,28,0
2022,300,36,32,0
2022,300,37,33,0
2022,300,38,44,1
2022,300,39,35,0
2022,300,40,53,0
2022,300,41,86,0
2022,300,42,27,0
2022,300,43,36,0
2022,300,44,35,0
2022,300,45,35,0
2022,300,46,36,1
2022,300,47,32,0
2022,300,48,41,0
2022,300,49,47,0
2022,300,50,43,1
2022,300,51,30,0
2022,300,52,65,0
2022,300,53,5,0
2022,400,1,54,0
2022,400,2,46,0
2022,400,3,46,0
2022,400,4,33,1
2022,400,5,47,0
2022,400,6,45,0
2022,400,7,55,0
2022,400,8,38,2
2022,400,9,42,0
2022,400,10,69,3
2022,400,11,56,0
2022,400,12,49,0
2022,400,13,34,0
2022,400,14,54,0
2022,400,15,55,0
2022,400,16,41,0
2022,400,17,35,0
2022,400,18,30,0
2022,400,19,34,0
2022,400,20,101,0
2022,400,21,35,0
2022,400,22,19,0
2022,400,23,25,0
2022,400,24,16,0
2022,400,25,19,0
2022,400,26,14,0
2022,400,27,19,0
2022,400,28,24,0
2022,400,29,23,0
2022,400,30,26,1
2022,400,31,31,0
2022,400,32,20,0
2022,400,33,28,0
2022,400,34,18,0
2022,400,35,12,0
2022,400,36,19,0
2022,400,37,12,0
2022,400,38,34,0
2022,400,39,7,0
2022,400,40,27,0
2022,400,41,105,0
2022,400,42,29,0
2022,400,43,36,0
2022,400,44,22,0
2022,400,45,27,0
2022,400,46,7,0
2022,400,47,17,0
2022,400,48,21,0
2022,400,49,57,0
2022,400,50,61,0
2022,400,51,32,0
2022,400,52,40,2
2022,400,53,13,0
2022,500,1,116,0
2022,500,2,108,0
2022,500,3,128,0
2022,500,4,91,0
2022,500,5,60,0
2022,500,6,109,0
2022,500,7,121,1
2022,500,8,123,0
2022,500,9,96,0
2022,500,10,119,1
2022,500,11,123,0
2022,500,12,123,0
2022,500,13,104,0
2022,500,14,116,0
2022,500,15,112,0
2022,500,16,81,1
2022,500,17,94,0
2022,500,18,82,0
2022,500,19,64,0
2022,500,20,137,0
2022,500,21,79,0
2022,500,22,51,0
2022,500,23,57,0
2022,500,24,49,0
2022,500,25,67,0
2022,500,26,36,0
2022,500,27,72,0
2022,500,28,77,0
2022,500,29,63,1
2022,500,30,68,0
2022,500,31,52,0
2022,500,32,87,1
2022,500,33,74,0
2022,500,34,78,0
2022,500,35,52,0
2022,500,36,67,0
2022,500,37,79,0
2022,500,38,63,0
2022,500,39,54,0
2022,500,40,65,0
2022,500,41,140,0
2022,500,42,61,1
2022,500,43,91,0
2022,500,44,169,0
2022,500,45,78,0
2022,500,46,82,0
2022,500,47,64,0
2022,500,48,102,1
2022,500,49,90,0
2022,500,50,90,0
2022,500,51,123,0
2022,500,52,106,1
2022,500,53,19,0
2022,600,1,97,0
2022,600,2,145,0
2022,600,3,133,0
2022,600,4,155,0
2022,600,5,186,1
2022,600,6,175,0
2022,600,7,142,0
2022,600,8,161,0
2022,600,9,155,0
2022,600,10,127,0
2022,600,11,139,0
2022,600,12,162,0
2022,600,13,151,0
2022,600,14,132,0
2022,600,15,149,0
2022,600,16,118,0
2022,600,17,93,0
2022,600,18,133,0
2022,600,19,78,0
2022,600,20,118,0
2022,600,21,88,0
2022,600,22,60,0
2022,600,23,61,0
2022,600,24,58,0
2022,600,25,60,0
2022,600,26,50,0
2022,600,27,87,0
2022,600,28,78,0
2022,600,29,59,0
2022,600,30,99,0
2022,600,31,64,1
2022,600,32,87,8
2022,600,33,110,2
2022,600,34,71,4
2022,600,35,48,0
2022,600,36,43,1
2022,600,37,59,0
2022,600,38,82,0
2022,600,39,60,0
2022,600,40,78,0
2022,600,41,154,0
2022,600,42,103,0
2022,600,43,71,0
2022,600,44,100,0
2022,600,45,93,0
2022,600,46,65,0
2022,600,47,123,0
2022,600,48,128,1
2022,600,49,126,0
2022,600,50,177,0
2022,600,51,121,0
2022,600,52,103,0
2022,600,53,17,1
2022,700,1,101,0
2022,700,2,67,0
2022,700,3,116,1
2022,700,4,107,0
2022,700,5,89,0
2022,700,6,87,1
2022,700,7,126,0
2022,700,8,141,0
2022,700,9,149,1
2022,700,10,103,1
2022,700,11,140,1
2022,700,12,118,1
2022,700,13,122,0
2022,700,14,83,0
2022,700,15,132,0
2022,700,16,85,0
2022,700,17,72,0
2022,700,18,75,0
2022,700,19,71,0
2022,700,20,124,0
2022,700,21,61,0
2022,700,22,61,0
2022,700,23,64,0
2022,700,24,48,0
2022,700,25,55,0
2022,700,26,58,0
2022,700,27,75,0
2022,700,28,61,0
2022,700,29,67,0
2022,700,30,69,1
2022,700,31,40,0
2022,700,32,70,1
2022,700,33,63,1
2022,700,34,67,0
2022,700,35,57,0
2022,700,36,82,1
2022,700,37,80,2
2022,700,38,94,2
2022,700,39,55,0
2022,700,40,78,1
2022,700,41,129,1
2022,700,42,99,1
2022,700,43,99,1
2022,700,44,81,0
2022,700,45,76,0
2022,700,46,74,1
2022,700,47,85,0
2022,700,48,142,1
2022,700,49,94,0
2022,700,50,90,0
2022,700,51,90,0
2022,700,52,73,0
2022,700,53,14,0
2022,800,1,115,0
2022,800,2,106,0
2022,800,3,125,0
2022,800,4,137,0
2022,800,5,98,0
2022,800,6,133,2
2022,800,7,110,0
2022,800,8,150,0
2022,800,9,112,2
2022,800,10,131,1
2022,800,11,152,0
2022,800,12,121,0
2022,800,13,87,1
2022,800,14,147,0
2022,800,15,122,1
2022,800,16,95,0
2022,800,17,110,0
2022,800,18,97,0
2022,800,19,90,0
2022,800,20,132,0
2022,800,21,88,0
2022,800,22,93,0
2022,800,23,82,0
2022,800,24,71,0
2022,800,25,89,0
2022,800,26,88,1
2022,800,27,81,0
2022,800,28,72,0
2022,800,29,83,0
2022,800,30,99,0
2022,800,31,69,0
2022,800,32,94,0
2022,800,33,83,0
2022,800,34,95,0
2022,800,35,81,0
2022,800,36,101,2
2022,800,37,93,1
2022,800,38,94,0
2022,800,39,106,0
2022,800,40,120,0
2022,800,41,129,1
2022,800,42,114,0
2022,800,43,108,0
2022,800,44,108,0
2022,800,45,100,0
2022,800,46,102,0
2022,800,47,116,0
2022,800,48,111,0
2022,800,49,106,0
2022,800,50,94,0
2022,800,51,77,0
2022,800,52,102,0
2022,800,53,13,0
2022,900,1,122,0
2022,900,2,102,0
2022,900,3,114,0
2022,900,4,136,1
2022,900,5,90,1
2022,900,6,102,2
2022,900,7,114,5
2022,900,8,167,7
2022,900,9,147,7
2022,900,10,135,8
2022,900,11,122,1
2022,900,12,103,2
2022,900,13,127,5
2022,900,14,84,1
2022,900,15,124,0
2022,900,16,88,0
2022,900,17,83,0
2022,900,18,43,0
2022,900,19,57,0
2022,900,20,117,1
2022,900,21,53,1
2022,900,22,65,2
2022,900,23,54,0
2022,900,24,60,0
2022,900,25,36,1
2022,900,26,65,1
2022,900,27,67,0
2022,900,28,29,0
2022,900,29,49,0
2022,900,30,60,0
2022,900,31,45,0
2022,900,32,56,0
2022,900,33,46,0
2022,900,34,54,0
2022,900,35,47,0
2022,900,36,40,0
2022,900,37,65,0
2022,900,38,46,0
2022,900,39,44,0
2022,900,40,81,0
2022,900,41,120,0
2022,900,42,68,0
2022,900,43,62,0
2022,900,44,68,0
2022,900,45,86,0
2022,900,46,51,0
2022,900,47,81,0
2022,900,48,70,0
2022,900,49,100,0
2022,900,50,78,0
2022,900,51,58,0
2022,900,52,81,0
2022,900,53,10,0
2022,1000,1,106,0
2022,1000,2,76,0
2022,1000,3,81,0
2022,1000,4,65,0
2022,1000,5,72,0
2022,1000,6,83,1
2022,1000,7,98,1
2022,1000,8,123,12
2022,1000,9,67,2
2022,1000,10,97,7
2022,1000,11,104,3
2022,1000,12,98,5
2022,1000,13,90,4
2022,1000,14,64,2
2022,1000,15,79,5
2022,1000,16,81,2
2022,1000,17,84,0
2022,1000,18,78,0
2022,1000,19,52,0
2022,1000,20,112,2
2022,1000,21,61,1
2022,1000,22,32,0
2022,1000,23,48,0
2022,1000,24,39,0
2022,1000,25,56,0
2022,1000,26,57,2
2022,1000,27,64,0
2022,1000,28,52,1
2022,1000,29,64,1
2022,1000,30,52,2
2022,1000,31,46,0
2022,1000,32,57,0
2022,1000,33,59,0
2022,1000,34,48,0
2022,1000,35,59,0
2022,1000,36,63,0
2022,1000,37,55,1
2022,1000,38,43,0
2022,1000,39,50,0
2022,1000,40,78,0
2022,1000,41,135,0
2022,1000,42,61,0
2022,1000,43,49,0
2022,1000,44,60,0
2022,1000,45,65,0
2022,1000,46,62,0
2022,1000,47,50,0
2022,1000,48,61,0
2022,1000,49,83,0
2022,1000,50,55,0
2022,1000,51,37,0
2022,1000,52,58,0
2022,1000,53,11,0
2022,1100,1,155,0
2022,1100,2,160,0
2022,1100,3,168,3
2022,1100,4,152,8
2022,1100,5,147,2
2022,1100,6,143,0
2022,1100,7,105,1
2022,1100,8,184,2
2022,1100,9,146,3
2022,1100,10,159,4
2022,1100,11,115,5
2022,1100,12,152,1
2022,1100,13,128,1
2022,1100,14,111,2
2022,1100,15,137,2
2022,1100,16,144,5
2022,1100,17,97,3
2022,1100,18,73,3
2022,1100,19,74,1
2022,1100,20,130,1
2022,1100,21,73,1
2022,1100,22,80,1
2022,1100,23,102,3
2022,1100,24,79,0
2022,1100,25,86,2
2022,1100,26,92,1
2022,1100,27,65,0
2022,1100,28,101,0
2022,1100,29,124,0
2022,1100,30,132,1
2022,1100,31,88,1
2022,1100,32,97,1
2022,1100,33,97,2
2022,1100,34,84,0
2022,1100,35,76,3
2022,1100,36,76,0
2022,1100,37,78,0
2022,1100,38,98,0
2022,1100,39,112,0
2022,1100,40,142,0
2022,1100,41,161,0
2022,1100,42,127,0
2022,1100,43,104,0
2022,1100,44,94,0
2022,1100,45,102,0
2022,1100,46,133,0
2022,1100,47,114,0
2022,1100,48,122,0
2022,1100,49,125,0
2022,1100,50,113,0
2022,1100,51,129,0
2022,1100,52,160,0
2022,1100,53,35,0
2022,1200,1,88,0
2022,1200,2,104,0
2022,1200,3,93,1
2022,1200,4,100,0
2022,1200,5,90,3
2022,1200,6,132,10
2022,1200,7,114,16
2022,1200,8,93,12
2022,1200,9,87,15
2022,1200,10,98,8
2022,1200,11,103,14
2022,1200,12,63,13
2022,1200,13,101,10
2022,1200,14,108,9
2022,1200,15,103,7
2022,1200,16,62,3
2022,1200,17,71,4
2022,1200,18,53,1
2022,1200,19,69,1
2022,1200,20,128,9
2022,1200,21,70,2
2022,1200,22,49,1
2022,1200,23,63,5
2022,1200,24,71,3
2022,1200,25,37,0
2022,1200,26,59,4
2022,1200,27,84,3
2022,1200,28,47,1
2022,1200,29,52,0
2022,1200,30,79,3
2022,1200,31,55,3
2022,1200,32,46,3
2022,1200,33,54,3
2022,1200,34,71,1
2022,1200,35,63,3
2022,1200,36,40,2
2022,1200,37,61,0
2022,1200,38,70,0
2022,1200,39,80,0
2022,1200,40,92,0
2022,1200,41,130,0
2022,1200,42,78,0
2022,1200,43,87,0
2022,1200,44,78,1
2022,1200,45,72,0
2022,1200,46,112,0
2022,1200,47,68,0
2022,1200,48,80,0
2022,1200,49,88,0
2022,1200,50,67,0
2022,1200,51,53,0
2022,1200,52,67,0
2022,1200,53,5,0
2022,1300,1,124,0
2022,1300,2,90,0
2022,1300,3,121,0
2022,1300,4,141,0
2022,1300,5,157,1
2022,1300,6,143,1
2022,1300,7,98,0
2022,1300,8,123,1
2022,1300,9,93,3
2022,1300,10,86,7
2022,1300,11,91,8
2022,1300,12,74,2
2022,1300,13,89,6
2022,1300,14,86,4
2022,1300,15,90,3
2022,1300,16,83,6
2022,1300,17,79,9
2022,1300,18,48,5
2022,1300,19,47,10
2022,1300,20,111,12
2022,1300,21,69,7
2022,1300,22,46,6
2022,1300,23,50,4
2022,1300,24,59,7
2022,1300,25,31,4
2022,1300,26,56,12
2022,1300,27,54,11
2022,1300,28,47,9
2022,1300,29,45,4
2022,1300,30,47,5
2022,1300,31,67,17
2022,1300,32,63,5
2022,1300,33,39,4
2022,1300,34,61,3
2022,1300,35,32,1
2022,1300,36,37,0
2022,1300,37,41,0
2022,1300,38,47,0
2022,1300,39,34,2
2022,1300,40,87,1
2022,1300,41,102,1
2022,1300,42,70,0
2022,1300,43,65,0
2022,1300,44,81,0
2022,1300,45,40,0
2022,1300,46,50,0
2022,1300,47,84,0
2022,1300,48,89,0
2022,1300,49,106,0
2022,1300,50,88,0
2022,1300,51,47,0
2022,1300,52,107,0
2022,1300,53,16,0
2022,1400,1,117,0
2022,1400,2,125,0
2022,1400,3,120,1
2022,1400,4,120,2
2022,1400,5,133,3
2022,1400,6,117,3
2022,1400,7,157,21
2022,1400,8,105,0
2022,1400,9,99,4
2022,1400,10,124,13
2022,1400,11,145,14
2022,1400,12,117,8
2022,1400,13,86,8
2022,1400,14,87,11
2022,1400,15,91,8
2022,1400,16,117,19
2022,1400,17,83,13
2022,1400,18,68,12
2022,1400,19,63,12
2022,1400,20,152,21
2022,1400,21,70,14
2022,1400,22,68,15
2022,1400,23,74,26
2022,1400,24,93,25
2022,1400,25,84,28
2022,1400,26,58,11
2022,1400,27,89,23
2022,1400,28,63,14
2022,1400,29,63,12
2022,1400,30,89,22
2022,1400,31,80,18
2022,1400,32,84,24
2022,1400,33,74,22
2022,1400,34,72,14
2022,1400,35,68,6
2022,1400,36,56,4
2022,1400,37,73,6
2022,1400,38,73,6
2022,1400,39,68,0
2022,1400,40,108,4
2022,1400,41,128,5
2022,1400,42,69,0
2022,1400,43,75,0
2022,1400,44,84,0
2022,1400,45,81,0
2022,1400,46,134,0
2022,1400,47,87,0
2022,1400,48,129,0
2022,1400,49,95,0
2022,1400,50,112,0
2022,1400,51,102,0
2022,1400,52,136,1
2022,1400,53,26,0
2022,1500,1,63,0
2022,1500,2,59,0
2022,1500,3,39,2
2022,1500,4,52,3
2022,1500,5,58,5
2022,1500,6,42,3
2022,1500,7,77,23
2022,1500,8,61,9
2022,1500,9,57,1
2022,1500,10,63,1
2022,1500,11,66,4
2022,1500,12,30,3
2022,1500,13,44,3
2022,1500,14,37,7
2022,1500,15,62,5
2022,1500,16,40,8
2022,1500,17,40,8
2022,1500,18,16,3
2022,1500,19,21,9
2022,1500,20,54,9
2022,1500,21,57,5
2022,1500,22,37,1
2022,1500,23,25,5
2022,1500,24,27,5
2022,1500,25,31,3
2022,1500,26,25,8
2022,1500,27,22,0
2022,1500,28,30,6
2022,1500,29,33,2
2022,1500,30,34,6
2022,1500,31,26,2
2022,1500,32,27,0
2022,1500,33,36,1
2022,1500,34,38,0
2022,1500,35,14,0
2022,1500,36,19,0
2022,1500,37,19,0
2022,1500,38,14,0
2022,1500,39,23,0
2022,1500,40,19,0
2022,1500,41,50,0
2022,1500,42,20,0
2022,1500,43,22,0
2022,1500,44,31,1
2022,1500,45,34,0
2022,1500,46,47,0
2022,1500,47,28,0
2022,1500,48,31,0
2022,1500,49,57,2
2022,1500,50,40,0
2022,1500,51,34,0
2022,1500,52,56,0
2022,1500,53,13,0
2022,1600,1,42,0
2022,1600,2,31,0
2022,1600,3,43,0
2022,1600,4,18,0
2022,1600,5,25,2
2022,1600,6,26,1
2022,1600,7,29,4
2022,1600,8,26,0
2022,1600,9,28,5
2022,1600,10,31,5
2022,1600,11,27,7
2022,1600,12,26,9
2022,1600,13,35,17
2022,1600,14,33,6
2022,1600,15,31,8
2022,1600,16,15,4
2022,1600,17,25,7
2022,1600,18,13,5
2022,1600,19,25,10
2022,1600,20,43,17
2022,1600,21,18,3
2022,1600,22,19,4
2022,1600,23,12,1
2022,1600,24,24,3
2022,1600,25,14,7
2022,1600,26,14,2
2022,1600,27,23,0
2022,1600,28,15,1
2022,1600,29,14,1
2022,1600,30,20,1
2022,1600,31,23,1
2022,1600,32,19,1
2022,1600,33,23,3
2022,1600,34,21,0
2022,1600,35,6,0
2022,1600,36,7,0
2022,1600,37,18,0
2022,1600,38,9,0
2022,1600,39,11,0
2022,1600,40,18,0
2022,1600,41,42,0
2022,1600,42,8,0
2022,1600,43,33,0
2022,1600,44,26,0
2022,1600,45,25,0
2022,1600,46,20,0
2022,1600,47,13,0
2022,1600,48,16,0
2022,1600,49,42,0
2022,1600,50,32,0
2022,1600,51,4,0
2022,1600,52,26,1
2022,1600,53,3,0
2022,1700,1,24,0
2022,1700,2,21,0
2022,1700,3,27,0
2022,1700,4,26,1
2022,1700,5,20,0
2022,1700,6,35,2
2022,1700,7,29,1
2022,1700,8,33,6
2022,1700,9,23,3
2022,1700,10,41,4
2022,1700,11,20,1
2022,1700,12,29,2
2022,1700,13,20,2
2022,1700,14,22,2
2022,1700,15,14,0
2022,1700,16,14,2
2022,1700,17,20,3
2022,1700,18,20,0
2022,1700,19,16,0
2022,1700,20,23,2
2022,1700,21,7,1
2022,1700,22,11,2
2022,1700,23,14,0
2022,1700,24,3,0
2022,1700,25,7,0
2022,1700,26,4,0
2022,1700,27,5,0
2022,1700,28,11,0
2022,1700,29,13,1
2022,1700,30,9,1
2022,1700,31,14,0
2022,1700,32,7,0
2022,1700,33,10,0
2022,1700,34,7,1
2022,1700,35,6,0
2022,1700,36,5,0
2022,1700,37,3,0
2022,1700,38,10,0
2022,1700,39,8,0
2022,1700,40,8,0
2022,1700,41,19,0
2022,1700,42,8,0
2022,1700,43,19,0
2022,1700,44,7,0
2022,1700,45,18,0
2022,1700,46,11,0
2022,1700,47,10,0
2022,1700,48,16,0
2022,1700,49,19,0
2022,1700,50,10,0
2022,1700,51,6,0
2022,1700,52,12,0
2022,1700,53,3,0
2022,1800,1,24,0
2022,1800,2,31,0
2022,1800,3,30,0
2022,1800,4,26,0
2022,1800,5,19,0
2022,1800,6,38,3
2022,1800,7,27,3
2022,1800,8,61,22
2022,1800,9,43,13
2022,1800,10,23,3
2022,1800,11,19,0
2022,1800,12,28,1
2022,1800,13,11,0
2022,1800,14,24,2
2022,1800,15,27,1
2022,1800,16,25,0
2022,1800,17,16,2
2022,1800,18,14,0
2022,1800,19,25,1
2022,1800,20,43,2
2022,1800,21,22,1
2022,1800,22,12,0
2022,1800,23,19,4
2022,1800,24,15,0
2022,1800,25,11,0
2022,1800,26,14,0
2022,1800,27,18,0
2022,1800,28,18,3
2022,1800,29,19,0
2022,1800,30,13,0
2022,1800,31,16,0
2022,1800,32,22,0
2022,1800,33,22,0
2022,1800,34,15,0
2022,1800,35,16,0
2022,1800,36,18,0
2022,1800,37,13,0
2022,1800,38,13,0
2022,1800,39,12,0
2022,1800,40,14,0
2022,1800,41,26,1
2022,1800,42,22,0
2022,1800,43,22,0
2022,1800,44,13,0
2022,1800,45,16,0
2022,1800,46,12,0
2022,1800,47,27,0
2022,1800,48,22,0
2022,1800,49,18,0
2022,1800,50,14,0
2022,1800,51,20,0
2022,1800,52,20,0
2022,1800,53,6,0
2022,1900,1,15,0
2022,1900,2,12,0
2022,1900,3,6,0
2022,1900,4,9,0
2022,1900,5,17,3
2022,1900,6,28,3
2022,1900,7,30,0
2022,1900,8,23,0
2022,1900,9,41,7
2022,1900,10,13,0
2022,1900,11,24,3
2022,1900,12,12,1
2022,1900,13,37,1
2022,1900,14,30,4
2022,1900,15,23,3
2022,1900,16,18,4
2022,1900,17,14,6
2022,1900,18,20,1
2022,1900,19,2,0
2022,1900,20,32,1
2022,1900,21,12,0
2022,1900,22,5,0
2022,1900,23,8,1
2022,1900,24,4,0
2022,1900,25,8,1
2022,1900,26,8,2
2022,1900,27,8,1
2022,1900,28,3,0
2022,1900,29,5,0
2022,1900,30,4,0
2022,1900,31,11,0
2022,1900,32,6,0
2022,1900,33,12,0
2022,1900,34,4,0
2022,1900,35,14,0
2022,1900,36,4,0
2022,1900,37,29,0
2022,1900,38,5,0
2022,1900,39,12,0
2022,1900,40,10,0
2022,1900,41,23,0
2022,1900,42,12,0
2022,1900,43,6,0
2022,1900,44,2,0
2022,1900,45,9,0
2022,1900,46,25,0
2022,1900,47,24,0
2022,1900,48,12,0
2022,1900,49,15,0
2022,1900,50,14,0
2022,1900,51,4,0
2022,1900,52,11,0
2022,1900,53,4,0
2022,2000,1,11,1
2022,2000,2,6,0
2022,2000,3,16,0
2022,2000,4,4,0
2022,2000,5,4,1
2022,2000,6,2,0
2022,2000,7,2,0
2022,2000,8,18,2
2022,2000,9,11,3
2022,2000,10,9,0
2022,2000,11,4,0
2022,2000,12,6,0
2022,2000,13,4,0
2022,2000,14,1,0
2022,2000,15,5,0
2022,2000,16,4,1
2022,2000,17,1,0
2022,2000,18,3,0
2022,2000,19,3,0
2022,2000,20,8,1
2022,2000,21,4,0
2022,2000,22,3,0
2022,2000,23,2,0
2022,2000,24,5,0
2022,2000,25,5,1
2022,2000,27,7,0
2022,2000,28,2,0
2022,2000,29,1,0
2022,2000,30,3,0
2022,2000,31,6,0
2022,2000,32,1,0
2022,2000,33,3,0
2022,2000,34,2,0
2022,2000,35,5,0
2022,2000,36,5,0
2022,2000,37,1,0
2022,2000,38,3,0
2022,2000,39,4,0
2022,2000,40,2,0
2022,2000,41,7,0
2022,2000,42,6,0
2022,2000,43,1,0
2022,2000,44,6,0
2022,2000,45,3,0
2022,2000,46,5,0
2022,2000,47,4,0
2022,2000,49,5,0
2022,2000,50,4,0
2022,2000,51,5,0
2022,2000,52,1,0
2022,2100,1,4,0
2022,2100,2,6,0
2022,2100,4,3,0
2022,2100,5,7,1
2022,2100,6,8,0
2022,2100,7,9,0
2022,2100,8,9,2
2022,2100,9,10,0
2022,2100,10,13,1
2022,2100,11,10,1
2022,2100,12,3,0
2022,2100,13,5,0
2022,2100,14,10,0
2022,2100,15,9,0
2022,2100,16,10,1
2022,2100,17,7,1
2022,2100,18,1,0
2022,2100,19,4,0
2022,2100,20,28,0
2022,2100,21,7,0
2022,2100,22,3,0
2022,2100,23,9,0
2022,2100,24,4,0
2022,2100,26,2,0
2022,2100,28,5,0
2022,2100,30,5,0
2022,2100,32,1,0
2022,2100,33,1,0
2022,2100,34,5,0
2022,2100,35,8,0
2022,2100,36,1,0
2022,2100,37,7,0
2022,2100,38,2,0
2022,2100,39,6,0
2022,2100,40,5,0
2022,2100,41,16,0
2022,2100,42,7,0
2022,2100,43,2,0
2022,2100,44,1,0
2022,2100,45,5,0
2022,2100,46,6,0
2022,2100,47,10,0
2022,2100,48,11,0
2022,2100,49,8,0
2022,2100,50,6,0
2022,2100,51,8,0
2022,2100,52,4,0
2022,2100,53,1,0
2022,2200,1,6,0
2022,2200,2,3,0
2022,2200,3,8,0
2022,2200,4,5,0
2022,2200,5,5,0
2022,2200,6,7,0
2022,2200,7,9,0
2022,2200,8,12,0
2022,2200,9,5,0
2022,2200,10,11,0
2022,2200,11,4,0
2022,2200,12,15,0
2022,2200,13,6,0
2022,2200,14,13,0
2022,2200,15,7,0
2022,2200,16,16,0
2022,2200,17,13,0
2022,2200,18,4,0
2022,2200,20,14,1
2022,2200,21,2,0
2022,2200,22,4,0
2022,2200,23,5,0
2022,2200,24,9,0
2022,2200,25,1,0
2022,2200,27,6,0
2022,2200,28,3,0
2022,2200,29,9,0
2022,2200,30,8,0
2022,2200,31,4,0
2022,2200,32,2,0
2022,2200,33,2,0
2022,2200,34,3,0
2022,2200,35,6,0
2022,2200,36,3,0
2022,2200,37,2,0
2022,2200,38,4,0
2022,2200,39,3,0
2022,2200,40,3,0
2022,2200,41,3,0
2022,2200,42,14,0
2022,2200,43,5,0
2022,2200,44,1,0
2022,2200,45,5,0
2022,2200,46,11,0
2022,2200,47,1,0
2022,2200,48,7,0
2022,2200,49,7,0
2022,2200,50,6,0
2022,2200,51,7,0
2022,2200,52,5,0
2022,2200,53,2,0
2022,2300,1,31,0
2022,2300,2,32,0
2022,2300,3,39,0
2022,2300,4,32,0
2022,2300,5,26,0
2022,2300,6,24,0
2022,2300,7,71,0
2022,2300,8,45,0
2022,2300,9,28,0
2022,2300,10,52,0
2022,2300,11,42,0
2022,2300,12,45,0
2022,2300,13,51,0
2022,2300,14,41,0
2022,2300,15,30,0
2022,2300,16,21,0
2022,2300,17,39,0
2022,2300,18,17,0
2022,2300,19,23,0
2022,2300,20,17,0
2022,2300,21,14,0
2022,2300,22,22,0
2022,2300,23,24,0
2022,2300,24,8,0
2022,2300,25,2,0
2022,2300,26,11,0
2022,2300,27,16,0
2022,2300,28,7,0
2022,2300,29,21,0
2022,2300,30,24,0
2022,2300,31,11,0
2022,2300,32,21,0
2022,2300,33,23,0
2022,2300,34,15,0
2022,2300,35,10,0
2022,2300,36,6,0
2022,2300,37,10,0
2022,2300,38,4,0
2022,2300,39,16,0
2022,2300,40,21,0
2022,2300,41,7,0
2022,2300,42,20,0
2022,2300,43,14,0
2022,2300,44,22,0
2022,2300,45,44,0
2022,2300,46,47,0
2022,2300,47,25,0
2022,2300,48,15,0
2022,2300,49,17,0
2022,2300,50,32,0
2022,2300,51,42,0
2022,2300,52,23,0
2022,2300,53,1,0
2022,2400,1,6,0
2022,2400,2,9,0
2022,2400,3,13,0
2022,2400,4,7,0
2022,2400,5,16,1
2022,2400,6,15,1
2022,2400,7,9,0
2022,2400,8,17,0
2022,2400,9,7,0
2022,2400,10,16,0
2022,2400,11,11,0
2022,2400,12,12,0
2022,2400,13,5,0
2022,2400,14,5,0
2022,2400,15,3,0
2022,2400,16,4,0
2022,2400,18,3,0
2022,2400,19,7,0
2022,2400,20,6,0
2022,2400,21,5,0
2022,2400,22,2,0
2022,2400,23,1,0
2022,2400,24,4,0
2022,2400,25,3,0
2022,2400,27,1,0
2022,2400,28,1,0
2022,2400,29,2,0
2022,2400,30,4,0
2022,2400,31,3,0
2022,2400,33,10,0
2022,2400,34,3,0
2022,2400,35,3,0
2022,2400,36,1,0
2022,2400,37,3,0
2022,2400,38,1,0
2022,2400,39,1,0
2022,2400,41,3,0
2022,2400,42,3,0
2022,2400,43,4,0
2022,2400,44,1,0
2022,2400,45,11,0
2022,2400,46,8,0
2022,2400,47,6,0
2022,2400,48,5,0
2022,2400,49,3,0
2022,2400,50,6,0
2022,2400,51,6,0
2022,2400,52,4,0
2023,0,1,896,2
2023,0,2,871,1
2023,0,3,1026,4
2023,0,4,973,3
2023,0,5,1146,4
2023,0,6,1090,2
2023,0,7,1124,3
2023,0,8,957,11
2023,0,9,1119,12
2023,0,10,1028,11
2023,0,11,1100,3
2023,0,12,822,0
2023,0,13,861,0
2023,0,14,725,0
2023,0,15,600,0
2023,0,16,568,0
2023,0,17,491,0
2023,0,18,479,0
2023,0,19,1015,0
2023,0,20,361,0
2023,0,21,395,0
2023,0,22,342,0
2023,0,23,401,0
2023,0,24,322,2
2023,0,25,269,0
2023,0,26,378,1
2023,0,27,425,3
2023,0,28,511,0
2023,0,29,407,1
2023,0,30,451,1
2023,0,31,357,7
2023,0,32,297,3
2023,0,33,327,3
2023,0,34,347,6
2023,0,35,354,1
2023,0,36,372,1
2023,0,37,430,3
2023,0,38,376,3
2023,0,39,366,2
2023,0,40,489,2
2023,0,41,832,5
2023,0,42,548,1
2023,0,43,488,1
2023,0,44,568,2
2023,0,45,647,0
2023,0,46,566,1
2023,0,47,600,3
2023,0,48,627,3
2023,0,49,843,3
2023,0,50,698,0
2023,0,51,698,2
2023,0,52,786,11
2023,0,53,106,0
2023,100,1,243,1
2023,100,2,184,0
2023,100,3,229,6
2023,100,4,168,2
2023,100,5,177,0
2023,100,6,221,1
2023,100,7,263,0
2023,100,8,217,0
2023,100,9,238,2
2023,100,10,232,1
2023,100,11,232,1
2023,100,12,189,0
2023,100,13,156,0
2023,100,14,136,0
2023,100,15,127,0
2023,100,16,94,0
2023,100,17,63,0
2023,100,18,112,0
2023,100,19,229,0
2023,100,20,87,0
2023,100,21,88,0
2023,100,22,77,0
2023,100,23,84,0
2023,100,24,75,0
2023,100,25,76,0
2023,100,26,130,1
2023,100,27,147,0
2023,100,28,82,0
2023,100,29,66,0
2023,100,30,111,0
2023,100,31,88,1
2023,100,32,75,0
2023,100,33,50,0
2023,100,34,88,0
2023,100,35,73,0
2023,100,36,100,0
2023,100,37,65,0
2023,100,38,75,0
2023,100,39,74,0
2023,100,40,80,0
2023,100,41,187,0
2023,100,42,99,0
2023,100,43,100,0
2023,100,44,110,0
2023,100,45,103,0
2023,100,46,97,0
2023,100,47,140,0
2023,100,48,161,0
2023,100,49,146,0
2023,100,50,118,0
2023,100,51,99,0
2023,100,52,156,0
2023,100,53,24,0
2023,200,1,121,0
2023,200,2,129,1
2023,200,3,111,0
2023,200,4,99,1
2023,200,5,104,0
2023,200,6,130,0
2023,200,7,155,0
2023,200,8,144,0
2023,200,9,100,0
2023,200,10,102,4
2023,200,11,97,0
2023,200,12,84,0
2023,200,13,104,0
2023,200,14,87,1
2023,200,15,71,0
2023,200,16,79,0
2023,200,17,45,0
2023,200,18,62,0
2023,200,19,145,0
2023,200,20,45,0
2023,200,21,43,0
2023,200,22,44,0
2023,200,23,31,0
2023,200,24,37,0
2023,200,25,41,0
2023,200,26,64,0
2023,200,27,49,0
2023,200,28,48,0
2023,200,29,39,0
2023,200,30,49,0
2023,200,31,59,0
2023,200,32,34,0
2023,200,33,31,0
2023,200,34,67,0
2023,200,35,42,0
2023,200,36,49,0
2023,200,37,44,0
2023,200,38,48,0
2023,200,39,55,0
2023,200,40,52,0
2023,200,41,95,0
2023,200,42,89,0
2023,200,43,82,0
2023,200,44,65,0
2023,200,45,69,0
2023,200,46,78,0
2023,200,47,62,0
2023,200,48,118,0
2023,200,49,91,0
2023,200,50,65,0
2023,200,51,87,1
2023,200,52,134,0
2023,200,53,22,0
2023,300,1,85,0
2023,300,2,104,0
2023,300,3,104,0
2023,300,4,60,0
2023,300,5,65,0
2023,300,6,83,0
2023,300,7,80,0
2023,300,8,80,0
2023,300,9,70,0
2023,300,10,94,0
2023,300,11,84,0
2023,300,12,75,0
2023,300,13,62,0
2023,300,14,69,0
2023,300,15,61,0
2023,300,16,54,0
2023,300,17,39,1
2023,300,18,28,0
2023,300,19,111,0
2023,300,20,57,0
2023,300,21,53,0
2023,300,22,38,0
2023,300,23,47,1
2023,300,24,53,0
2023,300,25,25,0
2023,300,26,56,0
2023,300,27,50,0
2023,300,28,48,0
2023,300,29,40,0
2023,300,30,103,0
2023,300,31,44,0
2023,300,32,26,0
2023,300,33,43,0
2023,300,34,51,0
2023,300,35,30,0
2023,300,36,27,0
2023,300,37,26,0
2023,300,38,38,0
2023,300,39,22,0
2023,300,40,50,0
2023,300,41,103,0
2023,300,42,50,0
2023,300,43,56,0
2023,300,44,63,0
2023,300,45,39,0
2023,300,46,48,0
2023,300,47,61,0
2023,300,48,109,0
2023,300,49,63,0
2023,300,50,87,0
2023,300,51,77,0
2023,300,52,98,0
2023,300,53,12,0
2023,400,1,64,3
2023,400,2,68,0
2023,400,3,60,0
2023,400,4,59,0
2023,400,5,53,0
2023,400,6,56,0
2023,400,7,48,0
2023,400,8,75,0
2023,400,9,40,0
2023,400,10,41,0
2023,400,11,63,0
2023,400,12,76,0
2023,400,13,44,0
2023,400,14,47,0
2023,400,15,27,0
2023,400,16,31,0
2023,400,17,32,0
2023,400,18,22,0
2023,400,19,81,0
2023,400,20,34,0
2023,400,21,33,0
2023,400,22,26,0
2023,400,23,22,0
2023,400,24,30,0
2023,400,25,20,0
2023,400,26,24,0
2023,400,27,23,0
2023,400,28,32,0
2023,400,29,29,0
2023,400,30,22,0
2023,400,31,34,0
2023,400,32,34,0
2023,400,33,30,0
2023,400,34,20,0
2023,400,35,18,0
2023,400,36,44,0
2023,400,37,37,0
2023,400,38,19,0
2023,400,39,41,0
2023,400,40,28,0
2023,400,41,92,0
2023,400,42,51,0
2023,400,43,74,0
2023,400,44,35,0
2023,400,45,33,0
2023,400,46,43,0
2023,400,47,41,0
2023,400,48,42,0
2023,400,49,42,0
2023,400,50,54,0
2023,400,51,59,0
2023,400,52,78,1
2023,400,53,5,0
2023,500,1,122,1
2023,500,2,137,0
2023,500,3,112,0
2023,500,4,92,1
2023,500,5,113,1
2023,500,6,155,0
2023,500,7,139,0
2023,500,8,173,0
2023,500,9,119,0
2023,500,10,177,1
2023,500,11,170,0
2023,500,12,109,0
2023,500,13,81,1
2023,500,14,93,0
2023,500,15,68,0
2023,500,16,116,0
2023,500,17,93,0
2023,500,18,66,0
2023,500,19,167,0
2023,500,20,76,0
2023,500,21,81,0
2023,500,22,58,0
2023,500,23,80,0
2023,500,24,62,0
2023,500,25,40,0
2023,500,26,57,0
2023,500,27,68,0
2023,500,28,75,1
2023,500,29,67,0
2023,500,30,58,0
2023,500,31,74,0
2023,500,32,77,0
2023,500,33,59,0
2023,500,34,63,0
2023,500,35,55,0
2023,500,36,89,0
2023,500,37,56,0
2023,500,38,61,0
2023,500,39,61,0
2023,500,40,62,1
2023,500,41,165,0
2023,500,42,96,0
2023,500,43,84,0
2023,500,44,78,0
2023,500,45,107,0
2023,500,46,83,0
2023,500,47,81,0
2023,500,48,87,0
2023,500,49,88,0
2023,500,50,111,0
2023,500,51,134,0
2023,500,52,138,2
2023,500,53,22,0
2023,600,1,147,0
2023,600,2,191,0
2023,600,3,226,0
2023,600,4,226,1
2023,600,5,191,0
2023,600,6,236,1
2023,600,7,211,2
2023,600,8,179,0
2023,600,9,197,0
2023,600,10,195,0
2023,600,11,231,0
2023,600,12,183,0
2023,600,13,189,0
2023,600,14,155,0
2023,600,15,147,0
2023,600,16,145,0
2023,600,17,142,0
2023,600,18,95,1
2023,600,19,180,0
2023,600,20,98,0
2023,600,21,112,1
2023,600,22,92,2
2023,600,23,83,0
2023,600,24,82,0
2023,600,25,73,0
2023,600,26,86,0
2023,600,27,103,1
2023,600,28,98,2
2023,600,29,87,0
2023,600,30,98,2
2023,600,31,81,4
2023,600,32,63,0
2023,600,33,89,0
2023,600,34,91,0
2023,600,35,92,0
2023,600,36,88,0
2023,600,37,89,0
2023,600,38,93,1
2023,600,39,79,0
2023,600,40,74,0
2023,600,41,200,0
2023,600,42,99,0
2023,600,43,102,0
2023,600,44,182,0
2023,600,45,102,0
2023,600,46,160,0
2023,600,47,149,0
2023,600,48,159,0
2023,600,49,216,0
2023,600,50,163,0
2023,600,51,171,0
2023,600,52,176,0
2023,600,53,17,0
2023,700,1,83,0
2023,700,2,158,0
2023,700,3,131,0
2023,700,4,124,0
2023,700,5,115,0
2023,700,6,108,0
2023,700,7,101,0
2023,700,8,93,0
2023,700,9,119,0
2023,700,10,157,1
2023,700,11,169,0
2023,700,12,116,0
2023,700,13,121,0
2023,700,14,84,0
2023,700,15,50,0
2023,700,16,77,0
2023,700,17,77,0
2023,700,18,56,0
2023,700,19,151,0
2023,700,20,73,0
2023,700,21,81,0
2023,700,22,97,0
2023,700,23,70,2
2023,700,24,57,2
2023,700,25,58,0
2023,700,26,53,1
2023,700,27,56,0
2023,700,28,53,2
2023,700,29,55,5
2023,700,30,57,1
2023,700,31,60,0
2023,700,32,37,0
2023,700,33,44,1
2023,700,34,70,3
2023,700,35,69,5
2023,700,36,40,2
2023,700,37,90,7
2023,700,38,75,3
2023,700,39,49,1
2023,700,40,51,1
2023,700,41,149,6
2023,700,42,103,1
2023,700,43,70,2
2023,700,44,104,3
2023,700,45,65,0
2023,700,46,137,0
2023,700,47,76,0
2023,700,48,114,1
2023,700,49,92,0
2023,700,50,121,0
2023,700,51,88,0
2023,700,52,107,0
2023,700,53,11,0
2023,800,1,127,0
2023,800,2,123,0
2023,800,3,121,0
2023,800,4,141,0
2023,800,5,127,0
2023,800,6,140,0
2023,800,7,138,0
2023,800,8,153,0
2023,800,9,143,1
2023,800,10,201,1
2023,800,11,164,0
2023,800,12,140,0
2023,800,13,152,0
2023,800,14,121,1
2023,800,15,126,0
2023,800,16,118,0
2023,800,17,121,0
2023,800,18,98,3
2023,800,19,138,2
2023,800,20,77,0
2023,800,21,66,0
2023,800,22,95,0
2023,800,23,87,0
2023,800,24,80,0
2023,800,25,84,1
2023,800,26,72,0
2023,800,27,87,0
2023,800,28,57,0
2023,800,29,78,1
2023,800,30,90,0
2023,800,31,92,0
2023,800,32,73,0
2023,800,33,85,0
2023,800,34,92,0
2023,800,35,96,0
2023,800,36,118,0
2023,800,37,93,0
2023,800,38,101,2
2023,800,39,98,0
2023,800,40,93,1
2023,800,41,146,3
2023,800,42,111,0
2023,800,43,113,0
2023,800,44,111,0
2023,800,45,102,0
2023,800,46,104,0
2023,800,47,97,0
2023,800,48,89,0
2023,800,49,103,0
2023,800,50,91,0
2023,800,51,88,0
2023,800,52,108,0
2023,800,53,19,0
2023,900,1,129,0
2023,900,2,110,0
2023,900,3,143,1
2023,900,4,126,0
2023,900,5,111,0
2023,900,6,146,0
2023,900,7,131,0
2023,900,8,136,0
2023,900,9,156,0
2023,900,10,134,0
2023,900,11,128,1
2023,900,12,146,0
2023,900,13,126,1
2023,900,14,117,0
2023,900,15,100,0
2023,900,16,126,1
2023,900,17,98,0
2023,900,18,57,0
2023,900,19,150,0
2023,900,20,53,0
2023,900,21,57,0
2023,900,22,64,0
2023,900,23,53,2
2023,900,24,50,2
2023,900,25,47,3
2023,900,26,53,1
2023,900,27,55,1
2023,900,28,48,1
2023,900,29,56,0
2023,900,30,51,1
2023,900,31,56,1
2023,900,32,37,3
2023,900,33,41,1
2023,900,34,36,1
2023,900,35,49,1
2023,900,36,64,0
2023,900,37,90,1
2023,900,38,68,0
2023,900,39,32,0
2023,900,40,52,1
2023,900,41,117,0
2023,900,42,82,0
2023,900,43,87,0
2023,900,44,85,0
2023,900,45,70,0
2023,900,46,72,0
2023,900,47,98,0
2023,900,48,110,0
2023,900,49,88,0
2023,900,50,128,0
2023,900,51,112,0
2023,900,52,96,0
2023,900,53,24,0
2023,1000,1,82,0
2023,1000,2,82,0
2023,1000,3,93,0
2023,1000,4,61,1
2023,1000,5,52,0
2023,1000,6,83,0
2023,1000,7,68,1
2023,1000,8,65,0
2023,1000,9,71,1
2023,1000,10,107,3
2023,1000,11,124,1
2023,1000,12,86,1
2023,1000,13,92,1
2023,1000,14,79,0
2023,1000,15,70,1
2023,1000,16,76,0
2023,1000,17,65,2
2023,1000,18,45,2
2023,1000,19,136,1
2023,1000,20,46,0
2023,1000,21,44,1
2023,1000,22,59,0
2023,1000,23,60,0
2023,1000,24,58,0
2023,1000,25,48,0
2023,1000,26,47,0
2023,1000,27,51,0
2023,1000,28,49,0
2023,1000,29,61,0
2023,1000,30,45,1
2023,1000,31,63,0
2023,1000,32,43,1
2023,1000,33,74,0
2023,1000,34,48,0
2023,1000,35,69,0
2023,1000,36,76,1
2023,1000,37,39,0
2023,1000,38,72,1
2023,1000,39,78,0
2023,1000,40,57,1
2023,1000,41,127,2
2023,1000,42,88,0
2023,1000,43,68,0
2023,1000,44,53,0
2023,1000,45,71,0
2023,1000,46,68,0
2023,1000,47,55,0
2023,1000,48,79,0
2023,1000,49,73,0
2023,1000,50,75,0
2023,1000,51,72,0
2023,1000,52,60,0
2023,1000,53,10,0
2023,1100,1,225,0
2023,1100,2,152,0
2023,1100,3,227,0
2023,1100,4,201,0
2023,1100,5,211,0
2023,1100,6,220,1
2023,1100,7,148,0
2023,1100,8,230,2
2023,1100,9,214,4
2023,1100,10,230,2
2023,1100,11,218,5
2023,1100,12,178,8
2023,1100,13,198,4
2023,1100,14,199,6
2023,1100,15,110,3
2023,1100,16,152,6
2023,1100,17,132,3
2023,1100,18,137,1
2023,1100,19,189,0
2023,1100,20,89,0
2023,1100,21,95,1
2023,1100,22,89,0
2023,1100,23,111,0
2023,1100,24,78,2
2023,1100,25,108,3
2023,1100,26,92,2
2023,1100,27,116,0
2023,1100,28,104,0
2023,1100,29,86,1
2023,1100,30,102,0
2023,1100,31,118,0
2023,1100,32,68,0
2023,1100,33,68,0
2023,1100,34,55,1
2023,1100,35,103,0
2023,1100,36,100,0
2023,1100,37,87,0
2023,1100,38,98,0
2023,1100,39,105,0
2023,1100,40,133,0
2023,1100,41,205,0
2023,1100,42,98,0
2023,1100,43,148,0
2023,1100,44,138,0
2023,1100,45,132,0
2023,1100,46,134,0
2023,1100,47,136,2
2023,1100,48,150,0
2023,1100,49,179,0
2023,1100,50,130,0
2023,1100,51,164,0
2023,1100,52,188,0
2023,1100,53,19,0
2023,1200,1,115,0
2023,1200,2,68,0
2023,1200,3,80,0
2023,1200,4,122,0
2023,1200,5,138,1
2023,1200,6,82,3
2023,1200,7,116,1
2023,1200,8,95,1
2023,1200,9,123,1
2023,1200,10,110,4
2023,1200,11,115,6
2023,1200,12,105,4
2023,1200,13,92,4
2023,1200,14,109,6
2023,1200,15,79,0
2023,1200,16,99,3
2023,1200,17,100,2
2023,1200,18,79,0
2023,1200,19,140,7
2023,1200,20,66,6
2023,1200,21,76,3
2023,1200,22,57,1
2023,1200,23,54,1
2023,1200,24,80,2
2023,1200,25,56,4
2023,1200,26,57,2
2023,1200,27,80,11
2023,1200,28,89,14
2023,1200,29,65,2
2023,1200,30,60,9
2023,1200,31,55,2
2023,1200,32,39,4
2023,1200,33,62,3
2023,1200,34,80,4
2023,1200,35,81,5
2023,1200,36,102,2
2023,1200,37,86,2
2023,1200,38,94,0
2023,1200,39,104,1
2023,1200,40,71,0
2023,1200,41,165,1
2023,1200,42,81,0
2023,1200,43,75,0
2023,1200,44,67,0
2023,1200,45,72,0
2023,1200,46,72,0
2023,1200,47,93,0
2023,1200,48,62,0
2023,1200,49,82,0
2023,1200,50,87,0
2023,1200,51,79,0
2023,1200,52,65,0
2023,1200,53,7,0
2023,1300,1,121,0
2023,1300,2,146,0
2023,1300,3,158,0
2023,1300,4,121,0
2023,1300,5,123,0
2023,1300,6,111,0
2023,1300,7,139,0
2023,1300,8,108,1
2023,1300,9,128,3
2023,1300,10,140,9
2023,1300,11,87,13
2023,1300,12,102,8
2023,1300,13,111,10
2023,1300,14,129,16
2023,1300,15,89,19
2023,1300,16,99,18
2023,1300,17,100,6
2023,1300,18,93,7
2023,1300,19,138,8
2023,1300,20,97,13
2023,1300,21,45,10
2023,1300,22,58,10
2023,1300,23,60,14
2023,1300,24,50,12
2023,1300,25,63,24
2023,1300,26,54,13
2023,1300,27,91,37
2023,1300,28,61,17
2023,1300,29,62,8
2023,1300,30,77,17
2023,1300,31,97,13
2023,1300,32,51,7
2023,1300,33,54,7
2023,1300,34,35,2
2023,1300,35,77,3
2023,1300,36,71,3
2023,1300,37,65,3
2023,1300,38,94,2
2023,1300,39,63,6
2023,1300,40,57,0
2023,1300,41,95,1
2023,1300,42,55,0
2023,1300,43,76,1
2023,1300,44,60,0
2023,1300,45,82,0
2023,1300,46,147,0
2023,1300,47,97,1
2023,1300,48,100,0
2023,1300,49,94,0
2023,1300,50,103,0
2023,1300,51,76,0
2023,1300,52,126,0
2023,1300,53,11,0
2023,1400,1,177,1
2023,1400,2,162,1
2023,1400,3,168,0
2023,1400,4,184,0
2023,1400,5,159,0
2023,1400,6,193,1
2023,1400,7,218,1
2023,1400,8,175,3
2023,1400,9,172,2
2023,1400,10,194,9
2023,1400,11,165,11
2023,1400,12,163,10
2023,1400,13,158,7
2023,1400,14,150,17
2023,1400,15,122,8
2023,1400,16,136,22
2023,1400,17,122,20
2023,1400,18,90,5
2023,1400,19,212,23
2023,1400,20,94,11
2023,1400,21,91,19
2023,1400,22,85,16
2023,1400,23,72,21
2023,1400,24,85,24
2023,1400,25,104,24
2023,1400,26,81,16
2023,1400,27,116,35
2023,1400,28,117,10
2023,1400,29,85,6
2023,1400,30,84,7
2023,1400,31,88,2
2023,1400,32,96,2
2023,1400,33,92,1
2023,1400,34,81,2
2023,1400,35,56,2
2023,1400,36,78,1
2023,1400,37,62,4
2023,1400,38,76,0
2023,1400,39,91,2
2023,1400,40,75,2
2023,1400,41,144,1
2023,1400,42,73,1
2023,1400,43,93,0
2023,1400,44,99,0
2023,1400,45,102,1
2023,1400,46,101,1
2023,1400,47,121,0
2023,1400,48,108,0
2023,1400,49,111,0
2023,1400,50,136,0
2023,1400,51,120,0
2023,1400,52,160,0
2023,1400,53,14,0
2023,1500,1,54,2
2023,1500,2,76,0
2023,1500,3,71,1
2023,1500,4,64,1
2023,1500,5,68,0
2023,1500,6,77,0
2023,1500,7,91,1
2023,1500,8,53,1
2023,1500,9,86,2
2023,1500,10,90,1
2023,1500,11,64,5
2023,1500,12,61,4
2023,1500,13,54,0
2023,1500,14,52,5
2023,1500,15,66,3
2023,1500,16,50,6
2023,1500,17,48,4
2023,1500,18,45,6
2023,1500,19,63,6
2023,1500,20,34,4
2023,1500,21,45,10
2023,1500,22,47,10
2023,1500,23,28,6
2023,1500,24,30,10
2023,1500,25,40,8
2023,1500,26,30,1
2023,1500,27,40,1
2023,1500,28,43,3
2023,1500,29,34,2
2023,1500,30,28,4
2023,1500,31,28,0
2023,1500,32,23,1
2023,1500,33,28,1
2023,1500,34,30,0
2023,1500,35,26,0
2023,1500,36,36,0
2023,1500,37,15,0
2023,1500,38,59,0
2023,1500,39,22,0
2023,1500,40,35,2
2023,1500,41,39,0
2023,1500,42,21,0
2023,1500,43,35,2
2023,1500,44,48,0
2023,1500,45,43,0
2023,1500,46,43,0
2023,1500,47,42,0
2023,1500,48,49,0
2023,1500,49,74,0
2023,1500,50,87,1
2023,1500,51,55,0
2023,1500,52,76,0
2023,1500,53,6,0
2023,1600,1,39,0
2023,1600,2,24,1
2023,1600,3,34,2
2023,1600,4,41,0
2023,1600,5,48,3
2023,1600,6,44,3
2023,1600,7,33,3
2023,1600,8,48,4
2023,1600,9,22,5
2023,1600,10,66,19
2023,1600,11,53,21
2023,1600,12,43,11
2023,1600,13,49,9
2023,1600,14,28,2
2023,1600,15,40,10
2023,1600,16,25,5
2023,1600,17,26,4
2023,1600,18,23,5
2023,1600,19,72,19
2023,1600,20,25,6
2023,1600,21,21,4
2023,1600,22,22,9
2023,1600,23,20,5
2023,1600,24,19,1
2023,1600,25,21,2
2023,1600,26,24,3
2023,1600,27,16,3
2023,1600,28,38,2
2023,1600,29,20,2
2023,1600,30,21,0
2023,1600,31,16,1
2023,1600,32,12,0
2023,1600,33,19,0
2023,1600,34,10,0
2023,1600,35,14,0
2023,1600,36,12,0
2023,1600,37,13,0
2023,1600,38,8,0
2023,1600,39,27,1
2023,1600,40,13,1
2023,1600,41,35,0
2023,1600,42,11,0
2023,1600,43,12,0
2023,1600,44,11,0
2023,1600,45,22,0
2023,1600,46,11,0
2023,1600,47,14,0
2023,1600,48,14,0
2023,1600,49,32,1
2023,1600,50,47,0
2023,1600,51,27,0
2023,1600,52,37,1
2023,1600,53,4,0
2023,1700,1,14,0
2023,1700,2,27,0
2023,1700,3,13,0
2023,1700,4,15,0
2023,1700,5,14,1
2023,1700,6,47,0
2023,1700,7,21,1
2023,1700,8,37,2
2023,1700,9,11,1
2023,1700,10,20,1
2023,1700,11,45,8
2023,1700,12,10,2
2023,1700,13,9,0
2023,1700,14,18,0
2023,1700,15,13,1
2023,1700,16,14,0
2023,1700,17,7,0
2023,1700,18,14,2
2023,1700,19,30,4
2023,1700,20,13,1
2023,1700,21,17,1
2023,1700,22,19,1
2023,1700,23,13,1
2023,1700,24,8,0
2023,1700,25,5,0
2023,1700,26,11,1
2023,1700,27,11,0
2023,1700,28,8,0
2023,1700,29,8,0
2023,1700,30,9,0
2023,1700,31,16,0
2023,1700,32,11,0
2023,1700,33,19,0
2023,1700,34,7,1
2023,1700,35,5,0
2023,1700,36,26,1
2023,1700,37,7,0
2023,1700,38,10,0
2023,1700,39,19,1
2023,1700,40,6,0
2023,1700,41,27,0
2023,1700,42,3,0
2023,1700,43,28,1
2023,1700,44,8,0
2023,1700,45,5,0
2023,1700,46,3,0
2023,1700,47,11,0
2023,1700,48,15,0
2023,1700,49,4,0
2023,1700,50,13,0
2023,1700,51,8,1
2023,1700,52,20,0
2023,1700,53,9,0
2023,1800,1,42,1
2023,1800,2,13,0
2023,1800,3,21,0
2023,1800,4,20,0
2023,1800,5,35,0
2023,1800,6,22,1
2023,1800,7,46,7
2023,1800,8,31,7
2023,1800,9,41,4
2023,1800,10,37,1
2023,1800,11,29,4
2023,1800,12,32,6
2023,1800,13,22,2
2023,1800,14,25,3
2023,1800,15,47,20
2023,1800,16,24,1
2023,1800,17,11,1
2023,1800,18,10,0
2023,1800,19,34,4
2023,1800,20,15,2
2023,1800,21,19,0
2023,1800,22,59,11
2023,1800,23,38,17
2023,1800,24,10,0
2023,1800,25,18,2
2023,1800,26,9,1
2023,1800,27,14,0
2023,1800,28,24,0
2023,1800,29,14,0
2023,1800,30,15,0
2023,1800,31,22,0
2023,1800,32,22,0
2023,1800,33,15,0
2023,1800,34,11,0
2023,1800,35,12,0
2023,1800,36,26,0
2023,1800,37,17,0
2023,1800,38,28,0
2023,1800,39,24,0
2023,1800,40,14,0
2023,1800,41,22,0
2023,1800,42,7,0
2023,1800,43,24,0
2023,1800,44,12,0
2023,1800,45,14,0
2023,1800,46,8,0
2023,1800,47,9,0
2023,1800,48,16,0
2023,1800,49,15,0
2023,1800,50,9,0
2023,1800,51,16,0
2023,1800,52,24,0
2023,1800,53,5,0
2023,1900,1,31,0
2023,1900,2,16,0
2023,1900,3,29,3
2023,1900,4,38,6
2023,1900,5,27,0
2023,1900,6,23,1
2023,1900,7,29,6
2023,1900,8,33,6
2023,1900,9,48,8
2023,1900,10,27,7
2023,1900,11,76,25
2023,1900,12,21,4
2023,1900,13,22,3
2023,1900,14,50,25
2023,1900,15,12,4
2023,1900,16,32,8
2023,1900,17,14,1
2023,1900,18,20,2
2023,1900,19,23,2
2023,1900,20,12,2
2023,1900,21,18,1
2023,1900,22,11,1
2023,1900,23,13,0
2023,1900,24,15,0
2023,1900,25,8,1
2023,1900,26,18,3
2023,1900,27,9,0
2023,1900,28,11,0
2023,1900,29,12,1
2023,1900,30,7,2
2023,1900,31,6,2
2023,1900,32,12,1
2023,1900,33,10,0
2023,1900,34,5,0
2023,1900,35,18,0
2023,1900,36,4,0
2023,1900,37,7,0
2023,1900,38,19,1
2023,1900,39,41,0
2023,1900,40,22,0
2023,1900,41,13,0
2023,1900,42,28,0
2023,1900,43,17,0
2023,1900,44,4,0
2023,1900,45,13,0
2023,1900,46,10,0
2023,1900,47,5,0
2023,1900,48,5,0
2023,1900,49,16,0
2023,1900,50,5,0
2023,1900,51,19,1
2023,1900,52,20,4
2023,1900,53,4,1
2023,2000,1,17,0
2023,2000,2,4,0
2023,2000,3,4,0
2023,2000,4,5,0
2023,2000,5,3,0
2023,2000,6,13,0
2023,2000,7,4,0
2023,2000,8,8,1
2023,2000,9,8,1
2023,2000,10,8,0
2023,2000,11,2,0
2023,2000,12,7,0
2023,2000,13,10,1
2023,2000,14,10,0
2023,2000,15,3,0
2023,2000,16,6,0
2023,2000,17,1,0
2023,2000,18,6,0
2023,2000,19,3,0
2023,2000,20,2,0
2023,2000,21,3,0
2023,2000,22,1,0
2023,2000,23,1,0
2023,2000,24,1,0
2023,2000,27,1,0
2023,2000,28,10,0
2023,2000,29,4,0
2023,2000,30,1,0
2023,2000,31,2,0
2023,2000,33,3,0
2023,2000,34,2,1
2023,2000,35,1,0
2023,2000,36,2,0
2023,2000,37,1,0
2023,2000,38,2,0
2023,2000,39,5,0
2023,2000,40,2,0
2023,2000,41,2,0
2023,2000,42,3,0
2023,2000,43,1,0
2023,2000,44,1,0
2023,2000,45,1,0
2023,2000,46,2,0
2023,2000,47,1,0
2023,2000,48,2,0
2023,2000,49,1,0
2023,2000,50,2,0
2023,2000,51,11,0
2023,2000,52,15,1
2023,2100,1,14,0
2023,2100,2,6,0
2023,2100,3,3,0
2023,2100,4,11,0
2023,2100,5,7,0
2023,2100,6,21,0
2023,2100,7,14,1
2023,2100,8,13,0
2023,2100,9,19,3
2023,2100,10,16,1
2023,2100,11,8,1
2023,2100,12,17,2
2023,2100,13,14,0
2023,2100,14,13,0
2023,2100,15,7,2
2023,2100,16,12,1
2023,2100,17,4,0
2023,2100,18,8,0
2023,2100,19,19,0
2023,2100,20,2,0
2023,2100,21,2,0
2023,2100,22,4,2
2023,2100,23,5,0
2023,2100,24,5,0
2023,2100,26,7,1
2023,2100,27,6,1
2023,2100,28,1,1
2023,2100,30,3,1
2023,2100,31,5,2
2023,2100,32,1,1
2023,2100,33,3,1
2023,2100,34,2,1
2023,2100,35,11,0
2023,2100,36,5,0
2023,2100,37,4,0
2023,2100,38,2,0
2023,2100,39,5,0
2023,2100,40,1,0
2023,2100,41,9,0
2023,2100,42,1,0
2023,2100,43,2,0
2023,2100,44,2,0
2023,2100,45,3,0
2023,2100,46,2,0
2023,2100,47,5,0
2023,2100,48,3,0
2023,2100,49,5,0
2023,2100,50,6,0
2023,2100,51,10,1
2023,2100,52,6,0
2023,2200,1,5,0
2023,2200,2,18,0
2023,2200,3,16,0
2023,2200,4,11,0
2023,2200,5,18,0
2023,2200,6,18,0
2023,2200,7,26,0
2023,2200,8,16,0
2023,2200,9,23,0
2023,2200,10,8,0
2023,2200,11,15,0
2023,2200,12,22,1
2023,2200,13,13,0
2023,2200,14,12,0
2023,2200,15,11,0
2023,2200,16,17,0
2023,2200,17,2,0
2023,2200,18,8,1
2023,2200,19,6,0
2023,2200,20,2,0
2023,2200,21,1,0
2023,2200,22,1,0
2023,2200,23,3,0
2023,2200,24,1,0
2023,2200,25,5,1
2023,2200,26,6,1
2023,2200,27,11,0
2023,2200,28,6,0
2023,2200,29,4,0
2023,2200,30,3,0
2023,2200,31,1,1
2023,2200,33,3,0
2023,2200,34,2,0
2023,2200,35,2,0
2023,2200,36,3,0
2023,2200,37,5,0
2023,2200,38,9,0
2023,2200,39,2,0
2023,2200,41,1,0
2023,2200,42,5,0
2023,2200,43,1,0
2023,2200,44,6,0
2023,2200,45,4,0
2023,2200,46,3,0
2023,2200,47,8,0
2023,2200,48,5,0
2023,2200,49,8,0
2023,2200,50,2,0
2023,2200,51,5,0
2023,2200,52,9,0
2023,2300,1,24,0
2023,2300,2,44,0
2023,2300,3,73,0
2023,2300,4,76,0
2023,2300,5,84,0
2023,2300,6,51,0
2023,2300,7,69,0
2023,2300,8,48,0
2023,2300,9,54,0
2023,2300,10,70,0
2023,2300,11,51,0
2023,2300,12,77,0
2023,2300,13,41,0
2023,2300,14,51,0
2023,2300,15,35,1
2023,2300,16,65,0
2023,2300,17,12,0
2023,2300,18,30,0
2023,2300,19,18,0
2023,2300,20,26,0
2023,2300,21,18,0
2023,2300,22,12,1
2023,2300,23,24,0
2023,2300,24,14,3
2023,2300,25,14,1
2023,2300,26,8,0
2023,2300,27,50,1
2023,2300,28,12,0
2023,2300,29,24,0
2023,2300,30,12,0
2023,2300,31,12,0
2023,2300,32,18,0
2023,2300,33,16,0
2023,2300,34,16,0
2023,2300,35,7,0
2023,2300,36,5,0
2023,2300,37,17,0
2023,2300,38,9,0
2023,2300,39,4,0
2023,2300,40,7,0
2023,2300,41,10,0
2023,2300,42,11,0
2023,2300,43,17,0
2023,2300,44,14,0
2023,2300,45,24,0
2023,2300,46,17,0
2023,2300,47,25,0
2023,2300,48,38,0
2023,2300,49,57,0
2023,2300,50,35,0
2023,2300,51,38,0
2023,2300,52,19,0
2023,2300,53,3,0
2023,2400,1,5,0
2023,2400,2,17,0
2023,2400,3,13,0
2023,2400,4,16,0
2023,2400,5,12,0
2023,2400,6,7,0
2023,2400,7,23,0
2023,2400,8,28,0
2023,2400,9,11,0
2023,2400,10,21,0
2023,2400,11,4,0
2023,2400,12,11,0
2023,2400,13,11,1
2023,2400,15,6,0
2023,2400,16,5,0
2023,2400,17,8,0
2023,2400,18,8,0
2023,2400,19,7,0
2023,2400,20,4,0
2023,2400,21,3,0
2023,2400,22,2,0
2023,2400,23,2,0
2023,2400,24,2,0
2023,2400,25,1,0
2023,2400,26,1,0
2023,2400,27,4,0
2023,2400,28,2,0
2023,2400,30,3,0
2023,2400,33,7,0
2023,2400,34,4,0
2023,2400,35,2,0
2023,2400,36,4,0
2023,2400,37,2,0
2023,2400,38,5,0
2023,2400,39,2,0
2023,2400,40,2,0
2023,2400,41,5,0
2023,2400,42,7,0
2023,2400,43,4,0
2023,2400,44,3,0
2023,2400,45,4,0
2023,2400,46,3,0
2023,2400,47,8,0
2023,2400,48,8,0
2023,2400,49,9,0
2023,2400,50,7,0
2023,2400,51,4,0
2023,2400,52,6,0
2023,2400,53,1,0
2024,0,1,1078,10
2024,0,2,1278,7
2024,0,3,1002,7
2024,0,4,1139,14
2024,0,5,1225,14
2024,0,6,1035,10
2024,0,7,997,1
2024,0,8,1224,0
2024,0,9,1013,0
2024,0,10,1149,0
2024,0,11,1086,0
2024,0,12,966,0
2024,0,13,922,0
2024,0,14,629,1
2024,0,15,707,0
2024,0,16,688,1
2024,0,17,591,0
2024,0,18,485,1
2024,0,19,976,1
2024,0,20,584,0
2024,0,21,429,0
2024,0,22,321,1
2024,0,23,384,1
2024,0,24,360,2
2024,0,25,369,1
2024,0,26,311,0
2024,0,27,302,1
2024,0,28,374,2
2024,0,29,366,4
2024,0,30,447,6
2024,0,31,372,1
2024,0,32,362,6
2024,0,33,345,5
2024,0,34,310,0
2024,0,35,277,1
2024,0,36,380,0
2024,0,37,453,1
2024,0,38,607,3
2024,0,39,403,4
2024,0,40,600,5
2024,0,41,881,1
2024,0,42,623,0
2024,0,43,531,1
2024,0,44,469,2
2024,0,45,476,1
2024,0,46,631,1
2024,0,47,672,4
2024,0,48,690,5
2024,0,49,695,1
2024,0,50,849,1
2024,0,51,904,1
2024,0,52,895,1
2024,0,53,287,0
2024,100,1,284,2
2024,100,2,260,2
2024,100,3,241,1
2024,100,4,236,0
2024,100,5,238,2
2024,100,6,221,1
2024,100,7,227,0
2024,100,8,258,1
2024,100,9,245,1
2024,100,10,209,0
2024,100,11,220,0
2024,100,12,205,0
2024,100,13,220,0
2024,100,14,150,0
2024,100,15,195,0
2024,100,16,142,0
2024,100,17,118,0
2024,100,18,120,0
2024,100,19,230,0
2024,100,20,107,0
2024,100,21,130,0
2024,100,22,83,0
2024,100,23,73,0
2024,100,24,104,0
2024,100,25,74,0
2024,100,26,91,0
2024,100,27,107,1
2024,100,28,103,0
2024,100,29,116,0
2024,100,30,116,0
2024,100,31,80,0
2024,100,32,76,0
2024,100,33,152,0
2024,100,34,91,0
2024,100,35,75,0
2024,100,36,117,0
2024,100,37,127,0
2024,100,38,116,0
2024,100,39,117,0
2024,100,40,96,0
2024,100,41,180,0
2024,100,42,146,0
2024,100,43,148,0
2024,100,44,130,0
2024,100,45,140,0
2024,100,46,129,0
2024,100,47,110,1
2024,100,48,112,0
2024,100,49,187,1
2024,100,50,192,0
2024,100,51,162,0
2024,100,52,158,1
2024,100,53,48,0
2024,200,1,147,0
2024,200,2,138,4
2024,200,3,126,1
2024,200,4,133,2
2024,200,5,176,1
2024,200,6,107,3
2024,200,7,136,3
2024,200,8,141,1
2024,200,9,151,0
2024,200,10,181,1
2024,200,11,121,0
2024,200,12,124,0
2024,200,13,103,0
2024,200,14,102,0
2024,200,15,97,0
2024,200,16,93,0
2024,200,17,77,0
2024,200,18,67,0
2024,200,19,113,0
2024,200,20,43,0
2024,200,21,55,0
2024,200,22,43,0
2024,200,23,48,0
2024,200,24,48,1
2024,200,25,46,0
2024,200,26,40,0
2024,200,27,53,0
2024,200,28,67,0
2024,200,29,44,0
2024,200,30,52,0
2024,200,31,63,0
2024,200,32,52,0
2024,200,33,56,0
2024,200,34,46,0
2024,200,35,27,0
2024,200,36,50,0
2024,200,37,75,0
2024,200,38,50,0
2024,200,39,63,0
2024,200,40,57,0
2024,200,41,116,0
2024,200,42,93,0
2024,200,43,89,0
2024,200,44,50,0
2024,200,45,58,0
2024,200,46,63,0
2024,200,47,56,0
2024,200,48,75,0
2024,200,49,109,0
2024,200,50,105,0
2024,200,51,112,1
2024,200,52,135,1
2024,200,53,40,1
2024,300,1,91,0
2024,300,2,97,0
2024,300,3,100,0
2024,300,4,88,0
2024,300,5,122,0
2024,300,6,94,0
2024,300,7,86,0
2024,300,8,94,0
2024,300,9,74,0
2024,300,10,108,1
2024,300,11,125,0
2024,300,12,71,0
2024,300,13,94,0
2024,300,14,63,0
2024,300,15,62,0
2024,300,16,89,0
2024,300,17,58,0
2024,300,18,64,0
2024,300,19,107,0
2024,300,20,44,0
2024,300,21,45,0
2024,300,22,23,0
2024,300,23,40,0
2024,300,24,39,0
2024,300,25,29,0
2024,300,26,31,0
2024,300,27,56,0
2024,300,28,38,1
2024,300,29,29,0
2024,300,30,38,0
2024,300,31,39,0
2024,300,32,41,0
2024,300,33,34,0
2024,300,34,38,0
2024,300,35,36,0
2024,300,36,35,0
2024,300,37,50,0
2024,300,38,72,0
2024,300,39,45,0
2024,300,40,70,0
2024,300,41,118,0
2024,300,42,61,0
2024,300,43,74,0
2024,300,44,34,1
2024,300,45,57,0
2024,300,46,36,0
2024,300,47,67,0
2024,300,48,46,0
2024,300,49,104,0
2024,300,50,92,0
2024,300,51,101,0
2024,300,52,81,0
2024,300,53,23,0
2024,400,1,69,0
2024,400,2,97,1
2024,400,3,92,0
2024,400,4,69,0
2024,400,5,65,0
2024,400,6,85,0
2024,400,7,100,0
2024,400,8,94,0
2024,400,9,76,0
2024,400,10,79,0
2024,400,11,72,1
2024,400,12,111,0
2024,400,13,52,1
2024,400,14,72,0
2024,400,15,74,0
2024,400,16,117,0
2024,400,17,52,0
2024,400,18,41,0
2024,400,19,109,0
2024,400,20,57,0
2024,400,21,39,0
2024,400,22,39,0
2024,400,23,39,0
2024,400,24,29,0
2024,400,25,35,0
2024,400,26,42,0
2024,400,27,26,0
2024,400,28,40,0
2024,400,29,33,1
2024,400,30,28,0
2024,400,31,46,0
2024,400,32,34,0
2024,400,33,34,0
2024,400,34,33,0
2024,400,35,21,0
2024,400,36,37,0
2024,400,37,36,0
2024,400,38,38,0
2024,400,39,36,0
2024,400,40,43,0
2024,400,41,96,0
2024,400,42,81,0
2024,400,43,68,0
2024,400,44,36,1
2024,400,45,50,0
2024,400,46,32,0
2024,400,47,52,0
2024,400,48,39,0
2024,400,49,90,0
2024,400,50,59,0
2024,400,51,62,0
2024,400,52,55,0
2024,400,53,23,0
2024,500,1,219,1
2024,500,2,135,0
2024,500,3,169,0
2024,500,4,160,0
2024,500,5,171,0
2024,500,6,189,0
2024,500,7,184,0
2024,500,8,212,1
2024,500,9,163,2
2024,500,10,256,1
2024,500,11,139,2
2024,500,12,139,0
2024,500,13,198,0
2024,500,14,154,0
2024,500,15,106,0
2024,500,16,122,0
2024,500,17,114,0
2024,500,18,118,0
2024,500,19,181,0
2024,500,20,90,0
2024,500,21,87,0
2024,500,22,89,0
2024,500,23,107,0
2024,500,24,109,3
2024,500,25,85,0
2024,500,26,83,0
2024,500,27,73,0
2024,500,28,55,0
2024,500,29,113,0
2024,500,30,91,0
2024,500,31,98,0
2024,500,32,91,0
2024,500,33,123,0
2024,500,34,79,0
2024,500,35,89,1
2024,500,36,103,0
2024,500,37,87,0
2024,500,38,91,0
2024,500,39,106,0
2024,500,40,113,0
2024,500,41,170,0
2024,500,42,109,0
2024,500,43,125,0
2024,500,44,132,0
2024,500,45,113,0
2024,500,46,113,0
2024,500,47,116,0
2024,500,48,113,0
2024,500,49,160,0
2024,500,50,130,0
2024,500,51,166,0
2024,500,52,176,0
2024,500,53,64,0
2024,600,1,220,1
2024,600,2,253,0
2024,600,3,231,0
2024,600,4,208,0
2024,600,5,255,0
2024,600,6,247,0
2024,600,7,305,0
2024,600,8,257,0
2024,600,9,234,2
2024,600,10,345,2
2024,600,11,268,0
2024,600,12,266,6
2024,600,13,229,0
2024,600,14,220,0
2024,600,15,195,0
2024,600,16,210,0
2024,600,17,168,0
2024,600,18,187,1
2024,600,19,320,0
2024,600,20,113,0
2024,600,21,133,0
2024,600,22,89,0
2024,600,23,152,0
2024,600,24,105,0
2024,600,25,84,0
2024,600,26,88,0
2024,600,27,97,0
2024,600,28,109,0
2024,600,29,134,1
2024,600,30,122,2
2024,600,31,116,2
2024,600,32,118,0
2024,600,33,132,0
2024,600,34,103,0
2024,600,35,123,0
2024,600,36,94,0
2024,600,37,132,0
2024,600,38,120,0
2024,600,39,92,0
2024,600,40,99,0
2024,600,41,188,2
2024,600,42,134,0
2024,600,43,115,0
2024,600,44,130,1
2024,600,45,145,0
2024,600,46,165,0
2024,600,47,121,0
2024,600,48,176,0
2024,600,49,211,0
2024,600,50,252,2
2024,600,51,195,0
2024,600,52,193,0
2024,600,53,72,0
2024,700,1,96,1
2024,700,2,113,0
2024,700,3,155,0
2024,700,4,153,0
2024,700,5,134,0
2024,700,6,167,0
2024,700,7,164,0
2024,700,8,158,1
2024,700,9,146,0
2024,700,10,154,1
2024,700,11,118,0
2024,700,12,146,0
2024,700,13,141,0
2024,700,14,143,0
2024,700,15,116,0
2024,700,16,186,0
2024,700,17,150,0
2024,700,18,98,0
2024,700,19,171,1
2024,700,20,59,0
2024,700,21,88,0
2024,700,22,83,0
2024,700,23,69,0
2024,700,24,67,0
2024,700,25,79,0
2024,700,26,35,1
2024,700,27,81,1
2024,700,28,47,0
2024,700,29,65,2
2024,700,30,50,1
2024,700,31,56,1
2024,700,32,73,0
2024,700,33,89,0
2024,700,34,42,3
2024,700,35,67,0
2024,700,36,44,0
2024,700,37,62,2
2024,700,38,64,0
2024,700,39,75,1
2024,700,40,63,0
2024,700,41,203,3
2024,700,42,106,3
2024,700,43,103,0
2024,700,44,78,0
2024,700,45,114,0
2024,700,46,93,0
2024,700,47,98,0
2024,700,48,114,0
2024,700,49,136,0
2024,700,50,142,0
2024,700,51,88,0
2024,700,52,115,0
2024,700,53,41,0
2024,800,1,147,0
2024,800,2,147,0
2024,800,3,164,0
2024,800,4,159,0
2024,800,5,137,1
2024,800,6,166,0
2024,800,7,160,0
2024,800,8,165,0
2024,800,9,164,0
2024,800,10,170,3
2024,800,11,153,0
2024,800,12,182,1
2024,800,13,144,0
2024,800,14,130,0
2024,800,15,123,0
2024,800,16,154,0
2024,800,17,141,0
2024,800,18,138,1
2024,800,19,171,1
2024,800,20,128,0
2024,800,21,158,0
2024,800,22,105,0
2024,800,23,109,0
2024,800,24,102,0
2024,800,25,93,0
2024,800,26,84,0
2024,800,27,102,0
2024,800,28,100,0
2024,800,29,102,1
2024,800,30,83,2
2024,800,31,113,0
2024,800,32,98,0
2024,800,33,133,0
2024,800,34,114,0
2024,800,35,141,0
2024,800,36,130,0
2024,800,37,145,1
2024,800,38,98,0
2024,800,39,116,0
2024,800,40,97,0
2024,800,41,188,1
2024,800,42,144,0
2024,800,43,138,0
2024,800,44,101,0
2024,800,45,154,0
2024,800,46,117,0
2024,800,47,146,0
2024,800,48,108,0
2024,800,49,134,0
2024,800,50,129,0
2024,800,51,135,0
2024,800,52,150,0
2024,800,53,35,0
2024,900,1,129,0
2024,900,2,142,2
2024,900,3,161,0
2024,900,4,194,1
2024,900,5,155,0
2024,900,6,153,0
2024,900,7,151,0
2024,900,8,171,0
2024,900,9,133,0
2024,900,10,115,2
2024,900,11,156,0
2024,900,12,172,1
2024,900,13,141,1
2024,900,14,198,0
2024,900,15,160,0
2024,900,16,125,0
2024,900,17,148,0
2024,900,18,114,1
2024,900,19,191,1
2024,900,20,85,0
2024,900,21,51,0
2024,900,22,72,0
2024,900,23,71,0
2024,900,24,63,0
2024,900,25,68,0
2024,900,26,39,0
2024,900,27,76,1
2024,900,28,68,0
2024,900,29,54,0
2024,900,30,58,0
2024,900,31,79,0
2024,900,32,64,0
2024,900,33,69,1
2024,900,34,61,0
2024,900,35,101,0
2024,900,36,116,1
2024,900,37,56,0
2024,900,38,78,0
2024,900,39,60,0
2024,900,40,48,0
2024,900,41,161,1
2024,900,42,74,0
2024,900,43,95,0
2024,900,44,100,1
2024,900,45,77,0
2024,900,46,100,0
2024,900,47,64,0
2024,900,48,96,0
2024,900,49,123,0
2024,900,50,165,0
2024,900,51,169,0
2024,900,52,95,0
2024,900,53,37,0
2024,1000,1,98,0
2024,1000,2,103,1
2024,1000,3,110,0
2024,1000,4,102,0
2024,1000,5,138,0
2024,1000,6,110,0
2024,1000,7,112,4
2024,1000,8,106,3
2024,1000,9,90,0
2024,1000,10,83,1
2024,1000,11,92,0
2024,1000,12,90,0
2024,1000,13,119,1
2024,1000,14,103,0
2024,1000,15,78,1
2024,1000,16,79,0
2024,1000,17,72,1
2024,1000,18,101,4
2024,1000,19,162,0
2024,1000,20,77,0
2024,1000,21,47,0
2024,1000,22,55,0
2024,1000,23,46,5
2024,1000,24,55,2
2024,1000,25,70,2
2024,1000,26,55,6
2024,1000,27,52,0
2024,1000,28,70,2
2024,1000,29,47,0
2024,1000,30,43,0
2024,1000,31,69,1
2024,1000,32,59,0
2024,1000,33,65,0
2024,1000,34,91,0
2024,1000,35,46,0
2024,1000,36,57,2
2024,1000,37,76,0
2024,1000,38,71,0
2024,1000,39,82,0
2024,1000,40,56,0
2024,1000,41,144,1
2024,1000,42,87,1
2024,1000,43,58,0
2024,1000,44,71,0
2024,1000,45,81,0
2024,1000,46,69,0
2024,1000,47,97,1
2024,1000,48,156,0
2024,1000,49,90,0
2024,1000,50,102,0
2024,1000,51,107,0
2024,1000,52,71,0
2024,1000,53,28,0
2024,1100,1,230,0
2024,1100,2,232,0
2024,1100,3,254,0
2024,1100,4,169,0
2024,1100,5,214,0
2024,1100,6,194,3
2024,1100,7,205,0
2024,1100,8,209,2
2024,1100,9,223,2
2024,1100,10,217,5
2024,1100,11,200,5
2024,1100,12,205,1
2024,1100,13,186,6
2024,1100,14,142,3
2024,1100,15,145,3
2024,1100,16,152,7
2024,1100,17,141,2
2024,1100,18,149,4
2024,1100,19,222,3
2024,1100,20,137,1
2024,1100,21,145,0
2024,1100,22,143,0
2024,1100,23,135,5
2024,1100,24,102,1
2024,1100,25,103,0
2024,1100,26,92,0
2024,1100,27,104,0
2024,1100,28,95,0
2024,1100,29,135,0
2024,1100,30,128,0
2024,1100,31,105,0
2024,1100,32,113,0
2024,1100,33,109,0
2024,1100,34,120,0
2024,1100,35,128,1
2024,1100,36,124,0
2024,1100,37,101,0
2024,1100,38,104,0
2024,1100,39,99,0
2024,1100,40,139,0
2024,1100,41,150,0
2024,1100,42,188,0
2024,1100,43,117,0
2024,1100,44,167,0
2024,1100,45,150,0
2024,1100,46,129,0
2024,1100,47,157,0
2024,1100,48,146,0
2024,1100,49,189,0
2024,1100,50,138,0
2024,1100,51,160,0
2024,1100,52,158,0
2024,1100,53,56,0
2024,1200,1,107,0
2024,1200,2,123,1
2024,1200,3,130,0
2024,1200,4,145,1
2024,1200,5,145,2
2024,1200,6,109,2
2024,1200,7,140,9
2024,1200,8,106,16
2024,1200,9,128,18
2024,1200,10,134,9
2024,1200,11,144,16
2024,1200,12,136,3
2024,1200,13,104,2
2024,1200,14,106,4
2024,1200,15,115,0
2024,1200,16,86,1
2024,1200,17,103,0
2024,1200,18,97,2
2024,1200,19,117,6
2024,1200,20,72,0
2024,1200,21,101,3
2024,1200,22,66,0
2024,1200,23,74,9
2024,1200,24,70,4
2024,1200,25,51,0
2024,1200,26,57,6
2024,1200,27,56,1
2024,1200,28,68,0
2024,1200,29,58,0
2024,1200,30,62,0
2024,1200,31,67,0
2024,1200,32,50,1
2024,1200,33,61,2
2024,1200,34,67,1
2024,1200,35,68,1
2024,1200,36,79,0
2024,1200,37,71,0
2024,1200,38,93,3
2024,1200,39,84,2
2024,1200,40,75,0
2024,1200,41,104,0
2024,1200,42,116,0
2024,1200,43,97,0
2024,1200,44,92,0
2024,1200,45,96,0
2024,1200,46,66,0
2024,1200,47,79,0
2024,1200,48,86,0
2024,1200,49,100,0
2024,1200,50,114,0
2024,1200,51,90,0
2024,1200,52,60,0
2024,1200,53,25,0
2024,1300,1,181,0
2024,1300,2,147,1
2024,1300,3,119,9
2024,1300,4,128,7
2024,1300,5,129,1
2024,1300,6,179,5
2024,1300,7,130,1
2024,1300,8,140,6
2024,1300,9,128,7
2024,1300,10,123,3
2024,1300,11,174,11
2024,1300,12,145,5
2024,1300,13,89,2
2024,1300,14,90,5
2024,1300,15,113,7
2024,1300,16,97,1
2024,1300,17,108,6
2024,1300,18,126,12
2024,1300,19,178,15
2024,1300,20,102,12
2024,1300,21,84,9
2024,1300,22,56,9
2024,1300,23,61,10
2024,1300,24,57,10
2024,1300,25,73,8
2024,1300,26,81,16
2024,1300,27,57,12
2024,1300,28,53,2
2024,1300,29,49,10
2024,1300,30,77,6
2024,1300,31,66,5
2024,1300,32,61,1
2024,1300,33,53,0
2024,1300,34,66,1
2024,1300,35,45,0
2024,1300,36,44,0
2024,1300,37,64,0
2024,1300,38,55,0
2024,1300,39,54,0
2024,1300,40,81,0
2024,1300,41,118,0
2024,1300,42,91,0
2024,1300,43,83,0
2024,1300,44,78,0
2024,1300,45,86,0
2024,1300,46,76,0
2024,1300,47,121,0
2024,1300,48,76,0
2024,1300,49,95,0
2024,1300,50,107,0
2024,1300,51,116,0
2024,1300,52,121,0
2024,1300,53,42,0
2024,1400,1,215,1
2024,1400,2,196,2
2024,1400,3,221,0
2024,1400,4,173,2
2024,1400,5,181,0
2024,1400,6,172,2
2024,1400,7,166,3
2024,1400,8,211,4
2024,1400,9,203,3
2024,1400,10,217,17
2024,1400,11,178,6
2024,1400,12,230,12
2024,1400,13,166,6
2024,1400,14,142,9
2024,1400,15,162,7
2024,1400,16,148,8
2024,1400,17,134,14
2024,1400,18,168,40
2024,1400,19,154,23
2024,1400,20,101,14
2024,1400,21,102,13
2024,1400,22,95,15
2024,1400,23,113,21
2024,1400,24,91,21
2024,1400,25,109,22
2024,1400,26,133,21
2024,1400,27,91,14
2024,1400,28,90,4
2024,1400,29,95,5
2024,1400,30,119,1
2024,1400,31,96,0
2024,1400,32,87,7
2024,1400,33,97,5
2024,1400,34,116,1
2024,1400,35,94,1
2024,1400,36,90,0
2024,1400,37,155,0
2024,1400,38,102,0
2024,1400,39,81,0
2024,1400,40,79,0
2024,1400,41,152,0
2024,1400,42,112,0
2024,1400,43,99,0
2024,1400,44,88,0
2024,1400,45,101,0
2024,1400,46,94,0
2024,1400,47,82,0
2024,1400,48,87,0
2024,1400,49,150,0
2024,1400,50,139,0
2024,1400,51,128,0
2024,1400,52,177,0
2024,1400,53,60,0
2024,1500,1,116,0
2024,1500,2,83,0
2024,1500,3,94,1
2024,1500,4,92,0
2024,1500,5,102,1
2024,1500,6,116,1
2024,1500,7,105,3
2024,1500,8,83,2
2024,1500,9,78,2
2024,1500,10,74,2
2024,1500,11,85,7
2024,1500,12,111,12
2024,1500,13,97,7
2024,1500,14,60,3
2024,1500,15,67,2
2024,1500,16,62,10
2024,1500,17,59,7
2024,1500,18,65,14
2024,1500,19,74,18
2024,1500,20,63,5
2024,1500,21,49,7
2024,1500,22,37,1
2024,1500,23,30,5
2024,1500,24,32,3
2024,1500,25,35,0
2024,1500,26,53,2
2024,1500,27,37,0
2024,1500,28,14,0
2024,1500,29,35,1
2024,1500,30,56,2
2024,1500,31,35,0
2024,1500,32,37,1
2024,1500,33,25,0
2024,1500,34,31,0
2024,1500,35,16,0
2024,1500,36,19,1
2024,1500,37,36,0
2024,1500,38,27,0
2024,1500,39,22,0
2024,1500,40,25,0
2024,1500,41,67,0
2024,1500,42,27,0
2024,1500,43,39,0
2024,1500,44,44,0
2024,1500,45,66,0
2024,1500,46,46,0
2024,1500,47,40,0
2024,1500,48,37,0
2024,1500,49,56,0
2024,1500,50,92,0
2024,1500,51,84,0
2024,1500,52,79,0
2024,1500,53,20,0
2024,1600,1,34,0
2024,1600,2,48,2
2024,1600,3,40,4
2024,1600,4,26,7
2024,1600,5,47,2
2024,1600,6,53,3
2024,1600,7,38,3
2024,1600,8,44,8
2024,1600,9,53,11
2024,1600,10,77,16
2024,1600,11,61,18
2024,1600,12,52,18
2024,1600,13,54,19
2024,1600,14,21,6
2024,1600,15,25,6
2024,1600,16,39,16
2024,1600,17,40,13
2024,1600,18,42,12
2024,1600,19,69,21
2024,1600,20,10,6
2024,1600,21,31,8
2024,1600,22,25,7
2024,1600,23,14,1
2024,1600,24,9,0
2024,1600,25,13,0
2024,1600,26,28,5
2024,1600,27,15,1
2024,1600,28,15,0
2024,1600,29,16,0
2024,1600,30,13,0
2024,1600,31,8,0
2024,1600,32,12,0
2024,1600,33,21,0
2024,1600,34,16,1
2024,1600,35,13,0
2024,1600,36,14,0
2024,1600,37,23,0
2024,1600,38,19,0
2024,1600,39,16,0
2024,1600,40,22,0
2024,1600,41,44,0
2024,1600,42,20,0
2024,1600,43,34,0
2024,1600,44,13,0
2024,1600,45,28,0
2024,1600,46,12,0
2024,1600,47,9,0
2024,1600,48,23,0
2024,1600,49,27,0
2024,1600,50,35,0
2024,1600,51,32,0
2024,1600,52,31,1
2024,1600,53,5,0
2024,1700,1,23,0
2024,1700,2,16,2
2024,1700,3,16,2
2024,1700,4,20,1
2024,1700,5,19,2
2024,1700,6,19,4
2024,1700,7,28,5
2024,1700,8,23,0
2024,1700,9,32,2
2024,1700,10,18,1
2024,1700,11,21,0
2024,1700,12,28,5
2024,1700,13,23,5
2024,1700,14,14,1
2024,1700,15,11,4
2024,1700,16,18,2
2024,1700,17,15,0
2024,1700,18,26,1
2024,1700,19,30,5
2024,1700,20,11,0
2024,1700,21,17,0
2024,1700,22,9,0
2024,1700,23,23,0
2024,1700,24,12,0
2024,1700,25,10,0
2024,1700,26,18,0
2024,1700,27,9,0
2024,1700,28,9,1
2024,1700,29,14,0
2024,1700,30,8,0
2024,1700,31,12,0
2024,1700,32,5,0
2024,1700,33,17,0
2024,1700,34,23,0
2024,1700,35,9,0
2024,1700,36,7,0
2024,1700,37,14,0
2024,1700,38,9,0
2024,1700,39,13,0
2024,1700,40,17,0
2024,1700,41,39,0
2024,1700,42,14,0
2024,1700,43,11,0
2024,1700,44,12,0
2024,1700,45,11,0
2024,1700,46,7,0
2024,1700,47,17,0
2024,1700,48,12,0
2024,1700,49,12,0
2024,1700,50,21,0
2024,1700,51,14,0
2024,1700,52,19,0
2024,1700,53,8,0
2024,1800,1,59,16
2024,1800,2,53,3
2024,1800,3,44,13
2024,1800,4,61,17
2024,1800,5,55,12
2024,1800,6,41,2
2024,1800,7,33,2
2024,1800,8,30,3
2024,1800,9,23,2
2024,1800,10,30,4
2024,1800,11,26,5
2024,1800,12,32,1
2024,1800,13,66,23
2024,1800,14,25,4
2024,1800,15,47,1
2024,1800,16,44,19
2024,1800,17,27,9
2024,1800,18,22,1
2024,1800,19,59,3
2024,1800,20,13,0
2024,1800,21,8,0
2024,1800,22,22,0
2024,1800,23,36,0
2024,1800,24,17,1
2024,1800,25,21,0
2024,1800,26,23,0
2024,1800,27,12,0
2024,1800,28,13,0
2024,1800,29,10,0
2024,1800,30,15,0
2024,1800,31,15,0
2024,1800,32,17,0
2024,1800,33,12,0
2024,1800,34,15,0
2024,1800,35,10,0
2024,1800,36,17,0
2024,1800,37,12,0
2024,1800,38,18,0
2024,1800,39,19,0
2024,1800,40,16,0
2024,1800,41,28,0
2024,1800,42,13,0
2024,1800,43,20,0
2024,1800,44,10,0
2024,1800,45,17,0
2024,1800,46,15,0
2024,1800,47,12,0
2024,1800,48,20,0
2024,1800,49,15,0
2024,1800,50,26,0
2024,1800,51,23,0
2024,1800,52,17,0
2024,1800,53,6,0
2024,1900,1,40,6
2024,1900,2,29,7
2024,1900,3,24,2
2024,1900,4,59,13
2024,1900,5,60,16
2024,1900,6,30,0
2024,1900,7,39,14
2024,1900,8,43,15
2024,1900,9,31,7
2024,1900,10,24,9
2024,1900,11,28,8
2024,1900,12,21,1
2024,1900,13,24,6
2024,1900,14,43,8
2024,1900,15,23,3
2024,1900,16,8,4
2024,1900,17,18,5
2024,1900,18,18,3
2024,1900,19,11,0
2024,1900,20,10,2
2024,1900,21,26,6
2024,1900,22,6,1
2024,1900,23,19,3
2024,1900,24,5,3
2024,1900,25,20,3
2024,1900,26,14,0
2024,1900,27,7,2
2024,1900,28,20,0
2024,1900,29,13,0
2024,1900,30,4,0
2024,1900,31,11,0
2024,1900,32,7,0
2024,1900,33,16,0
2024,1900,34,11,0
2024,1900,35,4,0
2024,1900,36,9,0
2024,1900,37,8,0
2024,1900,38,16,0
2024,1900,39,14,0
2024,1900,40,13,0
2024,1900,41,32,0
2024,1900,42,13,0
2024,1900,43,29,0
2024,1900,44,7,0
2024,1900,45,13,0
2024,1900,46,8,0
2024,1900,47,4,0
2024,1900,48,11,0
2024,1900,49,21,0
2024,1900,50,22,1
2024,1900,51,7,2
2024,1900,52,22,3
2024,1900,53,1,0
2024,2000,1,3,0
2024,2000,2,3,0
2024,2000,3,3,0
2024,2000,4,10,0
2024,2000,5,22,4
2024,2000,6,12,0
2024,2000,7,7,1
2024,2000,8,9,0
2024,2000,9,22,1
2024,2000,10,12,0
2024,2000,11,5,0
2024,2000,12,4,0
2024,2000,13,5,0
2024,2000,14,2,0
2024,2000,15,3,0
2024,2000,16,4,0
2024,2000,17,8,0
2024,2000,18,8,3
2024,2000,19,4,0
2024,2000,20,2,0
2024,2000,21,4,1
2024,2000,22,2,0
2024,2000,23,1,0
2024,2000,24,1,0
2024,2000,25,4,0
2024,2000,26,7,0
2024,2000,27,4,0
2024,2000,28,5,0
2024,2000,29,3,0
2024,2000,30,1,0
2024,2000,31,6,0
2024,2000,32,4,0
2024,2000,33,2,0
2024,2000,34,4,0
2024,2000,35,5,0
2024,2000,36,1,0
2024,2000,37,3,0
2024,2000,38,6,0
2024,2000,39,3,0
2024,2000,40,1,0
2024,2000,41,8,0
2024,2000,42,5,0
2024,2000,43,7,0
2024,2000,44,3,0
2024,2000,45,2,0
2024,2000,46,3,0
2024,2000,47,7,0
2024,2000,48,8,0
2024,2000,49,2,0
2024,2000,50,3,0
2024,2000,51,5,0
2024,2000,52,10,0
2024,2000,53,3,0
2024,2100,1,13,4
2024,2100,2,5,1
2024,2100,3,16,1
2024,2100,4,10,2
2024,2100,5,10,0
2024,2100,6,19,3
2024,2100,7,14,1
2024,2100,8,12,2
2024,2100,9,35,1
2024,2100,10,11,1
2024,2100,11,15,1
2024,2100,12,13,0
2024,2100,13,8,2
2024,2100,14,6,2
2024,2100,15,9,1
2024,2100,16,12,2
2024,2100,17,5,0
2024,2100,18,6,1
2024,2100,19,7,0
2024,2100,20,6,1
2024,2100,21,6,1
2024,2100,22,7,0
2024,2100,23,3,0
2024,2100,24,5,0
2024,2100,25,4,0
2024,2100,26,2,1
2024,2100,27,7,0
2024,2100,28,4,0
2024,2100,29,4,0
2024,2100,30,4,0
2024,2100,31,2,0
2024,2100,32,3,0
2024,2100,33,12,0
2024,2100,34,7,0
2024,2100,35,3,0
2024,2100,36,6,0
2024,2100,37,4,0
2024,2100,38,6,0
2024,2100,39,6,0
2024,2100,40,4,0
2024,2100,41,14,0
2024,2100,42,4,0
2024,2100,43,10,0
2024,2100,44,1,0
2024,2100,45,6,0
2024,2100,46,6,0
2024,2100,47,1,0
2024,2100,48,3,0
2024,2100,49,8,0
2024,2100,50,2,0
2024,2100,51,11,0
2024,2100,52,13,1
2024,2100,53,1,0
2024,2200,1,4,0
2024,2200,2,17,0
2024,2200,3,12,0
2024,2200,4,27,0
2024,2200,5,6,1
2024,2200,6,18,0
2024,2200,7,11,0
2024,2200,8,19,0
2024,2200,9,19,0
2024,2200,10,22,0
2024,2200,11,23,0
2024,2200,12,21,0
2024,2200,13,39,0
2024,2200,14,8,0
2024,2200,15,7,0
2024,2200,16,10,0
2024,2200,17,9,0
2024,2200,18,12,0
2024,2200,19,2,1
2024,2200,20,7,0
2024,2200,21,12,0
2024,2200,22,4,0
2024,2200,23,4,0
2024,2200,24,1,0
2024,2200,25,9,0
2024,2200,27,2,0
2024,2200,28,4,0
2024,2200,29,2,0
2024,2200,30,5,0
2024,2200,31,8,0
2024,2200,33,3,0
2024,2200,34,10,0
2024,2200,35,3,0
2024,2200,36,3,0
2024,2200,37,2,0
2024,2200,38,8,0
2024,2200,39,5,0
2024,2200,40,4,0
2024,2200,41,2,0
2024,2200,42,5,0
2024,2200,43,5,0
2024,2200,45,1,0
2024,2200,46,12,0
2024,2200,47,5,0
2024,2200,48,4,0
2024,2200,49,16,0
2024,2200,50,16,0
2024,2200,51,9,0
2024,2200,52,7,0
2024,2200,53,1,0
2024,2300,1,51,0
2024,2300,2,79,0
2024,2300,3,64,0
2024,2300,4,61,0
2024,2300,5,69,0
2024,2300,6,76,0
2024,2300,7,68,0
2024,2300,8,60,0
2024,2300,9,75,0
2024,2300,10,78,0
2024,2300,11,55,0
2024,2300,12,76,0
2024,2300,13,59,0
2024,2300,14,80,1
2024,2300,15,54,0
2024,2300,16,42,0
2024,2300,17,25,0
2024,2300,18,38,0
2024,2300,19,35,0
2024,2300,20,39,0
2024,2300,21,30,0
2024,2300,22,10,0
2024,2300,23,9,0
2024,2300,24,21,0
2024,2300,25,11,0
2024,2300,26,18,0
2024,2300,27,26,0
2024,2300,28,19,0
2024,2300,29,20,0
2024,2300,30,40,0
2024,2300,31,27,0
2024,2300,32,16,0
2024,2300,33,25,0
2024,2300,34,25,0
2024,2300,35,12,0
2024,2300,36,20,0
2024,2300,37,51,0
2024,2300,38,34,0
2024,2300,39,19,0
2024,2300,40,17,0
2024,2300,41,31,0
2024,2300,42,39,0
2024,2300,43,13,0
2024,2300,44,10,0
2024,2300,45,36,0
2024,2300,46,25,0
2024,2300,47,49,1
2024,2300,48,40,0
2024,2300,49,32,0
2024,2300,50,36,0
2024,2300,51,32,0
2024,2300,52,72,0
2024,2300,53,14,0
2024,2400,1,6,0
2024,2400,2,12,0
2024,2400,3,9,0
2024,2400,4,7,0
2024,2400,5,12,0
2024,2400,6,7,0
2024,2400,7,21,0
2024,2400,8,10,0
2024,2400,9,21,0
2024,2400,10,8,0
2024,2400,11,4,0
2024,2400,12,16,0
2024,2400,13,13,0
2024,2400,14,17,0
2024,2400,15,7,0
2024,2400,16,9,0
2024,2400,17,14,0
2024,2400,18,11,0
2024,2400,19,1,0
2024,2400,20,6,0
2024,2400,21,1,0
2024,2400,22,4,0
2024,2400,23,4,0
2024,2400,24,2,0
2024,2400,25,5,0
2024,2400,26,2,0
2024,2400,27,2,0
2024,2400,28,3,0
2024,2400,30,3,0
2024,2400,31,3,0
2024,2400,33,12,0
2024,2400,34,10,0
2024,2400,35,6,0
2024,2400,36,8,0
2024,2400,37,11,0
2024,2400,38,9,0
2024,2400,39,3,0
2024,2400,40,2,0
2024,2400,41,5,0
2024,2400,42,5,0
2024,2400,43,8,0
2024,2400,44,2,0
2024,2400,45,3,0
2024,2400,46,3,0
2024,2400,47,4,0
2024,2400,48,5,0
2024,2400,49,4,0
2024,2400,50,12,0
2024,2400,51,6,0
2024,2400,52,7,0
2024,2400,53,2,0
2025,0,1,1132,2
2025,0,2,1547,3
2025,0,3,1423,3
2025,0,4,1275,8
2025,0,5,1188,7
2025,0,6,1238,8
2025,0,7,1371,11
2025,0,8,1166,6
2025,0,9,1496,14
2025,0,10,1253,3
2025,0,11,1043,4
2025,0,12,1156,1
2025,0,13,881,0
2025,0,14,871,2
2025,0,15,803,0
2025,0,16,813,0
2025,0,17,773,0
2025,0,18,618,0
2025,0,19,956,1
2025,0,20,518,0
2025,0,21,617,1
2025,0,22,353,0
2025,0,23,330,0
2025,0,24,392,0
2025,0,25,377,1
2025,0,26,345,0
2025,0,27,361,1
2025,0,28,436,0
2025,0,29,449,3
2025,0,30,619,2
2025,0,31,541,2
2025,0,32,466,6
2025,0,33,422,4
2025,0,34,315,2
2025,0,35,389,4
2025,0,36,355,4
2025,0,37,394,5
2025,0,38,444,7
2025,0,39,407,5
2025,0,40,487,3
2025,0,41,1078,3
2025,0,42,774,1
2025,0,43,658,0
2025,0,44,438,0
2025,0,45,648,0
2025,0,46,785,3
2025,0,47,656,0
2025,0,48,756,13
2025,0,49,768,3
2025,0,50,723,2
2025,0,51,790,2
2025,0,52,942,3
2025,0,53,126,1
2025,100,1,247,0
2025,100,2,259,0
2025,100,3,263,0
2025,100,4,223,0
2025,100,5,231,5
2025,100,6,236,1
2025,100,7,274,1
2025,100,8,304,0
2025,100,9,296,0
2025,100,10,314,0
2025,100,11,269,0
2025,100,12,257,0
2025,100,13,283,0
2025,100,14,228,0
2025,100,15,176,0
2025,100,16,177,0
2025,100,17,214,1
2025,100,18,138,0
2025,100,19,273,0
2025,100,20,165,0
2025,100,21,98,0
2025,100,22,110,0
2025,100,23,98,0
2025,100,24,103,0
2025,100,25,115,0
2025,100,26,93,0
2025,100,27,95,0
2025,100,28,159,0
2025,100,29,130,0
2025,100,30,100,0
2025,100,31,102,0
2025,100,32,107,0
2025,100,33,116,0
2025,100,34,90,0
2025,100,35,68,0
2025,100,36,112,0
2025,100,37,104,0
2025,100,38,82,1
2025,100,39,64,0
2025,100,40,93,0
2025,100,41,247,0
2025,100,42,143,0
2025,100,43,172,0
2025,100,44,102,0
2025,100,45,168,0
2025,100,46,148,0
2025,100,47,172,0
2025,100,48,150,0
2025,100,49,168,0
2025,100,50,144,0
2025,100,51,184,0
2025,100,52,228,0
2025,100,53,22,0
2025,200,1,145,0
2025,200,2,175,0
2025,200,3,165,3
2025,200,4,144,1
2025,200,5,133,1
2025,200,6,136,2
2025,200,7,141,1
2025,200,8,173,0
2025,200,9,171,0
2025,200,10,160,0
2025,200,11,171,0
2025,200,12,122,0
2025,200,13,134,0
2025,200,14,148,0
2025,200,15,118,0
2025,200,16,119,0
2025,200,17,66,0
2025,200,18,111,0
2025,200,19,214,0
2025,200,20,114,0
2025,200,21,81,1
2025,200,22,81,0
2025,200,23,49,0
2025,200,24,86,0
2025,200,25,58,0
2025,200,26,58,0
2025,200,27,82,0
2025,200,28,79,0
2025,200,29,51,0
2025,200,30,50,0
2025,200,31,64,0
2025,200,32,49,0
2025,200,33,61,0
2025,200,34,46,0
2025,200,35,55,0
2025,200,36,63,0
2025,200,37,48,0
2025,200,38,47,0
2025,200,39,48,0
2025,200,40,73,0
2025,200,41,143,0
2025,200,42,71,0
2025,200,43,102,0
2025,200,44,77,0
2025,200,45,89,0
2025,200,46,102,0
2025,200,47,127,0
2025,200,48,168,0
2025,200,49,128,0
2025,200,50,120,0
2025,200,51,154,0
2025,200,52,212,3
2025,200,53,21,0
2025,300,1,88,0
2025,300,2,127,0
2025,300,3,129,3
2025,300,4,118,0
2025,300,5,106,0
2025,300,6,111,0
2025,300,7,122,1
2025,300,8,135,1
2025,300,9,107,1
2025,300,10,78,1
2025,300,11,92,0
2025,300,12,92,0
2025,300,13,105,0
2025,300,14,82,0
2025,300,15,84,0
2025,300,16,59,1
2025,300,17,71,0
2025,300,18,65,4
2025,300,19,188,5
2025,300,20,73,1
2025,300,21,111,0
2025,300,22,80,0
2025,300,23,62,0
2025,300,24,80,0
2025,300,25,73,0
2025,300,26,52,0
2025,300,27,43,0
2025,300,28,70,0
2025,300,29,68,0
2025,300,30,52,0
2025,300,31,65,0
2025,300,32,60,0
2025,300,33,42,0
2025,300,34,33,0
2025,300,35,31,0
2025,300,36,35,0
2025,300,37,41,0
2025,300,38,52,0
2025,300,39,37,0
2025,300,40,45,0
2025,300,41,120,0
2025,300,42,71,0
2025,300,43,91,0
2025,300,44,103,0
2025,300,45,84,0
2025,300,46,122,0
2025,300,47,83,0
2025,300,48,94,0
2025,300,49,88,0
2025,300,50,91,0
2025,300,51,97,0
2025,300,52,121,0
2025,300,53,12,0
2025,400,1,92,0
2025,400,2,93,2
2025,400,3,84,1
2025,400,4,93,0
2025,400,5,110,0
2025,400,6,99,0
2025,400,7,68,0
2025,400,8,73,1
2025,400,9,113,0
2025,400,10,70,3
2025,400,11,99,0
2025,400,12,102,0
2025,400,13,66,1
2025,400,14,81,0
2025,400,15,69,0
2025,400,16,57,0
2025,400,17,65,0
2025,400,18,40,0
2025,400,19,136,0
2025,400,20,25,0
2025,400,21,39,0
2025,400,22,42,0
2025,400,23,42,0
2025,400,24,30,0
2025,400,25,40,0
2025,400,26,45,0
2025,400,27,36,0
2025,400,28,50,0
2025,400,29,35,0
2025,400,30,48,0
2025,400,31,32,1
2025,400,32,43,1
2025,400,33,34,0
2025,400,34,35,0
2025,400,35,75,0
2025,400,36,25,0
2025,400,37,47,0
2025,400,38,31,0
2025,400,39,36,0
2025,400,40,45,0
2025,400,41,69,0
2025,400,42,66,0
2025,400,43,66,0
2025,400,44,56,0
2025,400,45,42,0
2025,400,46,41,0
2025,400,47,70,0
2025,400,48,51,0
2025,400,49,54,0
2025,400,50,111,0
2025,400,51,65,0
2025,400,52,69,2
2025,400,53,7,0
2025,500,1,220,0
2025,500,2,223,0
2025,500,3,186,0
2025,500,4,174,2
2025,500,5,217,1
2025,500,6,233,0
2025,500,7,219,0
2025,500,8,201,1
2025,500,9,232,0
2025,500,10,228,0
2025,500,11,204,0
2025,500,12,156,1
2025,500,13,206,0
2025,500,14,153,0
2025,500,15,130,1
2025,500,16,99,0
2025,500,17,98,0
2025,500,18,94,0
2025,500,19,171,0
2025,500,20,94,0
2025,500,21,86,0
2025,500,22,71,0
2025,500,23,79,0
2025,500,24,93,0
2025,500,25,88,0
2025,500,26,98,0
2025,500,27,88,0
2025,500,28,90,0
2025,500,29,72,0
2025,500,30,101,2
2025,500,31,91,0
2025,500,32,93,1
2025,500,33,82,1
2025,500,34,63,0
2025,500,35,87,0
2025,500,36,78,1
2025,500,37,88,0
2025,500,38,84,0
2025,500,39,68,0
2025,500,40,110,0
2025,500,41,228,0
2025,500,42,131,0
2025,500,43,148,0
2025,500,44,104,0
2025,500,45,79,0
2025,500,46,106,0
2025,500,47,113,0
2025,500,48,110,0
2025,500,49,149,0
2025,500,50,180,0
2025,500,51,167,1
2025,500,52,173,2
2025,500,53,20,0
2025,600,1,274,0
2025,600,2,301,0
2025,600,3,269,0
2025,600,4,272,0
2025,600,5,294,0
2025,600,6,250,0
2025,600,7,285,0
2025,600,8,315,3
2025,600,9,295,8
2025,600,10,330,1
2025,600,11,255,0
2025,600,12,290,0
2025,600,13,261,0
2025,600,14,251,0
2025,600,15,179,0
2025,600,16,187,1
2025,600,17,186,0
2025,600,18,130,0
2025,600,19,227,1
2025,600,20,145,0
2025,600,21,110,0
2025,600,22,89,1
2025,600,23,120,0
2025,600,24,117,0
2025,600,25,126,0
2025,600,26,100,0
2025,600,27,128,0
2025,600,28,137,1
2025,600,29,133,0
2025,600,30,148,2
2025,600,31,125,2
2025,600,32,153,0
2025,600,33,89,1
2025,600,34,95,2
2025,600,35,152,1
2025,600,36,93,3
2025,600,37,106,3
2025,600,38,106,0
2025,600,39,116,0
2025,600,40,139,2
2025,600,41,214,0
2025,600,42,141,1
2025,600,43,150,0
2025,600,44,135,0
2025,600,45,161,0
2025,600,46,203,1
2025,600,47,158,0
2025,600,48,220,0
2025,600,49,181,0
2025,600,50,226,0
2025,600,51,187,0
2025,600,52,266,0
2025,600,53,48,0
2025,700,1,169,0
2025,700,2,129,0
2025,700,3,212,0
2025,700,4,172,0
2025,700,5,157,0
2025,700,6,162,1
2025,700,7,171,1
2025,700,8,194,0
2025,700,9,179,0
2025,700,10,199,0
2025,700,11,196,1
2025,700,12,159,0
2025,700,13,161,0
2025,700,14,160,2
2025,700,15,137,0
2025,700,16,112,1
2025,700,17,127,2
2025,700,18,118,0
2025,700,19,254,2
2025,700,20,85,0
2025,700,21,82,0
2025,700,22,83,5
2025,700,23,89,4
2025,700,24,67,1
2025,700,25,61,2
2025,700,26,56,1
2025,700,27,80,2
2025,700,28,64,2
2025,700,29,80,2
2025,700,30,120,1
2025,700,31,112,3
2025,700,32,103,6
2025,700,33,74,0
2025,700,34,73,5
2025,700,35,81,3
2025,700,36,87,1
2025,700,37,83,4
2025,700,38,84,4
2025,700,39,106,3
2025,700,40,110,1
2025,700,41,202,1
2025,700,42,145,0
2025,700,43,178,0
2025,700,44,110,0
2025,700,45,120,0
2025,700,46,115,1
2025,700,47,137,0
2025,700,48,114,0
2025,700,49,175,0
2025,700,50,184,0
2025,700,51,129,0
2025,700,52,147,0
2025,700,53,17,0
2025,800,1,226,0
2025,800,2,210,0
2025,800,3,196,0
2025,800,4,177,0
2025,800,5,149,0
2025,800,6,158,0
2025,800,7,238,1
2025,800,8,238,0
2025,800,9,169,0
2025,800,10,194,0
2025,800,11,206,0
2025,800,12,144,0
2025,800,13,151,0
2025,800,14,156,0
2025,800,15,123,0
2025,800,16,122,0
2025,800,17,128,0
2025,800,18,109,0
2025,800,19,284,0
2025,800,20,109,0
2025,800,21,85,0
2025,800,22,101,1
2025,800,23,108,0
2025,800,24,98,0
2025,800,25,101,1
2025,800,26,81,0
2025,800,27,99,0
2025,800,28,103,1
2025,800,29,90,0
2025,800,30,90,0
2025,800,31,103,0
2025,800,32,117,0
2025,800,33,95,0
2025,800,34,89,0
2025,800,35,99,1
2025,800,36,91,0
2025,800,37,113,0
2025,800,38,101,0
2025,800,39,81,0
2025,800,40,106,0
2025,800,41,196,2
2025,800,42,112,5
2025,800,43,113,0
2025,800,44,113,0
2025,800,45,96,0
2025,800,46,81,0
2025,800,47,118,0
2025,800,48,76,0
2025,800,49,100,0
2025,800,50,110,0
2025,800,51,80,0
2025,800,52,121,0
2025,800,53,23,0
2025,900,1,274,0
2025,900,2,351,0
2025,900,3,170,0
2025,900,4,159,0
2025,900,5,184,0
2025,900,6,174,0
2025,900,7,202,1
2025,900,8,171,0
2025,900,9,160,0
2025,900,10,196,3
2025,900,11,242,0
2025,900,12,156,0
2025,900,13,181,1
2025,900,14,115,2
2025,900,15,108,0
2025,900,16,83,0
2025,900,17,129,1
2025,900,18,108,0
2025,900,19,283,2
2025,900,20,80,1
2025,900,21,98,0
2025,900,22,85,0
2025,900,23,55,0
2025,900,24,54,0
2025,900,25,64,0
2025,900,26,59,0
2025,900,27,64,0
2025,900,28,62,1
2025,900,29,61,0
2025,900,30,85,0
2025,900,31,100,0
2025,900,32,61,0
2025,900,33,60,0
2025,900,34,50,0
2025,900,35,56,0
2025,900,36,51,0
2025,900,37,68,0
2025,900,38,94,0
2025,900,39,69,0
2025,900,40,79,0
2025,900,41,243,0
2025,900,42,257,0
2025,900,43,129,0
2025,900,44,112,0
2025,900,45,132,0
2025,900,46,112,0
2025,900,47,153,0
2025,900,48,98,0
2025,900,49,129,0
2025,900,50,103,0
2025,900,51,131,0
2025,900,52,143,0
2025,900,53,26,0
2025,1000,1,103,0
2025,1000,2,152,0
2025,1000,3,119,0
2025,1000,4,138,0
2025,1000,5,96,0
2025,1000,6,98,1
2025,1000,7,84,1
2025,1000,8,98,1
2025,1000,9,106,4
2025,1000,10,124,10
2025,1000,11,144,3
2025,1000,12,128,1
2025,1000,13,129,0
2025,1000,14,128,0
2025,1000,15,105,1
2025,1000,16,89,0
2025,1000,17,100,0
2025,1000,18,91,1
2025,1000,19,167,1
2025,1000,20,58,1
2025,1000,21,68,0
2025,1000,22,70,2
2025,1000,23,104,0
2025,1000,24,79,3
2025,1000,25,89,1
2025,1000,26,95,0
2025,1000,27,76,1
2025,1000,28,82,0
2025,1000,29,69,0
2025,1000,30,83,0
2025,1000,31,100,0
2025,1000,32,89,0
2025,1000,33,88,0
2025,1000,34,116,0
2025,1000,35,102,0
2025,1000,36,92,0
2025,1000,37,79,0
2025,1000,38,79,0
2025,1000,39,85,0
2025,1000,40,106,0
2025,1000,41,171,0
2025,1000,42,142,1
2025,1000,43,119,0
2025,1000,44,141,0
2025,1000,45,134,0
2025,1000,46,120,0
2025,1000,47,103,0
2025,1000,48,99,0
2025,1000,49,99,0
2025,1000,50,87,0
2025,1000,51,106,0
2025,1000,52,109,0
2025,1000,53,17,0
2025,1100,1,250,0
2025,1100,2,252,0
2025,1100,3,173,1
2025,1100,4,222,0
2025,1100,5,272,1
2025,1100,6,196,0
2025,1100,7,276,6
2025,1100,8,202,2
2025,1100,9,236,4
2025,1100,10,294,8
2025,1100,11,219,7
2025,1100,12,229,3
2025,1100,13,199,5
2025,1100,14,219,1
2025,1100,15,177,1
2025,1100,16,174,0
2025,1100,17,153,2
2025,1100,18,179,3
2025,1100,19,243,3
2025,1100,20,127,1
2025,1100,21,184,0
2025,1100,22,109,1
2025,1100,23,120,0
2025,1100,24,97,1
2025,1100,25,96,0
2025,1100,26,103,2
2025,1100,27,137,1
2025,1100,28,132,1
2025,1100,29,113,0
2025,1100,30,119,0
2025,1100,31,121,0
2025,1100,32,114,0
2025,1100,33,92,0
2025,1100,34,109,2
2025,1100,35,112,1
2025,1100,36,128,0
2025,1100,37,92,0
2025,1100,38,134,1
2025,1100,39,140,1
2025,1100,40,133,0
2025,1100,41,234,0
2025,1100,42,207,0
2025,1100,43,150,0
2025,1100,44,122,0
2025,1100,45,165,0
2025,1100,46,175,0
2025,1100,47,152,0
2025,1100,48,130,0
2025,1100,49,162,0
2025,1100,50,155,0
2025,1100,51,172,0
2025,1100,52,120,0
2025,1100,53,24,0
2025,1200,1,107,0
2025,1200,2,108,0
2025,1200,3,98,0
2025,1200,4,95,0
2025,1200,5,118,1
2025,1200,6,121,1
2025,1200,7,111,1
2025,1200,8,116,3
2025,1200,9,121,1
2025,1200,10,119,2
2025,1200,11,117,4
2025,1200,12,104,1
2025,1200,13,93,0
2025,1200,14,98,2
2025,1200,15,83,1
2025,1200,16,66,0
2025,1200,17,74,4
2025,1200,18,71,1
2025,1200,19,166,9
2025,1200,20,73,1
2025,1200,21,80,1
2025,1200,22,87,4
2025,1200,23,82,1
2025,1200,24,69,6
2025,1200,25,99,7
2025,1200,26,92,9
2025,1200,27,65,2
2025,1200,28,83,5
2025,1200,29,68,1
2025,1200,30,78,3
2025,1200,31,59,1
2025,1200,32,70,2
2025,1200,33,68,2
2025,1200,34,73,0
2025,1200,35,73,0
2025,1200,36,78,0
2025,1200,37,68,0
2025,1200,38,78,0
2025,1200,39,83,0
2025,1200,40,88,0
2025,1200,41,157,0
2025,1200,42,126,0
2025,1200,43,99,0
2025,1200,44,75,0
2025,1200,45,86,0
2025,1200,46,78,0
2025,1200,47,95,0
2025,1200,48,78,0
2025,1200,49,114,0
2025,1200,50,80,1
2025,1200,51,104,0
2025,1200,52,81,0
2025,1200,53,13,0
2025,1300,1,174,0
2025,1300,2,144,0
2025,1300,3,126,0
2025,1300,4,107,0
2025,1300,5,156,0
2025,1300,6,182,1
2025,1300,7,158,0
2025,1300,8,157,1
2025,1300,9,161,1
2025,1300,10,155,5
2025,1300,11,154,2
2025,1300,12,203,0
2025,1300,13,133,9
2025,1300,14,132,13
2025,1300,15,117,3
2025,1300,16,99,3
2025,1300,17,112,5
2025,1300,18,81,4
2025,1300,19,134,12
2025,1300,20,85,12
2025,1300,21,51,6
2025,1300,22,73,15
2025,1300,23,85,10
2025,1300,24,50,7
2025,1300,25,70,14
2025,1300,26,84,16
2025,1300,27,65,8
2025,1300,28,67,4
2025,1300,29,77,6
2025,1300,30,72,6
2025,1300,31,82,7
2025,1300,32,95,14
2025,1300,33,82,28
2025,1300,34,49,1
2025,1300,35,62,3
2025,1300,36,50,1
2025,1300,37,58,2
2025,1300,38,62,0
2025,1300,39,52,0
2025,1300,40,71,4
2025,1300,41,118,2
2025,1300,42,100,0
2025,1300,43,93,0
2025,1300,44,103,0
2025,1300,45,81,0
2025,1300,46,100,0
2025,1300,47,98,0
2025,1300,48,94,0
2025,1300,49,157,0
2025,1300,50,89,0
2025,1300,51,124,0
2025,1300,52,106,0
2025,1300,53,19,0
2025,1400,1,197,0
2025,1400,2,254,0
2025,1400,3,230,0
2025,1400,4,184,0
2025,1400,5,229,0
2025,1400,6,207,0
2025,1400,7,217,1
2025,1400,8,246,0
2025,1400,9,237,2
2025,1400,10,228,4
2025,1400,11,190,4
2025,1400,12,232,4
2025,1400,13,192,2
2025,1400,14,189,13
2025,1400,15,146,7
2025,1400,16,145,4
2025,1400,17,136,9
2025,1400,18,114,8
2025,1400,19,160,16
2025,1400,20,123,21
2025,1400,21,83,11
2025,1400,22,112,11
2025,1400,23,80,16
2025,1400,24,71,18
2025,1400,25,105,15
2025,1400,26,106,9
2025,1400,27,80,1
2025,1400,28,64,4
2025,1400,29,73,0
2025,1400,30,90,2
2025,1400,31,73,3
2025,1400,32,90,2
2025,1400,33,74,4
2025,1400,34,83,0
2025,1400,35,110,3
2025,1400,36,61,2
2025,1400,37,68,0
2025,1400,38,67,0
2025,1400,39,89,0
2025,1400,40,73,0
2025,1400,41,110,0
2025,1400,42,122,1
2025,1400,43,88,1
2025,1400,44,80,0
2025,1400,45,109,0
2025,1400,46,106,0
2025,1400,47,115,0
2025,1400,48,97,0
2025,1400,49,185,2
2025,1400,50,111,0
2025,1400,51,186,0
2025,1400,52,141,0
2025,1400,53,10,0
2025,1500,1,94,0
2025,1500,2,129,0
2025,1500,3,104,0
2025,1500,4,72,0
2025,1500,5,95,0
2025,1500,6,93,1
2025,1500,7,97,3
2025,1500,8,160,2
2025,1500,9,108,1
2025,1500,10,118,4
2025,1500,11,120,2
2025,1500,12,117,0
2025,1500,13,94,2
2025,1500,14,113,7
2025,1500,15,76,2
2025,1500,16,63,5
2025,1500,17,80,3
2025,1500,18,75,6
2025,1500,19,70,3
2025,1500,20,49,3
2025,1500,21,27,4
2025,1500,22,47,4
2025,1500,23,37,2
2025,1500,24,42,2
2025,1500,25,48,0
2025,1500,26,45,1
2025,1500,27,30,0
2025,1500,28,35,0
2025,1500,29,33,0
2025,1500,30,42,0
2025,1500,31,44,0
2025,1500,32,41,1
2025,1500,33,32,0
2025,1500,34,30,1
2025,1500,35,24,0
2025,1500,36,20,0
2025,1500,37,28,0
2025,1500,38,25,0
2025,1500,39,38,0
2025,1500,40,33,0
2025,1500,41,61,0
2025,1500,42,28,0
2025,1500,43,20,1
2025,1500,44,21,1
2025,1500,45,51,0
2025,1500,46,48,1
2025,1500,47,40,0
2025,1500,48,47,0
2025,1500,49,58,0
2025,1500,50,35,0
2025,1500,51,74,0
2025,1500,52,78,0
2025,1500,53,7,0
2025,1600,1,53,0
2025,1600,2,61,1
2025,1600,3,39,0
2025,1600,4,25,3
2025,1600,5,65,8
2025,1600,6,32,1
2025,1600,7,47,4
2025,1600,8,44,3
2025,1600,9,63,8
2025,1600,10,63,5
2025,1600,11,44,4
2025,1600,12,43,9
2025,1600,13,33,7
2025,1600,14,63,17
2025,1600,15,31,9
2025,1600,16,31,3
2025,1600,17,27,5
2025,1600,18,37,12
2025,1600,19,39,6
2025,1600,20,18,8
2025,1600,21,25,11
2025,1600,22,24,4
2025,1600,23,16,3
2025,1600,24,14,4
2025,1600,25,19,0
2025,1600,26,19,1
2025,1600,27,16,2
2025,1600,28,12,0
2025,1600,29,9,0
2025,1600,30,12,0
2025,1600,31,22,0
2025,1600,32,21,0
2025,1600,33,19,0
2025,1600,34,13,0
2025,1600,35,14,1
2025,1600,36,14,0
2025,1600,37,7,0
2025,1600,38,21,0
2025,1600,39,16,0
2025,1600,40,24,0
2025,1600,41,35,0
2025,1600,42,31,0
2025,1600,43,14,0
2025,1600,44,25,0
2025,1600,45,20,0
2025,1600,46,21,1
2025,1600,47,20,0
2025,1600,48,15,0
2025,1600,49,33,0
2025,1600,50,19,0
2025,1600,51,34,0
2025,1600,52,37,0
2025,1600,53,6,0
2025,1700,1,31,0
2025,1700,2,28,0
2025,1700,3,21,2
2025,1700,4,15,2
2025,1700,5,24,0
2025,1700,6,24,3
2025,1700,7,29,1
2025,1700,8,30,0
2025,1700,9,25,2
2025,1700,10,32,2
2025,1700,11,29,2
2025,1700,12,24,0
2025,1700,13,12,2
2025,1700,14,9,2
2025,1700,15,19,4
2025,1700,16,19,1
2025,1700,17,13,1
2025,1700,18,30,3
2025,1700,19,43,6
2025,1700,20,61,1
2025,1700,21,15,0
2025,1700,22,11,1
2025,1700,23,22,5
2025,1700,24,20,1
2025,1700,25,9,0
2025,1700,26,14,1
2025,1700,27,5,1
2025,1700,28,7,0
2025,1700,29,15,0
2025,1700,30,8,0
2025,1700,31,11,0
2025,1700,32,7,0
2025,1700,33,16,0
2025,1700,34,10,0
2025,1700,35,13,0
2025,1700,36,11,0
2025,1700,37,16,1
2025,1700,38,9,0
2025,1700,39,13,0
2025,1700,40,22,0
2025,1700,41,29,1
2025,1700,42,19,0
2025,1700,43,8,0
2025,1700,44,13,0
2025,1700,45,20,1
2025,1700,46,15,0
2025,1700,47,13,0
2025,1700,48,7,0
2025,1700,49,8,0
2025,1700,50,23,0
2025,1700,51,10,0
2025,1700,52,25,1
2025,1700,53,2,0
2025,1800,1,32,0
2025,1800,2,15,0
2025,1800,3,19,0
2025,1800,4,19,0
2025,1800,5,47,25
2025,1800,6,59,19
2025,1800,7,29,5
2025,1800,8,31,8
2025,1800,9,31,5
2025,1800,10,23,2
2025,1800,11,33,6
2025,1800,12,20,7
2025,1800,13,51,20
2025,1800,14,36,6
2025,1800,15,40,13
2025,1800,16,35,4
2025,1800,17,24,3
2025,1800,18,10,0
2025,1800,19,43,10
2025,1800,20,43,1
2025,1800,21,17,2
2025,1800,22,19,4
2025,1800,23,18,2
2025,1800,24,8,4
2025,1800,25,7,0
2025,1800,26,8,0
2025,1800,27,19,1
2025,1800,28,15,0
2025,1800,29,15,0
2025,1800,30,6,0
2025,1800,31,14,3
2025,1800,32,25,1
2025,1800,33,13,0
2025,1800,34,16,0
2025,1800,35,16,0
2025,1800,36,15,0
2025,1800,37,12,0
2025,1800,38,12,0
2025,1800,39,19,0
2025,1800,40,11,1
2025,1800,41,21,2
2025,1800,42,22,0
2025,1800,43,16,0
2025,1800,44,9,0
2025,1800,45,22,0
2025,1800,46,18,0
2025,1800,47,13,0
2025,1800,48,13,0
2025,1800,49,15,0
2025,1800,50,25,1
2025,1800,51,20,0
2025,1800,52,26,0
2025,1800,53,2,0
2025,1900,1,20,1
2025,1900,2,14,1
2025,1900,3,29,7
2025,1900,4,23,2
2025,1900,5,30,7
2025,1900,6,25,11
2025,1900,7,40,7
2025,1900,8,38,9
2025,1900,9,24,5
2025,1900,10,53,17
2025,1900,11,68,10
2025,1900,12,35,5
2025,1900,13,21,5
2025,1900,14,26,6
2025,1900,15,24,4
2025,1900,16,14,3
2025,1900,17,12,1
2025,1900,18,13,4
2025,1900,19,29,7
2025,1900,20,12,0
2025,1900,21,20,2
2025,1900,22,20,3
2025,1900,23,11,2
2025,1900,24,8,1
2025,1900,25,2,0
2025,1900,26,7,1
2025,1900,27,14,5
2025,1900,28,10,3
2025,1900,29,16,3
2025,1900,30,5,0
2025,1900,31,9,0
2025,1900,32,21,8
2025,1900,33,13,2
2025,1900,34,15,0
2025,1900,35,7,0
2025,1900,36,7,0
2025,1900,37,31,0
2025,1900,38,19,0
2025,1900,39,7,0
2025,1900,40,12,0
2025,1900,41,26,0
2025,1900,42,9,0
2025,1900,43,18,0
2025,1900,44,19,0
2025,1900,45,17,0
2025,1900,46,32,0
2025,1900,47,20,0
2025,1900,48,6,0
2025,1900,49,11,0
2025,1900,50,14,0
2025,1900,51,31,0
2025,1900,52,19,0
2025,1900,53,5,0
2025,2000,1,12,0
2025,2000,2,7,0
2025,2000,3,9,1
2025,2000,4,4,0
2025,2000,5,3,1
2025,2000,6,6,1
2025,2000,7,8,1
2025,2000,8,6,1
2025,2000,9,17,0
2025,2000,10,8,2
2025,2000,11,33,0
2025,2000,12,13,0
2025,2000,13,9,1
2025,2000,14,9,0
2025,2000,15,8,0
2025,2000,16,4,1
2025,2000,17,9,1
2025,2000,18,4,1
2025,2000,19,9,0
2025,2000,20,4,0
2025,2000,21,3,1
2025,2000,22,4,1
2025,2000,23,1,0
2025,2000,24,1,0
2025,2000,26,5,0
2025,2000,27,2,0
2025,2000,29,14,1
2025,2000,30,5,0
2025,2000,32,4,1
2025,2000,33,6,0
2025,2000,34,3,0
2025,2000,35,2,0
2025,2000,36,6,0
2025,2000,37,2,0
2025,2000,38,7,0
2025,2000,39,4,0
2025,2000,40,2,0
2025,2000,41,3,0
2025,2000,42,8,0
2025,2000,43,3,0
2025,2000,44,2,0
2025,2000,45,5,0
2025,2000,46,5,0
2025,2000,47,8,0
2025,2000,48,3,0
2025,2000,49,16,0
2025,2000,50,1,0
2025,2000,51,2,0
2025,2000,52,4,0
2025,2000,53,1,0
2025,2100,1,3,0
2025,2100,2,10,1
2025,2100,3,5,0
2025,2100,4,18,2
2025,2100,5,10,2
2025,2100,6,31,0
2025,2100,7,13,0
2025,2100,8,7,0
2025,2100,9,23,1
2025,2100,10,39,0
2025,2100,11,27,2
2025,2100,12,18,0
2025,2100,13,14,1
2025,2100,14,12,1
2025,2100,15,14,2
2025,2100,16,10,2
2025,2100,17,7,1
2025,2100,18,6,0
2025,2100,19,12,1
2025,2100,20,5,0
2025,2100,21,5,0
2025,2100,22,2,0
2025,2100,23,7,1
2025,2100,24,5,0
2025,2100,25,3,0
2025,2100,26,2,0
2025,2100,27,3,0
2025,2100,28,8,1
2025,2100,29,6,0
2025,2100,30,5,0
2025,2100,31,3,1
2025,2100,32,7,1
2025,2100,33,4,0
2025,2100,34,4,0
2025,2100,35,4,0
2025,2100,36,4,0
2025,2100,37,6,0
2025,2100,38,4,0
2025,2100,39,6,0
2025,2100,40,5,0
2025,2100,41,3,0
2025,2100,42,16,0
2025,2100,43,8,0
2025,2100,44,11,0
2025,2100,45,5,0
2025,2100,46,8,0
2025,2100,47,12,0
2025,2100,48,3,0
2025,2100,49,10,0
2025,2100,50,7,0
2025,2100,51,11,0
2025,2100,52,15,1
2025,2100,53,1,0
2025,2200,1,3,0
2025,2200,2,19,0
2025,2200,3,5,0
2025,2200,4,37,0
2025,2200,5,34,0
2025,2200,6,16,0
2025,2200,7,30,0
2025,2200,8,26,0
2025,2200,9,28,0
2025,2200,10,24,0
2025,2200,11,18,1
2025,2200,12,18,0
2025,2200,13,28,0
2025,2200,14,29,0
2025,2200,15,12,0
2025,2200,16,22,0
2025,2200,17,8,0
2025,2200,18,10,0
2025,2200,19,19,1
2025,2200,20,9,0
2025,2200,21,1,0
2025,2200,23,3,0
2025,2200,24,2,0
2025,2200,26,1,0
2025,2200,27,5,0
2025,2200,28,3,0
2025,2200,29,1,0
2025,2200,30,4,0
2025,2200,31,2,0
2025,2200,32,4,0
2025,2200,33,4,0
2025,2200,34,6,0
2025,2200,35,4,0
2025,2200,36,1,0
2025,2200,37,3,0
2025,2200,38,3,0
2025,2200,39,3,0
2025,2200,40,1,0
2025,2200,41,4,0
2025,2200,42,3,0
2025,2200,43,4,0
2025,2200,44,12,0
2025,2200,45,4,0
2025,2200,46,7,0
2025,2200,47,18,0
2025,2200,48,4,0
2025,2200,49,9,0
2025,2200,50,8,0
2025,2200,51,2,0
2025,2200,52,12,0
2025,2200,53,2,0
2025,2300,1,49,0
2025,2300,2,74,0
2025,2300,3,57,0
2025,2300,4,72,0
2025,2300,5,59,0
2025,2300,6,54,0
2025,2300,7,55,0
2025,2300,8,62,0
2025,2300,9,101,0
2025,2300,10,62,0
2025,2300,11,77,0
2025,2300,12,77,0
2025,2300,13,91,0
2025,2300,14,52,0
2025,2300,15,55,0
2025,2300,16,42,0
2025,2300,17,37,0
2025,2300,18,54,0
2025,2300,19,35,0
2025,2300,20,27,0
2025,2300,21,10,0
2025,2300,22,20,0
2025,2300,23,10,0
2025,2300,24,18,0
2025,2300,25,13,0
2025,2300,26,26,0
2025,2300,27,34,0
2025,2300,28,37,0
2025,2300,29,12,0
2025,2300,30,33,0
2025,2300,31,14,0
2025,2300,32,32,0
2025,2300,33,10,0
2025,2300,34,23,0
2025,2300,35,16,0
2025,2300,36,20,0
2025,2300,37,20,0
2025,2300,38,24,0
2025,2300,39,14,0
2025,2300,40,10,0
2025,2300,41,37,0
2025,2300,42,10,0
2025,2300,43,15,0
2025,2300,44,23,0
2025,2300,45,30,0
2025,2300,46,27,0
2025,2300,47,45,0
2025,2300,48,21,0
2025,2300,49,59,0
2025,2300,50,42,0
2025,2300,51,53,0
2025,2300,52,39,0
2025,2300,53,5,0
2025,2400,1,7,0
2025,2400,2,17,0
2025,2400,3,6,0
2025,2400,4,8,0
2025,2400,5,4,0
2025,2400,6,11,0
2025,2400,7,11,0
2025,2400,8,9,0
2025,2400,9,7,0
2025,2400,10,16,0
2025,2400,11,7,0
2025,2400,12,13,0
2025,2400,13,9,0
2025,2400,14,7,0
2025,2400,15,8,0
2025,2400,16,4,0
2025,2400,17,13,0
2025,2400,18,3,0
2025,2400,19,24,1
2025,2400,20,1,0
2025,2400,21,3,0
2025,2400,23,7,0
2025,2400,24,7,0
2025,2400,25,4,0
2025,2400,26,1,0
2025,2400,27,3,0
2025,2400,28,2,0
2025,2400,29,2,0
2025,2400,31,1,0
2025,2400,32,1,0
2025,2400,33,4,0
2025,2400,34,2,0
2025,2400,35,1,0
2025,2400,36,3,0
2025,2400,37,3,0
2025,2400,38,3,0
2025,2400,39,9,0
2025,2400,40,2,0
2025,2400,41,3,0
2025,2400,42,5,0
2025,2400,43,1,0
2025,2400,44,10,0
2025,2400,45,4,0
2025,2400,46,9,0
2025,2400,47,15,0
2025,2400,48,10,0
2025,2400,49,26,0
2025,2400,50,10,0
2025,2400,51,10,0
2025,2400,52,12,0
2025,2400,53,1,0
