"threshold","TP","FP","FN","TN","precision","recall","specificity","accuracy","F1"
-2.3690798,404,2788,0,0,0.1265664160401,1,0,0.1265664160401,0.224694104560623
-2.1946235,404,2787,0,1,0.126606079598872,1,0.000358680057388809,0.12687969924812,0.224756606397775
-2.1382444,404,2786,0,2,0.126645768025078,1,0.000717360114777618,0.12719298245614,0.224819143016138
-2.1234825,404,2785,0,3,0.126685481342114,1,0.00107604017216643,0.12750626566416,0.224881714444754
-2.121953,404,2784,0,4,0.1267252195734,1,0.00143472022955524,0.12781954887218,0.224944320712695
-2.1050835,404,2783,0,5,0.126764982742391,1,0.00179340028694405,0.128132832080201,0.225006961849067
-2.1014545,404,2782,0,6,0.126804770872567,1,0.00215208034433285,0.128446115288221,0.225069637883008
-2.0885665,404,2781,0,7,0.126844583987441,1,0.00251076040172166,0.128759398496241,0.225132348843689
-2.0777779,404,2780,0,8,0.126884422110553,1,0.00286944045911047,0.129072681704261,0.225195094760312
-2.0701408,404,2779,0,9,0.126924285265473,1,0.00322812051649928,0.129385964912281,0.225257875662113
-2.048741,404,2778,0,10,0.126964173475801,1,0.00358680057388809,0.129699248120301,0.22532069157836
-2.0480177,404,2777,0,11,0.127004086765168,1,0.0039454806312769,0.130012531328321,0.225383542538354
-2.04383,404,2776,0,12,0.127044025157233,1,0.00430416068866571,0.130325814536341,0.225446428571429
-2.0365036,404,2775,0,13,0.127083988675684,1,0.00466284074605452,0.130639097744361,0.225509349706949
-2.0307364,404,2774,0,14,0.127123977344242,1,0.00502152080344333,0.130952380952381,0.225572305974316
-2.0292985,404,2773,0,15,0.127163991186654,1,0.00538020086083214,0.131265664160401,0.22563529740296
-2.0254226,404,2772,0,16,0.1272040302267,1,0.00573888091822095,0.131578947368421,0.225698324022346
-2.0221057,404,2771,0,17,0.127244094488189,1,0.00609756097560976,0.131892230576441,0.225761385861973
-2.021487,404,2770,0,18,0.127284183994959,1,0.00645624103299857,0.132205513784461,0.22582448295137
-2.0149474,404,2769,0,19,0.127324298770879,1,0.00681492109038737,0.132518796992481,0.225887615320101
-2.0100636,404,2768,0,20,0.127364438839849,1,0.00717360114777618,0.132832080200501,0.225950782997763
-2.0096836,404,2767,0,21,0.127404604225796,1,0.00753228120516499,0.133145363408521,0.226013986013986
-2.0059373,404,2766,0,22,0.127444794952681,1,0.0078909612625538,0.133458646616541,0.226077224398433
-2.0023196,404,2765,0,23,0.127485011044494,1,0.00824964131994261,0.133771929824561,0.2261404981808
-2.0011654,404,2764,0,24,0.127525252525253,1,0.00860832137733142,0.134085213032581,0.226203807390817
-1.9793632,404,2763,0,25,0.127565519419009,1,0.00896700143472023,0.134398496240602,0.226267152058247
-1.9775857,404,2762,0,26,0.127605811749842,1,0.00932568149210904,0.134711779448622,0.226330532212885
-1.9773132,404,2761,0,27,0.127646129541864,1,0.00968436154949785,0.135025062656642,0.226393947884562
-1.9696078,404,2760,0,28,0.127686472819216,1,0.0100430416068867,0.135338345864662,0.226457399103139
-1.9625859,404,2759,0,29,0.12772684160607,1,0.0104017216642755,0.135651629072682,0.226520885898514
-1.9598892,404,2758,0,30,0.127767235926629,1,0.0107604017216643,0.135964912280702,0.226584408300617
-1.959243,404,2757,0,31,0.127807655805125,1,0.0111190817790531,0.136278195488722,0.226647966339411
-1.95842,404,2756,0,32,0.127848101265823,1,0.0114777618364419,0.136591478696742,0.226711560044893
-1.9567345,404,2755,0,33,0.127888572333017,1,0.0118364418938307,0.136904761904762,0.226775189447095
-1.9546735,404,2754,0,34,0.127929069031032,1,0.0121951219512195,0.137218045112782,0.226838854576081
-1.9496082,404,2753,0,35,0.127969591384226,1,0.0125538020086083,0.137531328320802,0.226902555461949
-1.9493045,404,2752,0,36,0.128010139416984,1,0.0129124820659971,0.137844611528822,0.226966292134831
-1.9483323,404,2751,0,37,0.128050713153724,1,0.0132711621233859,0.138157894736842,0.227030064624895
-1.9480612,404,2750,0,38,0.128091312618897,1,0.0136298421807747,0.138471177944862,0.227093872962338
-1.9452051,404,2749,0,39,0.128131937836981,1,0.0139885222381636,0.138784461152882,0.227157717177397
-1.9401107,404,2748,0,40,0.128172588832487,1,0.0143472022955524,0.139097744360902,0.227221597300337
-1.9354749,404,2747,0,41,0.128213265629959,1,0.0147058823529412,0.139411027568922,0.227285513361463
-1.9340129,404,2746,0,42,0.128253968253968,1,0.01506456241033,0.139724310776942,0.227349465391109
-1.9275029,404,2745,0,43,0.12829469672912,1,0.0154232424677188,0.140037593984962,0.227413453419645
-1.9267323,404,2744,0,44,0.128335451080051,1,0.0157819225251076,0.140350877192982,0.227477477477477
-1.925154,404,2743,0,45,0.128376231331427,1,0.0161406025824964,0.140664160401003,0.227541537595044
-1.9190028,404,2742,0,46,0.128417037507947,1,0.0164992826398852,0.140977443609023,0.227605633802817
-1.9178996,404,2741,0,47,0.12845786963434,1,0.016857962697274,0.141290726817043,0.227669766131305
-1.9176483,404,2740,0,48,0.128498727735369,1,0.0172166427546628,0.141604010025063,0.227733934611049
-1.9162148,404,2739,0,49,0.128539611835826,1,0.0175753228120516,0.141917293233083,0.227798139272625
-1.9156927,404,2738,0,50,0.128580521960535,1,0.0179340028694405,0.142230576441103,0.227862380146644
-1.9150503,404,2737,0,51,0.128621458134352,1,0.0182926829268293,0.142543859649123,0.227926657263752
-1.914763,404,2736,0,52,0.128662420382166,1,0.0186513629842181,0.142857142857143,0.227990970654628
-1.9139029,404,2735,0,53,0.128703408728895,1,0.0190100430416069,0.143170426065163,0.228055320349986
-1.9104896,404,2734,0,54,0.12874442319949,1,0.0193687230989957,0.143483709273183,0.228119706380576
-1.9102707,404,2733,0,55,0.128785463818935,1,0.0197274031563845,0.143796992481203,0.228184128777182
-1.9083787,404,2732,0,56,0.128826530612245,1,0.0200860832137733,0.144110275689223,0.228248587570621
-1.9075685,404,2731,0,57,0.128867623604466,1,0.0204447632711621,0.144423558897243,0.228313082791749
-1.9065979,404,2730,0,58,0.128908742820676,1,0.0208034433285509,0.144736842105263,0.228377614471453
-1.9054872,404,2729,0,59,0.128949888285988,1,0.0211621233859397,0.145050125313283,0.228442182640656
-1.9053555,404,2728,0,60,0.128991060025543,1,0.0215208034433286,0.145363408521303,0.228506787330317
-1.9052302,404,2727,0,61,0.129032258064516,1,0.0218794835007174,0.145676691729323,0.228571428571429
-1.9049802,404,2726,0,62,0.129073482428115,1,0.0222381635581062,0.145989974937343,0.22863610639502
-1.9048133,404,2725,0,63,0.129114733141579,1,0.022596843615495,0.146303258145363,0.228700820832154
-1.904097,404,2724,0,64,0.129156010230179,1,0.0229555236728838,0.146616541353383,0.22876557191393
-1.9033552,404,2723,0,65,0.12919731371922,1,0.0233142037302726,0.146929824561404,0.228830359671481
-1.9024878,404,2722,0,66,0.129238643634037,1,0.0236728837876614,0.147243107769424,0.228895184135977
-1.9000607,404,2721,0,67,0.12928,1,0.0240315638450502,0.147556390977444,0.228960045338623
-1.8992277,404,2720,0,68,0.12932138284251,1,0.024390243902439,0.147869674185464,0.229024943310658
-1.8986948,404,2719,0,69,0.129362792187,1,0.0247489239598278,0.148182957393484,0.229089878083357
-1.8973063,404,2718,0,70,0.129404228058937,1,0.0251076040172166,0.148496240601504,0.229154849688032
-1.8937883,404,2717,0,71,0.129445690483819,1,0.0254662840746055,0.148809523809524,0.229219858156028
-1.8927761,404,2716,0,72,0.129487179487179,1,0.0258249641319943,0.149122807017544,0.229284903518729
-1.8896612,404,2715,0,73,0.129528695094582,1,0.0261836441893831,0.149436090225564,0.22934998580755
-1.8862991,404,2714,0,74,0.129570237331623,1,0.0265423242467719,0.149749373433584,0.229415105053947
-1.8845793,403,2714,1,74,0.129290984921399,0.997524752475248,0.0265423242467719,0.149436090225564,0.22891224084067
-1.883863,403,2713,1,75,0.129332477535302,0.997524752475248,0.0269010043041607,0.149749373433584,0.228977272727273
-1.881033,403,2712,1,76,0.129373996789727,0.997524752475248,0.0272596843615495,0.150062656641604,0.229042341574311
-1.8802323,403,2711,1,77,0.12941554271034,0.997524752475248,0.0276183644189383,0.150375939849624,0.229107447413303
-1.8800645,403,2710,1,78,0.12945711532284,0.997524752475248,0.0279770444763271,0.150689223057644,0.229172590275803
-1.8786544,403,2709,1,79,0.129498714652956,0.997524752475248,0.0283357245337159,0.151002506265664,0.229237770193402
-1.8779426,403,2708,1,80,0.129540340726455,0.997524752475248,0.0286944045911047,0.151315789473684,0.229302987197724
-1.8728554,403,2707,1,81,0.129581993569132,0.997524752475248,0.0290530846484935,0.151629072681704,0.229368241320433
-1.8690526,403,2706,1,82,0.129623673206819,0.997524752475248,0.0294117647058824,0.151942355889724,0.229433532593225
-1.8681843,403,2705,1,83,0.12966537966538,0.997524752475248,0.0297704447632712,0.152255639097744,0.229498861047836
-1.8666781,403,2704,1,84,0.129707112970711,0.997524752475248,0.03012912482066,0.152568922305764,0.229564226716035
-1.8666564,403,2703,1,85,0.129748873148744,0.997524752475248,0.0304878048780488,0.152882205513784,0.22962962962963
-1.8658595,403,2702,1,86,0.129790660225443,0.997524752475248,0.0308464849354376,0.153195488721805,0.229695069820462
-1.864569,403,2701,1,87,0.129832474226804,0.997524752475248,0.0312051649928264,0.153508771929825,0.22976054732041
-1.8640462,403,2700,1,88,0.129874315178859,0.997524752475248,0.0315638450502152,0.153822055137845,0.229826062161391
-1.8618283,403,2699,1,89,0.129916183107672,0.997524752475248,0.031922525107604,0.154135338345865,0.229891614375357
-1.8587673,403,2698,1,90,0.129958078039342,0.997524752475248,0.0322812051649928,0.154448621553885,0.229957203994294
-1.8562887,403,2697,1,91,0.13,0.997524752475248,0.0326398852223816,0.154761904761905,0.230022831050228
-1.8551185,403,2696,1,92,0.130041949015812,0.997524752475248,0.0329985652797704,0.155075187969925,0.230088495575221
-1.8550026,403,2695,1,93,0.130083925112976,0.997524752475248,0.0333572453371593,0.155388471177945,0.230154197601371
-1.853689,403,2694,1,94,0.130125928317727,0.997524752475248,0.0337159253945481,0.155701754385965,0.230219937160811
-1.8492663,403,2693,1,95,0.130167958656331,0.997524752475248,0.0340746054519369,0.156015037593985,0.230285714285714
-1.8479927,403,2692,1,96,0.130210016155089,0.997524752475248,0.0344332855093257,0.156328320802005,0.230351529008288
-1.8470176,403,2691,1,97,0.130252100840336,0.997524752475248,0.0347919655667145,0.156641604010025,0.230417381360778
-1.8466012,403,2690,1,98,0.130294212738442,0.997524752475248,0.0351506456241033,0.156954887218045,0.230483271375465
-1.8439289,403,2689,1,99,0.130336351875809,0.997524752475248,0.0355093256814921,0.157268170426065,0.230549199084668
-1.8436431,403,2688,1,100,0.130378518278874,0.997524752475248,0.0358680057388809,0.157581453634085,0.230615164520744
-1.8434374,403,2687,1,101,0.13042071197411,0.997524752475248,0.0362266857962697,0.157894736842105,0.230681167716085
-1.843044,403,2686,1,102,0.130462932988022,0.997524752475248,0.0365853658536585,0.158208020050125,0.23074720870312
-1.842364,403,2685,1,103,0.13050518134715,0.997524752475248,0.0369440459110473,0.158521303258145,0.230813287514318
-1.8416126,403,2684,1,104,0.130547457078069,0.997524752475248,0.0373027259684362,0.158834586466165,0.230879404182183
-1.8415415,403,2683,1,105,0.130589760207388,0.997524752475248,0.037661406025825,0.159147869674185,0.230945558739255
-1.8381848,403,2682,1,106,0.13063209076175,0.997524752475248,0.0380200860832138,0.159461152882206,0.231011751218114
-1.8381066,403,2681,1,107,0.130674448767834,0.997524752475248,0.0383787661406026,0.159774436090226,0.231077981651376
-1.837404,403,2680,1,108,0.130716834252352,0.997524752475248,0.0387374461979914,0.160087719298246,0.231144250071695
-1.8364527,403,2679,1,109,0.130759247242051,0.997524752475248,0.0390961262553802,0.160401002506266,0.231210556511761
-1.8361962,403,2678,1,110,0.130801687763713,0.997524752475248,0.039454806312769,0.160714285714286,0.231276901004304
-1.8341293,403,2677,1,111,0.130844155844156,0.997524752475248,0.0398134863701578,0.161027568922306,0.23134328358209
-1.8338892,403,2676,1,112,0.130886651510231,0.997524752475248,0.0401721664275466,0.161340852130326,0.231409704277921
-1.8337735,403,2675,1,113,0.130929174788824,0.997524752475248,0.0405308464849354,0.161654135338346,0.231476163124641
-1.8330817,403,2674,1,114,0.130971725706857,0.997524752475248,0.0408895265423242,0.161967418546366,0.231542660155128
-1.8328185,403,2673,1,115,0.131014304291287,0.997524752475248,0.0412482065997131,0.162280701754386,0.231609195402299
-1.8325669,403,2672,1,116,0.131056910569106,0.997524752475248,0.0416068866571019,0.162593984962406,0.231675768899109
-1.8323098,403,2671,1,117,0.131099544567339,0.997524752475248,0.0419655667144907,0.162907268170426,0.231742380678551
-1.8291376,403,2670,1,118,0.131142206313049,0.997524752475248,0.0423242467718795,0.163220551378446,0.231809030773655
-1.8275082,403,2669,1,119,0.131184895833333,0.997524752475248,0.0426829268292683,0.163533834586466,0.231875719217491
-1.827108,403,2668,1,120,0.131227613155324,0.997524752475248,0.0430416068866571,0.163847117794486,0.231942446043165
-1.8268236,403,2667,1,121,0.131270358306189,0.997524752475248,0.0434002869440459,0.164160401002506,0.232009211283823
-1.8259718,403,2666,1,122,0.131313131313131,0.997524752475248,0.0437589670014347,0.164473684210526,0.232076014972646
-1.8257153,403,2665,1,123,0.13135593220339,0.997524752475248,0.0441176470588235,0.164786967418546,0.232142857142857
-1.825219,403,2664,1,124,0.131398761004239,0.997524752475248,0.0444763271162123,0.165100250626566,0.232209737827715
-1.8233986,403,2663,1,125,0.131441617742988,0.997524752475248,0.0448350071736012,0.165413533834586,0.232276657060519
-1.822593,403,2662,1,126,0.131484502446982,0.997524752475248,0.04519368723099,0.165726817042607,0.232343614874604
-1.8198078,403,2661,1,127,0.131527415143603,0.997524752475248,0.0455523672883788,0.166040100250627,0.232410611303345
-1.8196566,403,2660,1,128,0.131570355860268,0.997524752475248,0.0459110473457676,0.166353383458647,0.232477646380156
-1.8194591,403,2659,1,129,0.131613324624428,0.997524752475248,0.0462697274031564,0.166666666666667,0.232544720138488
-1.8193352,403,2658,1,130,0.131656321463574,0.997524752475248,0.0466284074605452,0.166979949874687,0.232611832611833
-1.8183043,403,2657,1,131,0.131699346405229,0.997524752475248,0.046987087517934,0.167293233082707,0.232678983833718
-1.8182347,403,2656,1,132,0.131742399476953,0.997524752475248,0.0473457675753228,0.167606516290727,0.232746173837713
-1.8172472,403,2655,1,133,0.131785480706344,0.997524752475248,0.0477044476327116,0.167919799498747,0.232813402657423
-1.8168445,403,2654,1,134,0.131828590121034,0.997524752475248,0.0480631276901004,0.168233082706767,0.232880670326495
-1.8143269,403,2653,1,135,0.131871727748691,0.997524752475248,0.0484218077474892,0.168546365914787,0.232947976878613
-1.813162,403,2652,1,136,0.131914893617021,0.997524752475248,0.0487804878048781,0.168859649122807,0.233015322347499
-1.8126276,403,2651,1,137,0.131958087753766,0.997524752475248,0.0491391678622669,0.169172932330827,0.233082706766917
-1.8121486,403,2650,1,138,0.132001310186702,0.997524752475248,0.0494978479196557,0.169486215538847,0.233150130170668
-1.8115497,403,2649,1,139,0.132044560943644,0.997524752475248,0.0498565279770445,0.169799498746867,0.233217592592593
-1.8094143,403,2648,1,140,0.132087840052442,0.997524752475248,0.0502152080344333,0.170112781954887,0.23328509406657
-1.8090426,403,2647,1,141,0.132131147540984,0.997524752475248,0.0505738880918221,0.170426065162907,0.23335263462652
-1.8063207,403,2646,1,142,0.132174483437193,0.997524752475248,0.0509325681492109,0.170739348370927,0.2334202143064
-1.8062406,403,2645,1,143,0.132217847769029,0.997524752475248,0.0512912482065997,0.171052631578947,0.233487833140209
-1.8058507,403,2644,1,144,0.13226124056449,0.997524752475248,0.0516499282639885,0.171365914786967,0.233555491161982
-1.8053741,403,2643,1,145,0.132304661851609,0.997524752475248,0.0520086083213773,0.171679197994987,0.233623188405797
-1.8050776,403,2642,1,146,0.132348111658456,0.997524752475248,0.0523672883787661,0.171992481203008,0.23369092490577
-1.803591,403,2641,1,147,0.132391590013141,0.997524752475248,0.052725968436155,0.172305764411028,0.233758700696056
-1.8028429,403,2640,1,148,0.132435096943805,0.997524752475248,0.0530846484935438,0.172619047619048,0.23382651581085
-1.8026321,403,2639,1,149,0.132478632478632,0.997524752475248,0.0534433285509326,0.172932330827068,0.233894370284388
-1.802552,403,2638,1,150,0.13252219664584,0.997524752475248,0.0538020086083214,0.173245614035088,0.233962264150943
-1.8016741,403,2637,1,151,0.132565789473684,0.997524752475248,0.0541606886657102,0.173558897243108,0.234030197444832
-1.7997297,403,2636,1,152,0.132609410990457,0.997524752475248,0.054519368723099,0.173872180451128,0.234098170200407
-1.7973099,403,2635,1,153,0.13265306122449,0.997524752475248,0.0548780487804878,0.174185463659148,0.234166182452063
-1.7961708,403,2634,1,154,0.132696740204149,0.997524752475248,0.0552367288378766,0.174498746867168,0.234234234234234
-1.7960715,403,2633,1,155,0.132740447957839,0.997524752475248,0.0555954088952654,0.174812030075188,0.234302325581395
-1.7948195,403,2632,1,156,0.132784184514003,0.997524752475248,0.0559540889526542,0.175125313283208,0.23437045652806
-1.7933108,403,2631,1,157,0.132827949901121,0.997524752475248,0.056312769010043,0.175438596491228,0.234438627108784
-1.7920938,403,2630,1,158,0.132871744147709,0.997524752475248,0.0566714490674319,0.175751879699248,0.234506837358161
-1.790303,403,2629,1,159,0.132915567282322,0.997524752475248,0.0570301291248207,0.176065162907268,0.234575087310827
-1.7899492,403,2628,1,160,0.132959419333553,0.997524752475248,0.0573888091822095,0.176378446115288,0.234643377001456
-1.7893836,403,2627,1,161,0.133003300330033,0.997524752475248,0.0577474892395983,0.176691729323308,0.234711706464764
-1.7891994,403,2626,1,162,0.133047210300429,0.997524752475248,0.0581061692969871,0.177005012531328,0.234780075735508
-1.7879529,403,2625,1,163,0.133091149273448,0.997524752475248,0.0584648493543759,0.177318295739348,0.234848484848485
-1.7865953,403,2624,1,164,0.133135117277833,0.997524752475248,0.0588235294117647,0.177631578947368,0.234916933838531
-1.7862108,403,2623,1,165,0.133179114342366,0.997524752475248,0.0591822094691535,0.177944862155388,0.234985422740525
-1.7855079,403,2622,1,166,0.133223140495868,0.997524752475248,0.0595408895265423,0.178258145363409,0.235053951589385
-1.7847657,403,2621,1,167,0.133267195767196,0.997524752475248,0.0598995695839311,0.178571428571429,0.23512252042007
-1.7826915,403,2620,1,168,0.133311280185246,0.997524752475248,0.0602582496413199,0.178884711779449,0.235191129267581
-1.7816021,403,2619,1,169,0.133355393778954,0.997524752475248,0.0606169296987088,0.179197994987469,0.235259778166959
-1.781203,403,2618,1,170,0.133399536577292,0.997524752475248,0.0609756097560976,0.179511278195489,0.235328467153285
-1.7811065,403,2617,1,171,0.133443708609272,0.997524752475248,0.0613342898134864,0.179824561403509,0.235397196261682
-1.7808161,403,2616,1,172,0.133487909903942,0.997524752475248,0.0616929698708752,0.180137844611529,0.235465965527315
-1.778846,403,2615,1,173,0.133532140490391,0.997524752475248,0.062051649928264,0.180451127819549,0.235534774985389
-1.7783812,403,2614,1,174,0.133576400397746,0.997524752475248,0.0624103299856528,0.180764411027569,0.235603624671149
-1.778073,403,2613,1,175,0.133620689655172,0.997524752475248,0.0627690100430416,0.181077694235589,0.235672514619883
-1.7772357,403,2612,1,176,0.133665008291874,0.997524752475248,0.0631276901004304,0.181390977443609,0.23574144486692
-1.7771134,403,2611,1,177,0.133709356337094,0.997524752475248,0.0634863701578192,0.181704260651629,0.23581041544763
-1.7767837,403,2610,1,178,0.133753733820113,0.997524752475248,0.063845050215208,0.182017543859649,0.235879426397425
-1.7766479,403,2609,1,179,0.133798140770252,0.997524752475248,0.0642037302725968,0.182330827067669,0.235948477751756
-1.7747531,403,2608,1,180,0.133842577216871,0.997524752475248,0.0645624103299857,0.182644110275689,0.23601756954612
-1.7740645,403,2607,1,181,0.133887043189369,0.997524752475248,0.0649210903873745,0.182957393483709,0.236086701816052
-1.7736552,403,2606,1,182,0.133931538717182,0.997524752475248,0.0652797704447633,0.183270676691729,0.236155874597129
-1.7734084,403,2605,1,183,0.133976063829787,0.997524752475248,0.0656384505021521,0.183583959899749,0.236225087924971
-1.7733531,403,2604,1,184,0.134020618556701,0.997524752475248,0.0659971305595409,0.183897243107769,0.236294341835239
-1.7712238,403,2603,1,185,0.134065202927478,0.997524752475248,0.0663558106169297,0.184210526315789,0.236363636363636
-1.7693102,403,2602,1,186,0.134109816971714,0.997524752475248,0.0667144906743185,0.18452380952381,0.236432971545908
-1.7691379,403,2601,1,187,0.134154460719041,0.997524752475248,0.0670731707317073,0.18483709273183,0.23650234741784
-1.7684474,403,2600,1,188,0.134199134199134,0.997524752475248,0.0674318507890961,0.18515037593985,0.236571764015263
-1.7683892,403,2599,1,189,0.134243837441706,0.997524752475248,0.0677905308464849,0.18546365914787,0.236641221374046
-1.7679543,403,2598,1,190,0.134288570476508,0.997524752475248,0.0681492109038737,0.18577694235589,0.236710719530103
-1.7675083,403,2597,1,191,0.134333333333333,0.997524752475248,0.0685078909612626,0.18609022556391,0.236780258519389
-1.7673812,403,2596,1,192,0.134378126042014,0.997524752475248,0.0688665710186514,0.18640350877193,0.236849838377902
-1.7666376,403,2595,1,193,0.134422948632422,0.997524752475248,0.0692252510760402,0.18671679197995,0.236919459141681
-1.7660261,403,2594,1,194,0.134467801134468,0.997524752475248,0.069583931133429,0.18703007518797,0.23698912084681
-1.76594,403,2593,1,195,0.134512683578104,0.997524752475248,0.0699426111908178,0.18734335839599,0.237058823529412
-1.7659292,403,2592,1,196,0.134557595993322,0.997524752475248,0.0703012912482066,0.18765664160401,0.237128567225655
-1.7631541,403,2591,1,197,0.134602538410154,0.997524752475248,0.0706599713055954,0.18796992481203,0.237198351971748
-1.7623389,403,2590,1,198,0.13464751085867,0.997524752475248,0.0710186513629842,0.18828320802005,0.237268177803945
-1.7610397,403,2589,1,199,0.134692513368984,0.997524752475248,0.071377331420373,0.18859649122807,0.237338044758539
-1.7591257,403,2588,1,200,0.134737545971247,0.997524752475248,0.0717360114777618,0.18890977443609,0.23740795287187
-1.7588176,403,2587,1,201,0.134782608695652,0.997524752475248,0.0720946915351506,0.18922305764411,0.237477902180318
-1.7585609,403,2586,1,202,0.134827701572432,0.997524752475248,0.0724533715925395,0.18953634085213,0.237547892720307
-1.7582295,403,2585,1,203,0.134872824631861,0.997524752475248,0.0728120516499283,0.18984962406015,0.237617924528302
-1.7577085,403,2584,1,204,0.134917977904252,0.997524752475248,0.0731707317073171,0.19016290726817,0.237687997640814
-1.757625,403,2583,1,205,0.13496316141996,0.997524752475248,0.0735294117647059,0.19047619047619,0.237758112094395
-1.7572639,403,2582,1,206,0.13500837520938,0.997524752475248,0.0738880918220947,0.190789473684211,0.237828267925642
-1.7572508,403,2581,1,207,0.135053619302949,0.997524752475248,0.0742467718794835,0.191102756892231,0.237898465171192
-1.7570825,403,2580,1,208,0.135098893731143,0.997524752475248,0.0746054519368723,0.191416040100251,0.23796870386773
-1.7569225,403,2579,1,209,0.13514419852448,0.997524752475248,0.0749641319942611,0.191729323308271,0.238038984051979
-1.7559482,403,2578,1,210,0.135189533713519,0.997524752475248,0.0753228120516499,0.192042606516291,0.238109305760709
-1.7530423,403,2577,1,211,0.135234899328859,0.997524752475248,0.0756814921090387,0.192355889724311,0.238179669030733
-1.7519436,403,2576,1,212,0.135280295401141,0.997524752475248,0.0760401721664275,0.192669172932331,0.238250073898906
-1.7513709,403,2575,1,213,0.135325721961048,0.997524752475248,0.0763988522238164,0.192982456140351,0.238320520402129
-1.7506806,403,2574,1,214,0.135371179039301,0.997524752475248,0.0767575322812052,0.193295739348371,0.238391008577344
-1.7491871,403,2573,1,215,0.135416666666667,0.997524752475248,0.077116212338594,0.193609022556391,0.238461538461538
-1.7484912,403,2572,1,216,0.13546218487395,0.997524752475248,0.0774748923959828,0.193922305764411,0.238532110091743
-1.748324,403,2571,1,217,0.135507733691997,0.997524752475248,0.0778335724533716,0.194235588972431,0.238602723505033
-1.747819,403,2570,1,218,0.135553313151699,0.997524752475248,0.0781922525107604,0.194548872180451,0.238673378738525
-1.747049,403,2569,1,219,0.135598923283984,0.997524752475248,0.0785509325681492,0.194862155388471,0.238744075829384
-1.7468116,403,2568,1,220,0.135644564119825,0.997524752475248,0.078909612625538,0.195175438596491,0.238814814814815
-1.7467501,403,2567,1,221,0.135690235690236,0.997524752475248,0.0792682926829268,0.195488721804511,0.238885595732069
-1.7448797,403,2566,1,222,0.135735938026271,0.997524752475248,0.0796269727403156,0.195802005012531,0.238956418618441
-1.7445519,403,2565,1,223,0.13578167115903,0.997524752475248,0.0799856527977044,0.196115288220551,0.239027283511269
-1.7433705,403,2564,1,224,0.135827435119649,0.997524752475248,0.0803443328550933,0.196428571428571,0.239098190447938
-1.743248,403,2563,1,225,0.135873229939312,0.997524752475248,0.0807030129124821,0.196741854636591,0.239169139465875
-1.7431316,403,2562,1,226,0.135919055649241,0.997524752475248,0.0810616929698709,0.197055137844612,0.239240130602553
-1.741718,403,2561,1,227,0.135964912280702,0.997524752475248,0.0814203730272597,0.197368421052632,0.239311163895487
-1.7411242,403,2560,1,228,0.136010799865002,0.997524752475248,0.0817790530846485,0.197681704260652,0.239382239382239
-1.7409554,403,2559,1,229,0.136056718433491,0.997524752475248,0.0821377331420373,0.197994987468672,0.239453357100416
-1.7391261,403,2558,1,230,0.136102668017562,0.997524752475248,0.0824964131994261,0.198308270676692,0.239524517087667
-1.7389251,403,2557,1,231,0.136148648648649,0.997524752475248,0.0828550932568149,0.198621553884712,0.239595719381688
-1.7367011,403,2556,1,232,0.136194660358229,0.997524752475248,0.0832137733142037,0.198934837092732,0.23966696402022
-1.7364734,403,2555,1,233,0.136240703177823,0.997524752475248,0.0835724533715925,0.199248120300752,0.239738251041047
-1.7364662,403,2554,1,234,0.136286777138992,0.997524752475248,0.0839311334289814,0.199561403508772,0.239809580481999
-1.7359731,403,2553,1,235,0.136332882273342,0.997524752475248,0.0842898134863702,0.199874686716792,0.239880952380952
-1.7340701,403,2552,1,236,0.136379018612521,0.997524752475248,0.084648493543759,0.200187969924812,0.239952366775826
-1.7337751,403,2551,1,237,0.136425186188219,0.997524752475248,0.0850071736011478,0.200501253132832,0.240023823704586
-1.7336539,403,2550,1,238,0.136471385032171,0.997524752475248,0.0853658536585366,0.200814536340852,0.240095323205243
-1.733604,403,2549,1,239,0.136517615176152,0.997524752475248,0.0857245337159254,0.201127819548872,0.240166865315852
-1.7328956,403,2548,1,240,0.136563876651982,0.997524752475248,0.0860832137733142,0.201441102756892,0.240238450074516
-1.7327857,403,2547,1,241,0.136610169491525,0.997524752475248,0.086441893830703,0.201754385964912,0.24031007751938
-1.7312745,403,2546,1,242,0.136656493726687,0.997524752475248,0.0868005738880918,0.202067669172932,0.240381747688637
-1.7311611,403,2545,1,243,0.136702849389417,0.997524752475248,0.0871592539454806,0.202380952380952,0.240453460620525
-1.7307335,403,2544,1,244,0.136749236511707,0.997524752475248,0.0875179340028694,0.202694235588972,0.240525216353327
-1.7305441,403,2543,1,245,0.136795655125594,0.997524752475248,0.0878766140602582,0.203007518796992,0.240597014925373
-1.7301934,403,2542,1,246,0.136842105263158,0.997524752475248,0.0882352941176471,0.203320802005013,0.240668856375037
-1.7297176,403,2541,1,247,0.136888586956522,0.997524752475248,0.0885939741750359,0.203634085213033,0.240740740740741
-1.7287171,403,2540,1,248,0.136935100237853,0.997524752475248,0.0889526542324247,0.203947368421053,0.24081266806095
-1.7280729,403,2539,1,249,0.136981645139361,0.997524752475248,0.0893113342898135,0.204260651629073,0.240884638374178
-1.727687,403,2538,1,250,0.137028221693302,0.997524752475248,0.0896700143472023,0.204573934837093,0.240956651718984
-1.7267301,403,2537,1,251,0.137074829931973,0.997524752475248,0.0900286944045911,0.204887218045113,0.241028708133971
-1.7264156,403,2536,1,252,0.137121469887717,0.997524752475248,0.0903873744619799,0.205200501253133,0.241100807657792
-1.7263792,403,2535,1,253,0.13716814159292,0.997524752475248,0.0907460545193687,0.205513784461153,0.241172950329144
-1.7259761,403,2534,1,254,0.137214845080014,0.997524752475248,0.0911047345767575,0.205827067669173,0.24124513618677
-1.7253582,403,2533,1,255,0.137261580381471,0.997524752475248,0.0914634146341463,0.206140350877193,0.241317365269461
-1.7244732,403,2532,1,256,0.137308347529813,0.997524752475248,0.0918220946915352,0.206453634085213,0.241389637616053
-1.7242873,403,2531,1,257,0.137355146557601,0.997524752475248,0.092180774748924,0.206766917293233,0.241461953265428
-1.7242535,403,2530,1,258,0.137401977497443,0.997524752475248,0.0925394548063128,0.207080200501253,0.241534312256518
-1.7226846,403,2529,1,259,0.137448840381992,0.997524752475248,0.0928981348637016,0.207393483709273,0.241606714628297
-1.7224244,403,2528,1,260,0.137495735243944,0.997524752475248,0.0932568149210904,0.207706766917293,0.24167916041979
-1.7220109,403,2527,1,261,0.137542662116041,0.997524752475248,0.0936154949784792,0.208020050125313,0.241751649670066
-1.720828,403,2526,1,262,0.137589621031069,0.997524752475248,0.093974175035868,0.208333333333333,0.241824182418242
-1.7203121,403,2525,1,263,0.137636612021858,0.997524752475248,0.0943328550932568,0.208646616541353,0.241896758703481
-1.7198834,403,2524,1,264,0.137683635121285,0.997524752475248,0.0946915351506456,0.208959899749373,0.241969378564995
-1.7194698,403,2523,1,265,0.137730690362269,0.997524752475248,0.0950502152080344,0.209273182957393,0.242042042042042
-1.7193037,403,2522,1,266,0.137777777777778,0.997524752475248,0.0954088952654232,0.209586466165414,0.242114749173926
-1.7191885,403,2521,1,267,0.137824897400821,0.997524752475248,0.095767575322812,0.209899749373434,0.2421875
-1.7186306,403,2520,1,268,0.137872049264454,0.997524752475248,0.0961262553802009,0.210213032581454,0.242260294559663
-1.7184362,403,2519,1,269,0.13791923340178,0.997524752475248,0.0964849354375897,0.210526315789474,0.242333132892363
-1.7180116,403,2518,1,270,0.137966449845943,0.997524752475248,0.0968436154949785,0.210839598997494,0.242406015037594
-1.7176573,403,2517,1,271,0.138013698630137,0.997524752475248,0.0972022955523673,0.211152882205514,0.242478941034898
-1.7162836,403,2516,1,272,0.138060979787598,0.997524752475248,0.0975609756097561,0.211466165413534,0.242551910923864
-1.7160221,403,2515,1,273,0.138108293351611,0.997524752475248,0.0979196556671449,0.211779448621554,0.24262492474413
-1.7154253,403,2514,1,274,0.138155639355502,0.997524752475248,0.0982783357245337,0.212092731829574,0.242697982535381
-1.7152429,403,2513,1,275,0.138203017832647,0.997524752475248,0.0986370157819225,0.212406015037594,0.242771084337349
-1.7150469,403,2512,1,276,0.138250428816467,0.997524752475248,0.0989956958393113,0.212719298245614,0.242844230189816
-1.7147647,403,2511,1,277,0.138297872340426,0.997524752475248,0.0993543758967001,0.213032581453634,0.24291742013261
-1.7145509,403,2510,1,278,0.138345348438036,0.997524752475248,0.099713055954089,0.213345864661654,0.242990654205607
-1.7135582,403,2509,1,279,0.138392857142857,0.997524752475248,0.100071736011478,0.213659147869674,0.243063932448733
-1.7130058,403,2508,1,280,0.138440398488492,0.997524752475248,0.100430416068867,0.213972431077694,0.243137254901961
-1.7114732,403,2507,1,281,0.138487972508591,0.997524752475248,0.100789096126255,0.214285714285714,0.243210621605311
-1.7105253,403,2506,1,282,0.138535579236851,0.997524752475248,0.101147776183644,0.214598997493734,0.243284032598853
-1.7089872,403,2505,1,283,0.138583218707015,0.997524752475248,0.101506456241033,0.214912280701754,0.243357487922705
-1.708625,403,2504,1,284,0.138630890952872,0.997524752475248,0.101865136298422,0.215225563909774,0.243430987617034
-1.7085624,403,2503,1,285,0.138678596008259,0.997524752475248,0.102223816355811,0.215538847117794,0.243504531722054
-1.7083905,403,2502,1,286,0.138726333907057,0.997524752475248,0.102582496413199,0.215852130325815,0.24357812027803
-1.7050587,403,2501,1,287,0.138774104683196,0.997524752475248,0.102941176470588,0.216165413533835,0.243651753325272
-1.7043619,403,2500,1,288,0.138821908370651,0.997524752475248,0.103299856527977,0.216478696741855,0.243725430904143
-1.7040684,403,2499,1,289,0.138869745003446,0.997524752475248,0.103658536585366,0.216791979949875,0.243799153055051
-1.7030604,403,2498,1,290,0.13891761461565,0.997524752475248,0.104017216642755,0.217105263157895,0.243872919818457
-1.7030355,403,2497,1,291,0.138965517241379,0.997524752475248,0.104375896700143,0.217418546365915,0.243946731234867
-1.7028134,403,2496,1,292,0.139013452914798,0.997524752475248,0.104734576757532,0.217731829573935,0.244020587344838
-1.7026845,403,2495,1,293,0.139061421670117,0.997524752475248,0.105093256814921,0.218045112781955,0.244094488188976
-1.7017702,403,2494,1,294,0.139109423541595,0.997524752475248,0.10545193687231,0.218358395989975,0.244168433807937
-1.6994674,403,2493,1,295,0.139157458563536,0.997524752475248,0.105810616929699,0.218671679197995,0.244242424242424
-1.6992369,403,2492,1,296,0.139205526770294,0.997524752475248,0.106169296987088,0.218984962406015,0.244316459533192
-1.6984096,403,2491,1,297,0.139253628196268,0.997524752475248,0.106527977044476,0.219298245614035,0.244390539721043
-1.6974425,403,2490,1,298,0.139301762875907,0.997524752475248,0.106886657101865,0.219611528822055,0.24446466484683
-1.6972384,403,2489,1,299,0.139349930843707,0.997524752475248,0.107245337159254,0.219924812030075,0.244538834951456
-1.6962818,403,2488,1,300,0.13939813213421,0.997524752475248,0.107604017216643,0.220238095238095,0.244613050075873
-1.6953084,403,2487,1,301,0.139446366782007,0.997524752475248,0.107962697274032,0.220551378446115,0.244687310261081
-1.6947339,403,2486,1,302,0.139494634821738,0.997524752475248,0.10832137733142,0.220864661654135,0.244761615548132
-1.6944131,403,2485,1,303,0.139542936288089,0.997524752475248,0.108680057388809,0.221177944862155,0.244835965978129
-1.6942161,403,2484,1,304,0.139591271215795,0.997524752475248,0.109038737446198,0.221491228070175,0.244910361592221
-1.6928754,403,2483,1,305,0.13963963963964,0.997524752475248,0.109397417503587,0.221804511278195,0.244984802431611
-1.6921098,403,2482,1,306,0.139688041594454,0.997524752475248,0.109756097560976,0.222117794486216,0.245059288537549
-1.6918211,403,2481,1,307,0.139736477115118,0.997524752475248,0.110114777618364,0.222431077694236,0.245133819951338
-1.6885126,403,2480,1,308,0.139784946236559,0.997524752475248,0.110473457675753,0.222744360902256,0.245208396714329
-1.6882942,403,2479,1,309,0.139833448993754,0.997524752475248,0.110832137733142,0.223057644110276,0.245283018867925
-1.687493,403,2478,1,310,0.139881985421729,0.997524752475248,0.111190817790531,0.223370927318296,0.245357686453577
-1.6851108,403,2477,1,311,0.139930555555556,0.997524752475248,0.11154949784792,0.223684210526316,0.245432399512789
-1.6848385,403,2476,1,312,0.139979159430358,0.997524752475248,0.111908177905308,0.223997493734336,0.245507158087115
-1.683994,403,2475,1,313,0.140027797081306,0.997524752475248,0.112266857962697,0.224310776942356,0.24558196221816
-1.6830696,403,2474,1,314,0.140076468543622,0.997524752475248,0.112625538020086,0.224624060150376,0.245656811947577
-1.6830361,403,2473,1,315,0.140125173852573,0.997524752475248,0.112984218077475,0.224937343358396,0.245731707317073
-1.682787,403,2472,1,316,0.140173913043478,0.997524752475248,0.113342898134864,0.225250626566416,0.245806648368405
-1.6825567,403,2471,1,317,0.140222686151705,0.997524752475248,0.113701578192253,0.225563909774436,0.24588163514338
-1.682073,403,2470,1,318,0.14027149321267,0.997524752475248,0.114060258249641,0.225877192982456,0.245956667683857
-1.6817973,403,2469,1,319,0.140320334261838,0.997524752475248,0.11441893830703,0.226190476190476,0.246031746031746
-1.6814358,403,2468,1,320,0.140369209334727,0.997524752475248,0.114777618364419,0.226503759398496,0.246106870229008
-1.6814194,403,2467,1,321,0.140418118466899,0.997524752475248,0.115136298421808,0.226817042606516,0.246182040317654
-1.6802509,403,2466,1,322,0.14046706169397,0.997524752475248,0.115494978479197,0.227130325814536,0.246257256339749
-1.679837,403,2465,1,323,0.140516039051604,0.997524752475248,0.115853658536585,0.227443609022556,0.246332518337408
-1.6797283,403,2464,1,324,0.140565050575514,0.997524752475248,0.116212338593974,0.227756892230576,0.246407826352797
-1.6785663,403,2463,1,325,0.140614096301465,0.997524752475248,0.116571018651363,0.228070175438596,0.246483180428135
-1.6776671,403,2462,1,326,0.140663176265271,0.997524752475248,0.116929698708752,0.228383458646617,0.24655858060569
-1.6767402,403,2461,1,327,0.140712290502793,0.997524752475248,0.117288378766141,0.228696741854637,0.246634026927785
-1.675955,403,2460,1,328,0.140761439049948,0.997524752475248,0.117647058823529,0.229010025062657,0.246709519436792
-1.67595,403,2459,1,329,0.140810621942697,0.997524752475248,0.118005738880918,0.229323308270677,0.246785058175138
-1.6742485,403,2458,1,330,0.140859839217057,0.997524752475248,0.118364418938307,0.229636591478697,0.246860643185299
-1.6739997,403,2457,1,331,0.140909090909091,0.997524752475248,0.118723098995696,0.229949874686717,0.246936274509804
-1.673918,403,2456,1,332,0.140958377054914,0.997524752475248,0.119081779053085,0.230263157894737,0.247011952191235
-1.6735648,403,2455,1,333,0.141007697690693,0.997524752475248,0.119440459110473,0.230576441102757,0.247087676272226
-1.6730736,403,2454,1,334,0.141057052852643,0.997524752475248,0.119799139167862,0.230889724310777,0.247163446795462
-1.6723378,403,2453,1,335,0.141106442577031,0.997524752475248,0.120157819225251,0.231203007518797,0.247239263803681
-1.6720948,403,2452,1,336,0.141155866900175,0.997524752475248,0.12051649928264,0.231516290726817,0.247315127339675
-1.6715829,403,2451,1,337,0.141205325858444,0.997524752475248,0.120875179340029,0.231829573934837,0.247391037446286
-1.6712136,403,2450,1,338,0.141254819488258,0.997524752475248,0.121233859397418,0.232142857142857,0.247466994166411
-1.6703548,403,2449,1,339,0.141304347826087,0.997524752475248,0.121592539454806,0.232456140350877,0.247542997542998
-1.6702998,403,2448,1,340,0.141353910908453,0.997524752475248,0.121951219512195,0.232769423558897,0.247619047619048
-1.6702292,403,2447,1,341,0.14140350877193,0.997524752475248,0.122309899569584,0.233082706766917,0.247695144437615
-1.6694043,403,2446,1,342,0.141453141453141,0.997524752475248,0.122668579626973,0.233395989974937,0.247771288041808
-1.6693144,403,2445,1,343,0.141502808988764,0.997524752475248,0.123027259684362,0.233709273182957,0.247847478474785
-1.669225,403,2444,1,344,0.141552511415525,0.997524752475248,0.12338593974175,0.234022556390977,0.24792371577976
-1.6689919,403,2443,1,345,0.141602248770204,0.997524752475248,0.123744619799139,0.234335839598997,0.248
-1.6688187,403,2442,1,346,0.141652021089631,0.997524752475248,0.124103299856528,0.234649122807018,0.248076331178824
-1.6684669,403,2441,1,347,0.141701828410689,0.997524752475248,0.124461979913917,0.234962406015038,0.248152709359606
-1.6684661,403,2440,1,348,0.141751670770313,0.997524752475248,0.124820659971306,0.235275689223058,0.248229134585772
-1.6681947,403,2439,1,349,0.141801548205489,0.997524752475248,0.125179340028694,0.235588972431078,0.248305606900801
-1.6673558,403,2438,1,350,0.141851460753256,0.997524752475248,0.125538020086083,0.235902255639098,0.248382126348228
-1.6670778,403,2437,1,351,0.141901408450704,0.997524752475248,0.125896700143472,0.236215538847118,0.24845869297164
-1.6660621,403,2436,1,352,0.141951391334977,0.997524752475248,0.126255380200861,0.236528822055138,0.248535306814678
-1.6658572,403,2435,1,353,0.14200140944327,0.997524752475248,0.12661406025825,0.236842105263158,0.248611967921036
-1.6656373,403,2434,1,354,0.14205146281283,0.997524752475248,0.126972740315638,0.237155388471178,0.248688676334465
-1.664983,403,2433,1,355,0.142101551480959,0.997524752475248,0.127331420373027,0.237468671679198,0.248765432098765
-1.6635752,403,2432,1,356,0.142151675485009,0.997524752475248,0.127690100430416,0.237781954887218,0.248842235257796
-1.6630895,403,2431,1,357,0.142201834862385,0.997524752475248,0.128048780487805,0.238095238095238,0.248919085855466
-1.6628159,403,2430,1,358,0.142252029650547,0.997524752475248,0.128407460545194,0.238408521303258,0.248995983935743
-1.6627849,403,2429,1,359,0.142302259887006,0.997524752475248,0.128766140602582,0.238721804511278,0.249072929542645
-1.6623898,403,2428,1,360,0.142352525609325,0.997524752475248,0.129124820659971,0.239035087719298,0.249149922720247
-1.662172,403,2427,1,361,0.142402826855124,0.997524752475248,0.12948350071736,0.239348370927318,0.249226963512678
-1.6621511,403,2426,1,362,0.142453163662071,0.997524752475248,0.129842180774749,0.239661654135338,0.24930405196412
-1.6620073,403,2425,1,363,0.142503536067893,0.997524752475248,0.130200860832138,0.239974937343358,0.249381188118812
-1.6618003,403,2424,1,364,0.142553944110364,0.997524752475248,0.130559540889527,0.240288220551378,0.249458372021046
-1.6609681,403,2423,1,365,0.142604387827318,0.997524752475248,0.130918220946915,0.240601503759398,0.24953560371517
-1.6603549,403,2422,1,366,0.142654867256637,0.997524752475248,0.131276901004304,0.240914786967419,0.249612883245587
-1.6589165,403,2421,1,367,0.142705382436261,0.997524752475248,0.131635581061693,0.241228070175439,0.249690210656753
-1.6586256,403,2420,1,368,0.14275593340418,0.997524752475248,0.131994261119082,0.241541353383459,0.249767585993182
-1.6584799,403,2419,1,369,0.142806520198441,0.997524752475248,0.132352941176471,0.241854636591479,0.249845009299442
-1.6583067,403,2418,1,370,0.142857142857143,0.997524752475248,0.132711621233859,0.242167919799499,0.249922480620155
-1.6581166,403,2417,1,371,0.14290780141844,0.997524752475248,0.133070301291248,0.242481203007519,0.25
-1.6576464,403,2416,1,372,0.142958495920539,0.997524752475248,0.133428981348637,0.242794486215539,0.250077567483711
-1.6565229,403,2415,1,373,0.143009226401703,0.997524752475248,0.133787661406026,0.243107769423559,0.250155183116077
-1.6562,403,2414,1,374,0.143059992900248,0.997524752475248,0.134146341463415,0.243421052631579,0.250232846941943
-1.6561255,403,2413,1,375,0.143110795454545,0.997524752475248,0.134505021520803,0.243734335839599,0.250310559006211
-1.6558754,403,2412,1,376,0.14316163410302,0.997524752475248,0.134863701578192,0.244047619047619,0.250388319353837
-1.6557573,403,2411,1,377,0.143212508884151,0.997524752475248,0.135222381635581,0.244360902255639,0.250466128029832
-1.6557555,403,2410,1,378,0.143263419836474,0.997524752475248,0.13558106169297,0.244674185463659,0.250543985079266
-1.65575,403,2409,1,379,0.143314366998578,0.997524752475248,0.135939741750359,0.244987468671679,0.250621890547264
-1.6553382,403,2408,1,380,0.143365350409107,0.997524752475248,0.136298421807747,0.245300751879699,0.250699844479005
-1.6550803,403,2407,1,381,0.143416370106762,0.997524752475248,0.136657101865136,0.245614035087719,0.250777846919726
-1.6545417,403,2406,1,382,0.143467426130295,0.997524752475248,0.137015781922525,0.245927318295739,0.250855897914721
-1.6544983,403,2405,1,383,0.143518518518519,0.997524752475248,0.137374461979914,0.246240601503759,0.25093399750934
-1.6533163,403,2404,1,384,0.143569647310296,0.997524752475248,0.137733142037303,0.246553884711779,0.251012145748988
-1.6531633,403,2403,1,385,0.143620812544547,0.997524752475248,0.138091822094692,0.246867167919799,0.251090342679128
-1.6525073,403,2402,1,386,0.14367201426025,0.997524752475248,0.13845050215208,0.24718045112782,0.251168588345279
-1.6523752,403,2401,1,387,0.143723252496434,0.997524752475248,0.138809182209469,0.24749373433584,0.251246882793017
-1.6522887,403,2400,1,388,0.143774527292187,0.997524752475248,0.139167862266858,0.24780701754386,0.251325226067976
-1.6520638,403,2399,1,389,0.143825838686652,0.997524752475248,0.139526542324247,0.24812030075188,0.251403618215845
-1.6515845,403,2398,1,390,0.143877186719029,0.997524752475248,0.139885222381636,0.2484335839599,0.251482059282371
-1.6501212,403,2397,1,391,0.143928571428571,0.997524752475248,0.140243902439024,0.24874686716792,0.251560549313358
-1.6498501,403,2396,1,392,0.143979992854591,0.997524752475248,0.140602582496413,0.24906015037594,0.251639088354668
-1.6497629,403,2395,1,393,0.144031451036455,0.997524752475248,0.140961262553802,0.24937343358396,0.251717676452217
-1.6493175,403,2394,1,394,0.144082946013586,0.997524752475248,0.141319942611191,0.24968671679198,0.251796313651984
-1.6492231,403,2393,1,395,0.144134477825465,0.997524752475248,0.14167862266858,0.25,0.251875
-1.6489986,403,2392,1,396,0.144186046511628,0.997524752475248,0.142037302725968,0.25031328320802,0.251953735542357
-1.6484165,403,2391,1,397,0.144237652111668,0.997524752475248,0.142395982783357,0.25062656641604,0.252032520325203
-1.6477671,403,2390,1,398,0.144289294665235,0.997524752475248,0.142754662840746,0.25093984962406,0.252111354394745
-1.6471665,403,2389,1,399,0.144340974212034,0.997524752475248,0.143113342898135,0.25125313283208,0.252190237797247
-1.6469755,403,2388,1,400,0.144392690791831,0.997524752475248,0.143472022955524,0.2515664160401,0.25226917057903
-1.6467705,403,2387,1,401,0.144444444444444,0.997524752475248,0.143830703012912,0.25187969924812,0.252348152786475
-1.6467123,403,2386,1,402,0.144496235209753,0.997524752475248,0.144189383070301,0.25219298245614,0.252427184466019
-1.6465085,403,2385,1,403,0.14454806312769,0.997524752475248,0.14454806312769,0.25250626566416,0.25250626566416
-1.6462338,403,2384,1,404,0.144599928238249,0.997524752475248,0.144906743185079,0.25281954887218,0.252585396427452
-1.6461293,403,2383,1,405,0.144651830581479,0.997524752475248,0.145265423242468,0.2531328320802,0.252664576802508
-1.6459886,403,2382,1,406,0.144703770197487,0.997524752475248,0.145624103299857,0.253446115288221,0.252743806835999
-1.6450349,403,2381,1,407,0.144755747126437,0.997524752475248,0.145982783357245,0.253759398496241,0.252823086574655
-1.6447654,403,2380,1,408,0.144807761408552,0.997524752475248,0.146341463414634,0.254072681704261,0.252902416065265
-1.6445835,403,2379,1,409,0.144859813084112,0.997524752475248,0.146700143472023,0.254385964912281,0.252981795354677
-1.6444585,403,2378,1,410,0.144911902193456,0.997524752475248,0.147058823529412,0.254699248120301,0.253061224489796
-1.6443233,403,2377,1,411,0.144964028776978,0.997524752475248,0.147417503586801,0.255012531328321,0.253140703517588
-1.6439948,403,2376,1,412,0.145016192875135,0.997524752475248,0.147776183644189,0.255325814536341,0.253220232485077
-1.6438258,403,2375,1,413,0.145068394528438,0.997524752475248,0.148134863701578,0.255639097744361,0.253299811439346
-1.6437898,403,2374,1,414,0.145120633777458,0.997524752475248,0.148493543758967,0.255952380952381,0.253379440427539
-1.6430836,403,2373,1,415,0.145172910662824,0.997524752475248,0.148852223816356,0.256265664160401,0.253459119496855
-1.6428535,403,2372,1,416,0.145225225225225,0.997524752475248,0.149210903873745,0.256578947368421,0.253538848694558
-1.6424718,403,2371,1,417,0.145277577505407,0.997524752475248,0.149569583931133,0.256892230576441,0.253618628067967
-1.6415285,403,2370,1,418,0.145329967544176,0.997524752475248,0.149928263988522,0.257205513784461,0.253698457664463
-1.6411886,403,2369,1,419,0.145382395382395,0.997524752475248,0.150286944045911,0.257518796992481,0.253778337531486
-1.6408566,403,2368,1,420,0.145434861060989,0.997524752475248,0.1506456241033,0.257832080200501,0.253858267716535
-1.6394798,403,2367,1,421,0.145487364620939,0.997524752475248,0.151004304160689,0.258145363408521,0.253938248267171
-1.6394794,403,2366,1,422,0.145539906103286,0.997524752475248,0.151362984218077,0.258458646616541,0.254018279231012
-1.6393971,403,2365,1,423,0.145592485549133,0.997524752475248,0.151721664275466,0.258771929824561,0.254098360655738
-1.6389912,403,2364,1,424,0.145645102999639,0.997524752475248,0.152080344332855,0.259085213032581,0.254178492589089
-1.6387606,403,2363,1,425,0.145697758496023,0.997524752475248,0.152439024390244,0.259398496240602,0.254258675078864
-1.6380289,403,2362,1,426,0.145750452079566,0.997524752475248,0.152797704447633,0.259711779448622,0.254338908172925
-1.6374542,403,2361,1,427,0.145803183791606,0.997524752475248,0.153156384505022,0.260025062656642,0.254419191919192
-1.6363121,403,2360,1,428,0.145855953673543,0.997524752475248,0.15351506456241,0.260338345864662,0.254499526365646
-1.6356053,403,2359,1,429,0.145908761766836,0.997524752475248,0.153873744619799,0.260651629072682,0.254579911560328
-1.6350814,403,2358,1,430,0.145961608113003,0.997524752475248,0.154232424677188,0.260964912280702,0.254660347551343
-1.6346866,403,2357,1,431,0.146014492753623,0.997524752475248,0.154591104734577,0.261278195488722,0.254740834386852
-1.6338927,403,2356,1,432,0.146067415730337,0.997524752475248,0.154949784791966,0.261591478696742,0.254821372115081
-1.6337936,403,2355,1,433,0.146120377084844,0.997524752475248,0.155308464849354,0.261904761904762,0.254901960784314
-1.6337674,403,2354,1,434,0.146173376858905,0.997524752475248,0.155667144906743,0.262218045112782,0.254982600442898
-1.6335311,403,2353,1,435,0.14622641509434,0.997524752475248,0.156025824964132,0.262531328320802,0.255063291139241
-1.6333871,403,2352,1,436,0.146279491833031,0.997524752475248,0.156384505021521,0.262844611528822,0.255144032921811
-1.6328616,403,2351,1,437,0.146332607116921,0.997524752475248,0.15674318507891,0.263157894736842,0.255224825839139
-1.6327311,403,2350,1,438,0.146385760988013,0.997524752475248,0.157101865136298,0.263471177944862,0.255305669939816
-1.6325631,403,2349,1,439,0.146438953488372,0.997524752475248,0.157460545193687,0.263784461152882,0.255386565272497
-1.6325041,403,2348,1,440,0.146492184660124,0.997524752475248,0.157819225251076,0.264097744360902,0.255467511885895
-1.6306899,403,2347,1,441,0.146545454545455,0.997524752475248,0.158177905308465,0.264411027568922,0.255548509828789
-1.6304402,403,2346,1,442,0.146598763186613,0.997524752475248,0.158536585365854,0.264724310776942,0.255629559150016
-1.6303964,403,2345,1,443,0.14665211062591,0.997524752475248,0.158895265423242,0.265037593984962,0.255710659898477
-1.6302379,403,2344,1,444,0.146705496905715,0.997524752475248,0.159253945480631,0.265350877192982,0.255791812123136
-1.630023,403,2343,1,445,0.146758922068463,0.997524752475248,0.15961262553802,0.265664160401002,0.255873015873016
-1.6297414,403,2342,1,446,0.146812386156648,0.997524752475248,0.159971305595409,0.265977443609023,0.255954271197205
-1.6297382,403,2341,1,447,0.146865889212828,0.997524752475248,0.160329985652798,0.266290726817043,0.256035578144854
-1.629612,403,2340,1,448,0.146919431279621,0.997524752475248,0.160688665710187,0.266604010025063,0.256116936765173
-1.628025,403,2339,1,449,0.146973012399708,0.997524752475248,0.161047345767575,0.266917293233083,0.256198347107438
-1.6269122,403,2338,1,450,0.147026632615834,0.997524752475248,0.161406025824964,0.267230576441103,0.256279809220986
-1.6268307,403,2337,1,451,0.147080291970803,0.997524752475248,0.161764705882353,0.267543859649123,0.256361323155216
-1.6267931,403,2336,1,452,0.147133990507484,0.997524752475248,0.162123385939742,0.267857142857143,0.256442888959593
-1.626343,403,2335,1,453,0.147187728268809,0.997524752475248,0.162482065997131,0.268170426065163,0.256524506683641
-1.6246066,403,2334,1,454,0.147241505297771,0.997524752475248,0.162840746054519,0.268483709273183,0.25660617637695
-1.6242597,403,2333,1,455,0.147295321637427,0.997524752475248,0.163199426111908,0.268796992481203,0.256687898089172
-1.6242278,403,2332,1,456,0.147349177330896,0.997524752475248,0.163558106169297,0.269110275689223,0.256769671870022
-1.623919,403,2331,1,457,0.147403072421361,0.997524752475248,0.163916786226686,0.269423558897243,0.25685149776928
-1.6239032,403,2330,1,458,0.147457006952067,0.997524752475248,0.164275466284075,0.269736842105263,0.256933375836787
-1.6235703,403,2329,1,459,0.147510980966325,0.997524752475248,0.164634146341463,0.270050125313283,0.257015306122449
-1.6233721,403,2328,1,460,0.147564994507506,0.997524752475248,0.164992826398852,0.270363408521303,0.257097288676236
-1.6226255,403,2327,1,461,0.147619047619048,0.997524752475248,0.165351506456241,0.270676691729323,0.257179323548181
-1.6223919,403,2326,1,462,0.147673140344449,0.997524752475248,0.16571018651363,0.270989974937343,0.257261410788382
-1.6223786,403,2325,1,463,0.147727272727273,0.997524752475248,0.166068866571019,0.271303258145363,0.257343550446999
-1.6220462,403,2324,1,464,0.147781444811148,0.997524752475248,0.166427546628407,0.271616541353383,0.257425742574257
-1.6219718,403,2323,1,465,0.147835656639765,0.997524752475248,0.166786226685796,0.271929824561404,0.257507987220447
-1.6216229,403,2322,1,466,0.147889908256881,0.997524752475248,0.167144906743185,0.272243107769424,0.257590284435922
-1.6204095,403,2321,1,467,0.147944199706314,0.997524752475248,0.167503586800574,0.272556390977444,0.2576726342711
-1.6203313,403,2320,1,468,0.14799853103195,0.997524752475248,0.167862266857963,0.272869674185464,0.257755036776463
-1.6200173,403,2319,1,469,0.148052902277737,0.997524752475248,0.168220946915351,0.273182957393484,0.257837492002559
-1.6197805,403,2318,1,470,0.148107313487688,0.997524752475248,0.16857962697274,0.273496240601504,0.25792
-1.61919,403,2317,1,471,0.148161764705882,0.997524752475248,0.168938307030129,0.273809523809524,0.258002560819462
-1.6190324,403,2316,1,472,0.148216255976462,0.997524752475248,0.169296987087518,0.274122807017544,0.258085174511687
-1.6185641,403,2315,1,473,0.148270787343635,0.997524752475248,0.169655667144907,0.274436090225564,0.258167841127482
-1.6184986,403,2314,1,474,0.148325358851675,0.997524752475248,0.170014347202296,0.274749373433584,0.258250560717719
-1.6181941,403,2313,1,475,0.148379970544919,0.997524752475248,0.170373027259684,0.275062656641604,0.258333333333333
-1.6181822,403,2312,1,476,0.148434622467772,0.997524752475248,0.170731707317073,0.275375939849624,0.258416159025329
-1.6180971,403,2311,1,477,0.148489314664702,0.997524752475248,0.171090387374462,0.275689223057644,0.258499037844772
-1.6176966,403,2310,1,478,0.148544047180243,0.997524752475248,0.171449067431851,0.276002506265664,0.258581969842798
-1.61767,403,2309,1,479,0.148598820058997,0.997524752475248,0.17180774748924,0.276315789473684,0.258664955070603
-1.6176169,403,2308,1,480,0.148653633345629,0.997524752475248,0.172166427546628,0.276629072681704,0.258747993579454
-1.6173825,403,2307,1,481,0.148708487084871,0.997524752475248,0.172525107604017,0.276942355889724,0.258831085420681
-1.6164387,403,2306,1,482,0.148763381321521,0.997524752475248,0.172883787661406,0.277255639097744,0.258914230645679
-1.6161824,403,2305,1,483,0.148818316100443,0.997524752475248,0.173242467718795,0.277568922305764,0.258997429305913
-1.6155126,403,2304,1,484,0.148873291466568,0.997524752475248,0.173601147776184,0.277882205513784,0.259080681452909
-1.6153246,403,2303,1,485,0.148928307464893,0.997524752475248,0.173959827833572,0.278195488721804,0.259163987138264
-1.6152761,403,2302,1,486,0.148983364140481,0.997524752475248,0.174318507890961,0.278508771929825,0.259247346413638
-1.6131965,403,2301,1,487,0.149038461538462,0.997524752475248,0.17467718794835,0.278822055137845,0.259330759330759
-1.6106215,403,2300,1,488,0.149093599704033,0.997524752475248,0.175035868005739,0.279135338345865,0.259414225941423
-1.6101704,403,2299,1,489,0.149148778682457,0.997524752475248,0.175394548063128,0.279448621553885,0.259497746297489
-1.6100013,403,2298,1,490,0.149203998519067,0.997524752475248,0.175753228120516,0.279761904761905,0.259581320450886
-1.6099087,403,2297,1,491,0.149259259259259,0.997524752475248,0.176111908177905,0.280075187969925,0.259664948453608
-1.6091219,403,2296,1,492,0.149314560948499,0.997524752475248,0.176470588235294,0.280388471177945,0.259748630357718
-1.6085895,403,2295,1,493,0.14936990363232,0.997524752475248,0.176829268292683,0.280701754385965,0.259832366215345
-1.6083972,403,2294,1,494,0.149425287356322,0.997524752475248,0.177187948350072,0.281015037593985,0.259916156078684
-1.6080903,403,2293,1,495,0.149480712166172,0.997524752475248,0.177546628407461,0.281328320802005,0.26
-1.6068866,403,2292,1,496,0.149536178107607,0.997524752475248,0.177905308464849,0.281641604010025,0.260083898031623
-1.6068771,403,2291,1,497,0.149591685226429,0.997524752475248,0.178263988522238,0.281954887218045,0.260167850225952
-1.6068356,403,2290,1,498,0.149647233568511,0.997524752475248,0.178622668579627,0.282268170426065,0.260251856635454
-1.6066843,403,2289,1,499,0.149702823179792,0.997524752475248,0.178981348637016,0.282581453634085,0.260335917312661
-1.6066756,403,2288,1,500,0.14975845410628,0.997524752475248,0.179340028694405,0.282894736842105,0.260420032310178
-1.6064494,403,2287,1,501,0.149814126394052,0.997524752475248,0.179698708751793,0.283208020050125,0.260504201680672
-1.6063582,403,2286,1,502,0.149869840089252,0.997524752475248,0.180057388809182,0.283521303258145,0.260588425476883
-1.6061339,403,2285,1,503,0.149925595238095,0.997524752475248,0.180416068866571,0.283834586466165,0.260672703751617
-1.6060761,403,2284,1,504,0.149981391886863,0.997524752475248,0.18077474892396,0.284147869674185,0.260757036557748
-1.6058807,403,2283,1,505,0.150037230081906,0.997524752475248,0.181133428981349,0.284461152882206,0.26084142394822
-1.6044064,403,2282,1,506,0.150093109869646,0.997524752475248,0.181492109038737,0.284774436090226,0.260925865976044
-1.6042686,403,2281,1,507,0.150149031296572,0.997524752475248,0.181850789096126,0.285087719298246,0.261010362694301
-1.603652,403,2280,1,508,0.150204994409243,0.997524752475248,0.182209469153515,0.285401002506266,0.261094914156139
-1.603575,403,2279,1,509,0.150260999254288,0.997524752475248,0.182568149210904,0.285714285714286,0.261179520414776
-1.60356,403,2278,1,510,0.150317045878404,0.997524752475248,0.182926829268293,0.286027568922306,0.261264181523501
-1.6028999,403,2277,1,511,0.150373134328358,0.997524752475248,0.183285509325681,0.286340852130326,0.261348897535668
-1.6026227,403,2276,1,512,0.150429264650989,0.997524752475248,0.18364418938307,0.286654135338346,0.261433668504703
-1.602272,403,2275,1,513,0.150485436893204,0.997524752475248,0.184002869440459,0.286967418546366,0.261518494484101
-1.6012908,403,2274,1,514,0.15054165110198,0.997524752475248,0.184361549497848,0.287280701754386,0.261603375527426
-1.6011682,403,2273,1,515,0.150597907324365,0.997524752475248,0.184720229555237,0.287593984962406,0.261688311688312
-1.599477,403,2272,1,516,0.150654205607477,0.997524752475248,0.185078909612626,0.287907268170426,0.261773303020461
-1.5991254,403,2271,1,517,0.150710545998504,0.997524752475248,0.185437589670014,0.288220551378446,0.261858349577648
-1.5990446,403,2270,1,518,0.150766928544706,0.997524752475248,0.185796269727403,0.288533834586466,0.261943451413715
-1.5986613,403,2269,1,519,0.150823353293413,0.997524752475248,0.186154949784792,0.288847117794486,0.262028608582575
-1.598638,403,2268,1,520,0.150879820292025,0.997524752475248,0.186513629842181,0.289160401002506,0.262113821138211
-1.5986098,403,2267,1,521,0.150936329588015,0.997524752475248,0.18687230989957,0.289473684210526,0.262199089134678
-1.598033,403,2266,1,522,0.150992881228925,0.997524752475248,0.187230989956958,0.289786967418546,0.262284412626098
-1.597929,403,2265,1,523,0.151049475262369,0.997524752475248,0.187589670014347,0.290100250626566,0.262369791666667
-1.5976375,403,2264,1,524,0.151106111736033,0.997524752475248,0.187948350071736,0.290413533834586,0.262455226310648
-1.5968429,403,2263,1,525,0.151162790697674,0.997524752475248,0.188307030129125,0.290726817042607,0.262540716612378
-1.5959604,403,2262,1,526,0.151219512195122,0.997524752475248,0.188665710186514,0.291040100250627,0.262626262626263
-1.5956244,403,2261,1,527,0.151276276276276,0.997524752475248,0.189024390243902,0.291353383458647,0.26271186440678
-1.5949347,403,2260,1,528,0.15133308298911,0.997524752475248,0.189383070301291,0.291666666666667,0.262797522008477
-1.5933573,403,2259,1,529,0.151389932381668,0.997524752475248,0.18974175035868,0.291979949874687,0.262883235485975
-1.593333,403,2258,1,530,0.151446824502067,0.997524752475248,0.190100430416069,0.292293233082707,0.262969004893964
-1.5932069,403,2257,1,531,0.151503759398496,0.997524752475248,0.190459110473458,0.292606516290727,0.263054830287206
-1.592817,403,2256,1,532,0.151560737119218,0.997524752475248,0.190817790530846,0.292919799498747,0.263140711720535
-1.5924739,403,2255,1,533,0.151617757712566,0.997524752475248,0.191176470588235,0.293233082706767,0.263226649248857
-1.5923736,403,2254,1,534,0.151674821226948,0.997524752475248,0.191535150645624,0.293546365914787,0.263312642927148
-1.5917518,403,2253,1,535,0.151731927710843,0.997524752475248,0.191893830703013,0.293859649122807,0.263398692810458
-1.5915614,403,2252,1,536,0.151789077212806,0.997524752475248,0.192252510760402,0.294172932330827,0.263484798953906
-1.5910163,403,2251,1,537,0.151846269781462,0.997524752475248,0.192611190817791,0.294486215538847,0.263570961412688
-1.5907803,403,2250,1,538,0.151903505465511,0.997524752475248,0.192969870875179,0.294799498746867,0.263657180242067
-1.5907705,403,2249,1,539,0.151960784313725,0.997524752475248,0.193328550932568,0.295112781954887,0.263743455497382
-1.5907247,403,2248,1,540,0.152018106374953,0.997524752475248,0.193687230989957,0.295426065162907,0.263829787234043
-1.5903667,403,2247,1,541,0.152075471698113,0.997524752475248,0.194045911047346,0.295739348370927,0.263916175507531
-1.5902345,403,2246,1,542,0.152132880332201,0.997524752475248,0.194404591104735,0.296052631578947,0.264002620373403
-1.5896894,403,2245,1,543,0.152190332326284,0.997524752475248,0.194763271162123,0.296365914786967,0.264089121887287
-1.5896604,403,2244,1,544,0.152247827729505,0.997524752475248,0.195121951219512,0.296679197994987,0.264175680104884
-1.589319,403,2243,1,545,0.152305366591081,0.997524752475248,0.195480631276901,0.296992481203008,0.264262295081967
-1.5891303,403,2242,1,546,0.152362948960302,0.997524752475248,0.19583931133429,0.297305764411028,0.264348966874385
-1.5890782,403,2241,1,547,0.152420574886536,0.997524752475248,0.196197991391679,0.297619047619048,0.264435695538058
-1.5888194,403,2240,1,548,0.152478244419221,0.997524752475248,0.196556671449067,0.297932330827068,0.264522481128979
-1.5880162,403,2239,1,549,0.152535957607873,0.997524752475248,0.196915351506456,0.298245614035088,0.264609323703217
-1.587903,403,2238,1,550,0.152593714502083,0.997524752475248,0.197274031563845,0.298558897243108,0.264696223316913
-1.5876915,403,2237,1,551,0.152651515151515,0.997524752475248,0.197632711621234,0.298872180451128,0.264783180026281
-1.5870506,403,2236,1,552,0.152709359605911,0.997524752475248,0.197991391678623,0.299185463659148,0.264870193887611
-1.586741,403,2235,1,553,0.152767247915087,0.997524752475248,0.198350071736011,0.299498746867168,0.264957264957265
-1.5867194,403,2234,1,554,0.152825180128934,0.997524752475248,0.1987087517934,0.299812030075188,0.26504439329168
-1.5863435,403,2233,1,555,0.15288315629742,0.997524752475248,0.199067431850789,0.300125313283208,0.265131578947368
-1.584443,403,2232,1,556,0.152941176470588,0.997524752475248,0.199426111908178,0.300438596491228,0.265218821980915
-1.584247,403,2231,1,557,0.152999240698557,0.997524752475248,0.199784791965567,0.300751879699248,0.26530612244898
-1.5839509,403,2230,1,558,0.153057349031523,0.997524752475248,0.200143472022956,0.301065162907268,0.265393480408298
-1.5833397,403,2229,1,559,0.153115501519757,0.997524752475248,0.200502152080344,0.301378446115288,0.265480895915679
-1.5828946,403,2228,1,560,0.153173698213607,0.997524752475248,0.200860832137733,0.301691729323308,0.265568369028007
-1.5828921,403,2227,1,561,0.153231939163498,0.997524752475248,0.201219512195122,0.302005012531328,0.265655899802241
-1.5827233,403,2226,1,562,0.153290224419932,0.997524752475248,0.201578192252511,0.302318295739348,0.265743488295417
-1.5826595,403,2225,1,563,0.153348554033486,0.997524752475248,0.2019368723099,0.302631578947368,0.265831134564644
-1.5823764,403,2224,1,564,0.153406928054815,0.997524752475248,0.202295552367288,0.302944862155388,0.265918838667107
-1.5823152,403,2223,1,565,0.153465346534653,0.997524752475248,0.202654232424677,0.303258145363409,0.266006600660066
-1.5819749,403,2222,1,566,0.15352380952381,0.997524752475248,0.203012912482066,0.303571428571429,0.266094420600858
-1.5819595,403,2221,1,567,0.153582317073171,0.997524752475248,0.203371592539455,0.303884711779449,0.266182298546896
-1.5812678,403,2220,1,568,0.153640869233702,0.997524752475248,0.203730272596844,0.304197994987469,0.266270234555666
-1.5810034,403,2219,1,569,0.153699466056445,0.997524752475248,0.204088952654232,0.304511278195489,0.266358228684732
-1.5809886,403,2218,1,570,0.153758107592522,0.997524752475248,0.204447632711621,0.304824561403509,0.266446280991736
-1.5800909,403,2217,1,571,0.15381679389313,0.997524752475248,0.20480631276901,0.305137844611529,0.266534391534392
-1.5790584,403,2216,1,572,0.153875525009546,0.997524752475248,0.205164992826399,0.305451127819549,0.266622560370493
-1.5790403,403,2215,1,573,0.153934300993125,0.997524752475248,0.205523672883788,0.305764411027569,0.266710787557909
-1.577775,403,2214,1,574,0.1539931218953,0.997524752475248,0.205882352941176,0.306077694235589,0.266799073154585
-1.5773631,403,2213,1,575,0.154051987767584,0.997524752475248,0.206241032998565,0.306390977443609,0.266887417218543
-1.5769951,403,2212,1,576,0.154110898661568,0.997524752475248,0.206599713055954,0.306704260651629,0.266975819807883
-1.5763223,403,2211,1,577,0.154169854628921,0.997524752475248,0.206958393113343,0.307017543859649,0.267064280980782
-1.5754724,403,2210,1,578,0.154228855721393,0.997524752475248,0.207317073170732,0.307330827067669,0.267152800795492
-1.5749838,403,2209,1,579,0.154287901990812,0.997524752475248,0.207675753228121,0.307644110275689,0.267241379310345
-1.5749774,403,2208,1,580,0.154346993489085,0.997524752475248,0.208034433285509,0.307957393483709,0.267330016583748
-1.5746331,403,2207,1,581,0.154406130268199,0.997524752475248,0.208393113342898,0.308270676691729,0.267418712674187
-1.5741308,403,2206,1,582,0.154465312380222,0.997524752475248,0.208751793400287,0.308583959899749,0.267507467640226
-1.5740304,403,2205,1,583,0.154524539877301,0.997524752475248,0.209110473457676,0.308897243107769,0.267596281540505
-1.5739853,403,2204,1,584,0.154583812811661,0.997524752475248,0.209469153515065,0.309210526315789,0.267685154433743
-1.5739253,403,2203,1,585,0.15464313123561,0.997524752475248,0.209827833572453,0.30952380952381,0.267774086378738
-1.5736496,403,2202,1,586,0.154702495201536,0.997524752475248,0.210186513629842,0.30983709273183,0.267863077434364
-1.5730367,403,2201,1,587,0.154761904761905,0.997524752475248,0.210545193687231,0.31015037593985,0.267952127659574
-1.572659,403,2200,1,588,0.154821359969266,0.997524752475248,0.21090387374462,0.31046365914787,0.268041237113402
-1.572503,403,2199,1,589,0.154880860876249,0.997524752475248,0.211262553802009,0.31077694235589,0.268130405854957
-1.5723656,403,2198,1,590,0.154940407535563,0.997524752475248,0.211621233859397,0.31109022556391,0.268219633943428
-1.5722451,403,2197,1,591,0.155,0.997524752475248,0.211979913916786,0.31140350877193,0.268308921438083
-1.5722142,403,2196,1,592,0.155059638322432,0.997524752475248,0.212338593974175,0.31171679197995,0.268398268398268
-1.5719551,403,2195,1,593,0.155119322555812,0.997524752475248,0.212697274031564,0.31203007518797,0.268487674883411
-1.5717329,403,2194,1,594,0.155179052753177,0.997524752475248,0.213055954088953,0.31234335839599,0.268577140953016
-1.5717053,403,2193,1,595,0.155238828967643,0.997524752475248,0.213414634146341,0.31265664160401,0.268666666666667
-1.571476,403,2192,1,596,0.155298651252408,0.997524752475248,0.21377331420373,0.31296992481203,0.268756252084028
-1.5714118,403,2191,1,597,0.155358519660756,0.997524752475248,0.214131994261119,0.31328320802005,0.268845897264843
-1.5706952,403,2190,1,598,0.155418434246047,0.997524752475248,0.214490674318508,0.31359649122807,0.268935602268936
-1.5702804,403,2189,1,599,0.155478395061728,0.997524752475248,0.214849354375897,0.31390977443609,0.269025367156208
-1.5696744,403,2188,1,600,0.155538402161328,0.997524752475248,0.215208034433286,0.31422305764411,0.269115191986644
-1.5685432,403,2187,1,601,0.155598455598456,0.997524752475248,0.215566714490674,0.31453634085213,0.269205076820307
-1.5682286,403,2186,1,602,0.155658555426806,0.997524752475248,0.215925394548063,0.31484962406015,0.26929502171734
-1.5679386,403,2185,1,603,0.155718701700155,0.997524752475248,0.216284074605452,0.31516290726817,0.269385026737968
-1.5673938,403,2184,1,604,0.155778894472362,0.997524752475248,0.216642754662841,0.31547619047619,0.269475091942494
-1.5672936,403,2183,1,605,0.15583913379737,0.997524752475248,0.21700143472023,0.315789473684211,0.269565217391304
-1.5672553,403,2182,1,606,0.155899419729207,0.997524752475248,0.217360114777618,0.316102756892231,0.269655403144864
-1.5665796,403,2181,1,607,0.155959752321981,0.997524752475248,0.217718794835007,0.316416040100251,0.269745649263722
-1.5662988,403,2180,1,608,0.156020131629888,0.997524752475248,0.218077474892396,0.316729323308271,0.269835955808504
-1.5657297,403,2179,1,609,0.156080557707204,0.997524752475248,0.218436154949785,0.317042606516291,0.26992632283992
-1.5649922,403,2178,1,610,0.156141030608291,0.997524752475248,0.218794835007174,0.317355889724311,0.27001675041876
-1.5649207,403,2177,1,611,0.156201550387597,0.997524752475248,0.219153515064562,0.317669172932331,0.270107238605898
-1.5648254,403,2176,1,612,0.156262117099651,0.997524752475248,0.219512195121951,0.317982456140351,0.270197787462286
-1.5645092,403,2175,1,613,0.156322730799069,0.997524752475248,0.21987087517934,0.318295739348371,0.27028839704896
-1.56395,403,2174,1,614,0.156383391540551,0.997524752475248,0.220229555236729,0.318609022556391,0.270379067427038
-1.5637381,403,2173,1,615,0.156444099378882,0.997524752475248,0.220588235294118,0.318922305764411,0.270469798657718
-1.5635086,403,2172,1,616,0.156504854368932,0.997524752475248,0.220946915351506,0.319235588972431,0.270560590802283
-1.5634825,403,2171,1,617,0.156565656565657,0.997524752475248,0.221305595408895,0.319548872180451,0.270651443922095
-1.5633305,403,2170,1,618,0.156626506024096,0.997524752475248,0.221664275466284,0.319862155388471,0.270742358078603
-1.5632888,403,2169,1,619,0.156687402799378,0.997524752475248,0.222022955523673,0.320175438596491,0.270833333333333
-1.5632715,403,2168,1,620,0.156748346946713,0.997524752475248,0.222381635581062,0.320488721804511,0.270924369747899
-1.5622842,403,2167,1,621,0.156809338521401,0.997524752475248,0.222740315638451,0.320802005012531,0.271015467383995
-1.5622823,403,2166,1,622,0.156870377578824,0.997524752475248,0.223098995695839,0.321115288220551,0.271106626303397
-1.561477,403,2165,1,623,0.156931464174455,0.997524752475248,0.223457675753228,0.321428571428571,0.271197846567968
-1.5612396,403,2164,1,624,0.156992598363849,0.997524752475248,0.223816355810617,0.321741854636591,0.27128912823965
-1.5610578,403,2163,1,625,0.15705378020265,0.997524752475248,0.224175035868006,0.322055137844612,0.271380471380471
-1.5610149,403,2162,1,626,0.157115009746589,0.997524752475248,0.224533715925395,0.322368421052632,0.271471876052543
-1.5607455,403,2161,1,627,0.157176287051482,0.997524752475248,0.224892395982783,0.322681704260652,0.271563342318059
-1.560693,403,2160,1,628,0.157237612173234,0.997524752475248,0.225251076040172,0.322994987468672,0.271654870239299
-1.560332,403,2159,1,629,0.157298985167838,0.997524752475248,0.225609756097561,0.323308270676692,0.271746459878624
-1.5603017,403,2158,1,630,0.157360406091371,0.997524752475248,0.22596843615495,0.323621553884712,0.271838111298482
-1.560293,403,2157,1,631,0.157421875,0.997524752475248,0.226327116212339,0.323934837092732,0.271929824561403
-1.5598774,403,2156,1,632,0.15748339194998,0.997524752475248,0.226685796269727,0.324248120300752,0.272021599730003
-1.5598109,403,2155,1,633,0.157544956997654,0.997524752475248,0.227044476327116,0.324561403508772,0.272113436866982
-1.5596106,403,2154,1,634,0.157606570199452,0.997524752475248,0.227403156384505,0.324874686716792,0.272205336035123
-1.5590043,403,2153,1,635,0.157668231611894,0.997524752475248,0.227761836441894,0.325187969924812,0.272297297297297
-1.5585653,403,2152,1,636,0.157729941291585,0.997524752475248,0.228120516499283,0.325501253132832,0.272389320716458
-1.558528,403,2151,1,637,0.157791699295223,0.997524752475248,0.228479196556671,0.325814536340852,0.272481406355646
-1.5584939,403,2150,1,638,0.157853505679593,0.997524752475248,0.22883787661406,0.326127819548872,0.272573554277984
-1.5584764,403,2149,1,639,0.157915360501567,0.997524752475248,0.229196556671449,0.326441102756892,0.272665764546685
-1.5584631,403,2148,1,640,0.157977263818111,0.997524752475248,0.229555236728838,0.326754385964912,0.272758037225042
-1.5583473,403,2147,1,641,0.158039215686275,0.997524752475248,0.229913916786227,0.327067669172932,0.272850372376439
-1.5575564,403,2146,1,642,0.158101216163201,0.997524752475248,0.230272596843616,0.327380952380952,0.272942770064341
-1.5567408,403,2145,1,643,0.158163265306122,0.997524752475248,0.230631276901004,0.327694235588972,0.273035230352304
-1.5562623,403,2144,1,644,0.15822536317236,0.997524752475248,0.230989956958393,0.328007518796992,0.273127753303965
-1.5562475,403,2143,1,645,0.158287509819324,0.997524752475248,0.231348637015782,0.328320802005013,0.273220338983051
-1.5560967,403,2142,1,646,0.158349705304519,0.997524752475248,0.231707317073171,0.328634085213033,0.273312987453374
-1.5550935,403,2141,1,647,0.158411949685535,0.997524752475248,0.23206599713056,0.328947368421053,0.273405698778833
-1.5547159,403,2140,1,648,0.158474243020055,0.997524752475248,0.232424677187948,0.329260651629073,0.273498473023414
-1.5545387,403,2139,1,649,0.158536585365854,0.997524752475248,0.232783357245337,0.329573934837093,0.273591310251188
-1.5543447,403,2138,1,650,0.158598976780795,0.997524752475248,0.233142037302726,0.329887218045113,0.273684210526316
-1.5541759,403,2137,1,651,0.158661417322835,0.997524752475248,0.233500717360115,0.330200501253133,0.273777173913043
-1.5533547,403,2136,1,652,0.15872390705002,0.997524752475248,0.233859397417504,0.330513784461153,0.273870200475705
-1.5533494,403,2135,1,653,0.158786446020489,0.997524752475248,0.234218077474892,0.330827067669173,0.273963290278722
-1.5529531,403,2134,1,654,0.158849034292471,0.997524752475248,0.234576757532281,0.331140350877193,0.274056443386603
-1.5527582,403,2133,1,655,0.15891167192429,0.997524752475248,0.23493543758967,0.331453634085213,0.274149659863946
-1.5519702,403,2132,1,656,0.158974358974359,0.997524752475248,0.235294117647059,0.331766917293233,0.274242939775434
-1.5516376,403,2131,1,657,0.159037095501184,0.997524752475248,0.235652797704448,0.332080200501253,0.274336283185841
-1.5515604,403,2130,1,658,0.159099881563364,0.997524752475248,0.236011477761836,0.332393483709273,0.274429690160027
-1.5514789,403,2129,1,659,0.159162717219589,0.997524752475248,0.236370157819225,0.332706766917293,0.274523160762943
-1.5507712,403,2128,1,660,0.159225602528645,0.997524752475248,0.236728837876614,0.333020050125313,0.274616695059625
-1.5507687,403,2127,1,661,0.159288537549407,0.997524752475248,0.237087517934003,0.333333333333333,0.274710293115201
-1.5504313,403,2126,1,662,0.159351522340846,0.997524752475248,0.237446197991392,0.333646616541353,0.274803954994886
-1.5501181,403,2125,1,663,0.159414556962025,0.997524752475248,0.23780487804878,0.333959899749373,0.274897680763984
-1.5501055,403,2124,1,664,0.159477641472101,0.997524752475248,0.238163558106169,0.334273182957393,0.274991470487888
-1.5499909,403,2123,1,665,0.159540775930325,0.997524752475248,0.238522238163558,0.334586466165414,0.275085324232082
-1.5495647,403,2122,1,666,0.15960396039604,0.997524752475248,0.238880918220947,0.334899749373434,0.275179242062137
-1.5494523,403,2121,1,667,0.159667194928685,0.997524752475248,0.239239598278336,0.335213032581454,0.275273224043716
-1.5493966,403,2120,1,668,0.159730479587792,0.997524752475248,0.239598278335725,0.335526315789474,0.275367270242569
-1.549067,403,2119,1,669,0.15979381443299,0.997524752475248,0.239956958393113,0.335839598997494,0.275461380724539
-1.5489178,403,2118,1,670,0.159857199523998,0.997524752475248,0.240315638450502,0.336152882205514,0.275555555555556
-1.5485024,403,2117,1,671,0.159920634920635,0.997524752475248,0.240674318507891,0.336466165413534,0.275649794801642
-1.5482504,403,2116,1,672,0.159984120682811,0.997524752475248,0.24103299856528,0.336779448621554,0.275744098528909
-1.5479511,403,2115,1,673,0.160047656870532,0.997524752475248,0.241391678622669,0.337092731829574,0.275838466803559
-1.5474246,403,2114,1,674,0.160111243543901,0.997524752475248,0.241750358680057,0.337406015037594,0.275932899691886
-1.547345,403,2113,1,675,0.160174880763116,0.997524752475248,0.242109038737446,0.337719298245614,0.276027397260274
-1.5471721,403,2112,1,676,0.160238568588469,0.997524752475248,0.242467718794835,0.338032581453634,0.276121959575197
-1.5471547,403,2111,1,677,0.16030230708035,0.997524752475248,0.242826398852224,0.338345864661654,0.276216586703221
-1.546955,403,2110,1,678,0.160366096299244,0.997524752475248,0.243185078909613,0.338659147869674,0.276311278711004
-1.5464901,403,2109,1,679,0.160429936305732,0.997524752475248,0.243543758967001,0.338972431077694,0.276406035665295
-1.5461969,403,2108,1,680,0.160493827160494,0.997524752475248,0.24390243902439,0.339285714285714,0.276500857632933
-1.5455437,403,2107,1,681,0.160557768924303,0.997524752475248,0.244261119081779,0.339598997493734,0.276595744680851
-1.5453572,403,2106,1,682,0.160621761658031,0.997524752475248,0.244619799139168,0.339912280701754,0.276690696876073
-1.5453389,403,2105,1,683,0.160685805422648,0.997524752475248,0.244978479196557,0.340225563909774,0.276785714285714
-1.5451288,403,2104,1,684,0.160749900279218,0.997524752475248,0.245337159253945,0.340538847117794,0.276880796976984
-1.5450685,403,2103,1,685,0.160814046288907,0.997524752475248,0.245695839311334,0.340852130325815,0.276975945017182
-1.5449221,403,2102,1,686,0.160878243512974,0.997524752475248,0.246054519368723,0.341165413533835,0.277071158473702
-1.5445895,403,2101,1,687,0.16094249201278,0.997524752475248,0.246413199426112,0.341478696741855,0.27716643741403
-1.5438524,403,2100,1,688,0.16100679184978,0.997524752475248,0.246771879483501,0.341791979949875,0.277261781905745
-1.5436846,403,2099,1,689,0.161071143085532,0.997524752475248,0.24713055954089,0.342105263157895,0.277357192016518
-1.5434699,403,2098,1,690,0.161135545781687,0.997524752475248,0.247489239598278,0.342418546365915,0.277452667814114
-1.5432616,403,2097,1,691,0.1612,0.997524752475248,0.247847919655667,0.342731829573935,0.277548209366391
-1.5425781,403,2096,1,692,0.161264505802321,0.997524752475248,0.248206599713056,0.343045112781955,0.277643816741302
-1.5414019,403,2095,1,693,0.1613290632506,0.997524752475248,0.248565279770445,0.343358395989975,0.277739490006892
-1.5413227,403,2094,1,694,0.161393672406888,0.997524752475248,0.248923959827834,0.343671679197995,0.2778352292313
-1.5413204,403,2093,1,695,0.161458333333333,0.997524752475248,0.249282639885222,0.343984962406015,0.277931034482759
-1.5410013,403,2092,1,696,0.161523046092184,0.997524752475248,0.249641319942611,0.344298245614035,0.278026905829596
-1.5395064,403,2091,1,697,0.16158781074579,0.997524752475248,0.25,0.344611528822055,0.278122843340235
-1.5394812,403,2090,1,698,0.161652627356598,0.997524752475248,0.250358680057389,0.344924812030075,0.278218847083189
-1.5388258,403,2089,1,699,0.161717495987159,0.997524752475248,0.250717360114778,0.345238095238095,0.278314917127072
-1.5378678,403,2088,1,700,0.16178241670012,0.997524752475248,0.251076040172166,0.345551378446115,0.278411053540587
-1.5377011,403,2087,1,701,0.161847389558233,0.997524752475248,0.251434720229555,0.345864661654135,0.278507256392536
-1.5376525,403,2086,1,702,0.161912414624347,0.997524752475248,0.251793400286944,0.346177944862155,0.278603525751815
-1.5373359,403,2085,1,703,0.161977491961415,0.997524752475248,0.252152080344333,0.346491228070175,0.278699861687414
-1.5356531,403,2084,1,704,0.162042621632489,0.997524752475248,0.252510760401722,0.346804511278196,0.278796264268419
-1.5355499,403,2083,1,705,0.162107803700724,0.997524752475248,0.25286944045911,0.347117794486216,0.278892733564014
-1.5354139,403,2082,1,706,0.162173038229376,0.997524752475248,0.253228120516499,0.347431077694236,0.278989269643475
-1.5353634,403,2081,1,707,0.162238325281804,0.997524752475248,0.253586800573888,0.347744360902256,0.279085872576177
-1.5349107,403,2080,1,708,0.162303664921466,0.997524752475248,0.253945480631277,0.348057644110276,0.27918254243159
-1.5346706,403,2079,1,709,0.162369057211926,0.997524752475248,0.254304160688666,0.348370927318296,0.279279279279279
-1.5338817,403,2078,1,710,0.162434502216848,0.997524752475248,0.254662840746054,0.348684210526316,0.279376083188908
-1.5337375,403,2077,1,711,0.1625,0.997524752475248,0.255021520803443,0.348997493734336,0.279472954230236
-1.5336814,403,2076,1,712,0.162565550625252,0.997524752475248,0.255380200860832,0.349310776942356,0.279569892473118
-1.5331906,403,2075,1,713,0.162631154156578,0.997524752475248,0.255738880918221,0.349624060150376,0.279666897987509
-1.532945,403,2074,1,714,0.162696810658054,0.997524752475248,0.25609756097561,0.349937343358396,0.279763970843457
-1.5328765,403,2073,1,715,0.162762520193861,0.997524752475248,0.256456241032999,0.350250626566416,0.279861111111111
-1.5325172,403,2072,1,716,0.162828282828283,0.997524752475248,0.256814921090387,0.350563909774436,0.279958318860716
-1.5322443,403,2071,1,717,0.162894098625707,0.997524752475248,0.257173601147776,0.350877192982456,0.280055594162613
-1.5319126,403,2070,1,718,0.162959967650627,0.997524752475248,0.257532281205165,0.351190476190476,0.280152937087244
-1.5318558,403,2069,1,719,0.163025889967638,0.997524752475248,0.257890961262554,0.351503759398496,0.280250347705146
-1.5317392,403,2068,1,720,0.163091865641441,0.997524752475248,0.258249641319943,0.351817042606516,0.280347826086957
-1.5317006,403,2067,1,721,0.163157894736842,0.997524752475248,0.258608321377331,0.352130325814536,0.28044537230341
-1.5316956,403,2066,1,722,0.163223977318753,0.997524752475248,0.25896700143472,0.352443609022556,0.280542986425339
-1.5316746,403,2065,1,723,0.163290113452188,0.997524752475248,0.259325681492109,0.352756892230576,0.280640668523677
-1.5307908,403,2064,1,724,0.16335630320227,0.997524752475248,0.259684361549498,0.353070175438596,0.280738418669453
-1.5307076,403,2063,1,725,0.163422546634225,0.997524752475248,0.260043041606887,0.353383458646617,0.280836236933798
-1.5305496,403,2062,1,726,0.163488843813387,0.997524752475248,0.260401721664275,0.353696741854637,0.28093412338794
-1.5295473,403,2061,1,727,0.163555194805195,0.997524752475248,0.260760401721664,0.354010025062657,0.281032078103208
-1.5292583,403,2060,1,728,0.163621599675193,0.997524752475248,0.261119081779053,0.354323308270677,0.281130101151029
-1.5288876,403,2059,1,729,0.163688058489033,0.997524752475248,0.261477761836442,0.354636591478697,0.281228192602931
-1.5286497,403,2058,1,730,0.163754571312475,0.997524752475248,0.261836441893831,0.354949874686717,0.281326352530541
-1.5286298,403,2057,1,731,0.163821138211382,0.997524752475248,0.26219512195122,0.355263157894737,0.281424581005587
-1.5279713,403,2056,1,732,0.163887759251728,0.997524752475248,0.262553802008608,0.355576441102757,0.281522878099895
-1.5274708,403,2055,1,733,0.163954434499593,0.997524752475248,0.262912482065997,0.355889724310777,0.281621243885395
-1.526139,403,2054,1,734,0.164021164021164,0.997524752475248,0.263271162123386,0.356203007518797,0.281719678434114
-1.5259707,403,2053,1,735,0.164087947882736,0.997524752475248,0.263629842180775,0.356516290726817,0.281818181818182
-1.5246608,403,2052,1,736,0.164154786150713,0.997524752475248,0.263988522238164,0.356829573934837,0.281916754109829
-1.524593,403,2051,1,737,0.164221678891606,0.997524752475248,0.264347202295552,0.357142857142857,0.282015395381386
-1.5242913,403,2050,1,738,0.164288626172034,0.997524752475248,0.264705882352941,0.357456140350877,0.282114105705285
-1.5240409,403,2049,1,739,0.164355628058728,0.997524752475248,0.26506456241033,0.357769423558897,0.282212885154062
-1.5230336,403,2048,1,740,0.164422684618523,0.997524752475248,0.265423242467719,0.358082706766917,0.28231173380035
-1.5227349,403,2047,1,741,0.164489795918367,0.997524752475248,0.265781922525108,0.358395989974937,0.282410651716889
-1.5224344,403,2046,1,742,0.164556962025316,0.997524752475248,0.266140602582496,0.358709273182957,0.282509638976516
-1.5223026,403,2045,1,743,0.164624183006536,0.997524752475248,0.266499282639885,0.359022556390977,0.282608695652174
-1.5222684,403,2044,1,744,0.164691458929301,0.997524752475248,0.266857962697274,0.359335839598998,0.282707821816906
-1.5222642,403,2043,1,745,0.164758789860998,0.997524752475248,0.267216642754663,0.359649122807018,0.28280701754386
-1.5216742,403,2042,1,746,0.164826175869121,0.997524752475248,0.267575322812052,0.359962406015038,0.282906282906283
-1.5214684,403,2041,1,747,0.164893617021277,0.997524752475248,0.26793400286944,0.360275689223058,0.283005617977528
-1.5210164,403,2040,1,748,0.164961113385182,0.997524752475248,0.268292682926829,0.360588972431078,0.28310502283105
-1.5207033,403,2039,1,749,0.165028665028665,0.997524752475248,0.268651362984218,0.360902255639098,0.283204497540408
-1.520512,403,2038,1,750,0.165096272019664,0.997524752475248,0.269010043041607,0.361215538847118,0.283304042179262
-1.5200355,403,2037,1,751,0.16516393442623,0.997524752475248,0.269368723098996,0.361528822055138,0.283403656821378
-1.5193608,403,2036,1,752,0.165231652316523,0.997524752475248,0.269727403156384,0.361842105263158,0.283503341540626
-1.5192922,403,2035,1,753,0.165299425758819,0.997524752475248,0.270086083213773,0.362155388471178,0.283603096410978
-1.5192053,403,2034,1,754,0.165367254821502,0.997524752475248,0.270444763271162,0.362468671679198,0.283702921506512
-1.5189544,403,2033,1,755,0.165435139573071,0.997524752475248,0.270803443328551,0.362781954887218,0.283802816901408
-1.518942,403,2032,1,756,0.165503080082136,0.997524752475248,0.27116212338594,0.363095238095238,0.283902782669954
-1.5186746,403,2031,1,757,0.16557107641742,0.997524752475248,0.271520803443329,0.363408521303258,0.28400281888654
-1.5186092,403,2030,1,758,0.16563912864776,0.997524752475248,0.271879483500717,0.363721804511278,0.284102925625661
-1.518419,403,2029,1,759,0.165707236842105,0.997524752475248,0.272238163558106,0.364035087719298,0.284203102961918
-1.5176449,403,2028,1,760,0.165775401069519,0.997524752475248,0.272596843615495,0.364348370927318,0.284303350970018
-1.5176094,403,2027,1,761,0.165843621399177,0.997524752475248,0.272955523672884,0.364661654135338,0.284403669724771
-1.5170044,403,2026,1,762,0.165911897900371,0.997524752475248,0.273314203730273,0.364974937343358,0.284504059301094
-1.5166862,403,2025,1,763,0.165980230642504,0.997524752475248,0.273672883787661,0.365288220551378,0.284604519774011
-1.5162679,403,2024,1,764,0.166048619695097,0.997524752475248,0.27403156384505,0.365601503759398,0.284705051218651
-1.5157958,403,2023,1,765,0.166117065127782,0.997524752475248,0.274390243902439,0.365914786967419,0.284805653710247
-1.513207,403,2022,1,766,0.166185567010309,0.997524752475248,0.274748923959828,0.366228070175439,0.284906327324143
-1.5129237,403,2021,1,767,0.166254125412541,0.997524752475248,0.275107604017217,0.366541353383459,0.285007072135785
-1.5118499,403,2020,1,768,0.166322740404457,0.997524752475248,0.275466284074605,0.366854636591479,0.285107888220729
-1.5117439,403,2019,1,769,0.166391412056152,0.997524752475248,0.275824964131994,0.367167919799499,0.285208775654635
-1.5115916,403,2018,1,770,0.166460140437836,0.997524752475248,0.276183644189383,0.367481203007519,0.285309734513274
-1.5110362,403,2017,1,771,0.166528925619835,0.997524752475248,0.276542324246772,0.367794486215539,0.285410764872521
-1.5102112,403,2016,1,772,0.166597767672592,0.997524752475248,0.276901004304161,0.368107769423559,0.28551186680836
-1.5101821,403,2015,1,773,0.166666666666667,0.997524752475248,0.27725968436155,0.368421052631579,0.285613040396882
-1.5096023,403,2014,1,774,0.166735622672735,0.997524752475248,0.277618364418938,0.368734335839599,0.285714285714286
-1.5095153,403,2013,1,775,0.166804635761589,0.997524752475248,0.277977044476327,0.369047619047619,0.285815602836879
-1.5094082,403,2012,1,776,0.166873706004141,0.997524752475248,0.278335724533716,0.369360902255639,0.285916991841078
-1.509058,403,2011,1,777,0.166942833471417,0.997524752475248,0.278694404591105,0.369674185463659,0.286018452803407
-1.508842,403,2010,1,778,0.167012018234563,0.997524752475248,0.279053084648494,0.369987468671679,0.286119985800497
-1.5085535,403,2009,1,779,0.167081260364842,0.997524752475248,0.279411764705882,0.370300751879699,0.286221590909091
-1.5084772,403,2008,1,780,0.167150559933638,0.997524752475248,0.279770444763271,0.370614035087719,0.286323268206039
-1.5083711,403,2007,1,781,0.167219917012448,0.997524752475248,0.28012912482066,0.370927318295739,0.286425017768301
-1.5081434,403,2006,1,782,0.167289331672893,0.997524752475248,0.280487804878049,0.371240601503759,0.286526839672947
-1.5079402,403,2005,1,783,0.167358803986711,0.997524752475248,0.280846484935438,0.371553884711779,0.286628733997155
-1.5076979,403,2004,1,784,0.167428334025758,0.997524752475248,0.281205164992826,0.3718671679198,0.286730700818214
-1.5066972,403,2003,1,785,0.167497921862012,0.997524752475248,0.281563845050215,0.37218045112782,0.286832740213523
-1.5063896,403,2002,1,786,0.167567567567568,0.997524752475248,0.281922525107604,0.37249373433584,0.286934852260591
-1.5058368,403,2001,1,787,0.167637271214642,0.997524752475248,0.282281205164993,0.37280701754386,0.287037037037037
-1.5054228,403,2000,1,788,0.167707032875572,0.997524752475248,0.282639885222382,0.37312030075188,0.287139294620591
-1.5050997,403,1999,1,789,0.167776852622814,0.997524752475248,0.28299856527977,0.3734335839599,0.287241625089095
-1.5048361,403,1998,1,790,0.167846730528946,0.997524752475248,0.283357245337159,0.37374686716792,0.287344028520499
-1.5045772,403,1997,1,791,0.167916666666667,0.997524752475248,0.283715925394548,0.37406015037594,0.287446504992867
-1.5040777,403,1996,1,792,0.167986661108795,0.997524752475248,0.284074605451937,0.37437343358396,0.287549054584374
-1.5040708,403,1995,1,793,0.168056713928274,0.997524752475248,0.284433285509326,0.37468671679198,0.287651677373305
-1.5040498,403,1994,1,794,0.168126825198164,0.997524752475248,0.284791965566714,0.375,0.287754373438058
-1.5030857,403,1993,1,795,0.168196994991653,0.997524752475248,0.285150645624103,0.37531328320802,0.287857142857143
-1.5028377,403,1992,1,796,0.168267223382046,0.997524752475248,0.285509325681492,0.37562656641604,0.287959985709182
-1.5027652,403,1991,1,797,0.168337510442774,0.997524752475248,0.285868005738881,0.37593984962406,0.288062902072909
-1.5022999,403,1990,1,798,0.168407856247388,0.997524752475248,0.28622668579627,0.37625313283208,0.288165892027172
-1.5020515,403,1989,1,799,0.168478260869565,0.997524752475248,0.286585365853659,0.3765664160401,0.28826895565093
-1.5007361,403,1988,1,800,0.168548724383103,0.997524752475248,0.286944045911047,0.37687969924812,0.288372093023256
-1.5002346,403,1987,1,801,0.168619246861925,0.997524752475248,0.287302725968436,0.37719298245614,0.288475304223336
-1.4997414,403,1986,1,802,0.168689828380075,0.997524752475248,0.287661406025825,0.37750626566416,0.288578589330469
-1.4993123,403,1985,1,803,0.168760469011725,0.997524752475248,0.288020086083214,0.37781954887218,0.288681948424069
-1.4992523,403,1984,1,804,0.168831168831169,0.997524752475248,0.288378766140603,0.3781328320802,0.288785381583662
-1.4991851,403,1983,1,805,0.168901927912825,0.997524752475248,0.288737446197991,0.378446115288221,0.288888888888889
-1.498713,403,1982,1,806,0.168972746331237,0.997524752475248,0.28909612625538,0.378759398496241,0.288992470419505
-1.4987026,403,1981,1,807,0.169043624161074,0.997524752475248,0.289454806312769,0.379072681704261,0.28909612625538
-1.4977591,403,1980,1,808,0.16911456147713,0.997524752475248,0.289813486370158,0.379385964912281,0.289199856476498
-1.4975877,403,1979,1,809,0.169185558354324,0.997524752475248,0.290172166427547,0.379699248120301,0.289303661162958
-1.4975128,403,1978,1,810,0.169256614867703,0.997524752475248,0.290530846484935,0.380012531328321,0.289407540394973
-1.4970415,403,1977,1,811,0.169327731092437,0.997524752475248,0.290889526542324,0.380325814536341,0.289511494252874
-1.4963394,403,1976,1,812,0.169398907103825,0.997524752475248,0.291248206599713,0.380639097744361,0.289615522817104
-1.4961169,403,1975,1,813,0.169470142977292,0.997524752475248,0.291606886657102,0.380952380952381,0.289719626168224
-1.4960706,403,1974,1,814,0.169541438788389,0.997524752475248,0.291965566714491,0.381265664160401,0.289823804386911
-1.4959465,403,1973,1,815,0.169612794612795,0.997524752475248,0.292324246771879,0.381578947368421,0.289928057553957
-1.4957322,403,1972,1,816,0.169684210526316,0.997524752475248,0.292682926829268,0.381892230576441,0.29003238575027
-1.4957019,403,1971,1,817,0.169755686604886,0.997524752475248,0.293041606886657,0.382205513784461,0.290136789056875
-1.4956453,403,1970,1,818,0.169827222924568,0.997524752475248,0.293400286944046,0.382518796992481,0.290241267554915
-1.495477,403,1969,1,819,0.169898819561551,0.997524752475248,0.293758967001435,0.382832080200501,0.290345821325648
-1.4952192,403,1968,1,820,0.169970476592155,0.997524752475248,0.294117647058824,0.383145363408521,0.29045045045045
-1.4951112,403,1967,1,821,0.170042194092827,0.997524752475248,0.294476327116212,0.383458646616541,0.290555155010815
-1.4948552,403,1966,1,822,0.170113972140144,0.997524752475248,0.294835007173601,0.383771929824561,0.290659935088352
-1.4948113,403,1965,1,823,0.170185810810811,0.997524752475248,0.29519368723099,0.384085213032581,0.290764790764791
-1.4947295,403,1964,1,824,0.170257710181665,0.997524752475248,0.295552367288379,0.384398496240602,0.290869722121978
-1.4947162,403,1963,1,825,0.17032967032967,0.997524752475248,0.295911047345768,0.384711779448622,0.290974729241877
-1.4945092,403,1962,1,826,0.170401691331924,0.997524752475248,0.296269727403156,0.385025062656642,0.291079812206573
-1.4940901,403,1961,1,827,0.170473773265651,0.997524752475248,0.296628407460545,0.385338345864662,0.291184971098266
-1.4933689,403,1960,1,828,0.17054591620821,0.997524752475248,0.296987087517934,0.385651629072682,0.291290205999277
-1.4923949,403,1959,1,829,0.170618120237087,0.997524752475248,0.297345767575323,0.385964912280702,0.291395516992046
-1.4919939,403,1958,1,830,0.170690385429903,0.997524752475248,0.297704447632712,0.386278195488722,0.291500904159132
-1.4916447,403,1957,1,831,0.170762711864407,0.997524752475248,0.2980631276901,0.386591478696742,0.291606367583213
-1.4910793,403,1956,1,832,0.170835099618482,0.997524752475248,0.298421807747489,0.386904761904762,0.291711907347087
-1.4910402,403,1955,1,833,0.170907548770144,0.997524752475248,0.298780487804878,0.387218045112782,0.291817523533671
-1.4906552,403,1954,1,834,0.170980059397539,0.997524752475248,0.299139167862267,0.387531328320802,0.291923216226005
-1.4902334,403,1953,1,835,0.171052631578947,0.997524752475248,0.299497847919656,0.387844611528822,0.292028985507246
-1.4899735,403,1952,1,836,0.171125265392781,0.997524752475248,0.299856527977044,0.388157894736842,0.292134831460674
-1.489834,403,1951,1,837,0.171197960917587,0.997524752475248,0.300215208034433,0.388471177944862,0.292240754169688
-1.4897478,403,1950,1,838,0.171270718232044,0.997524752475248,0.300573888091822,0.388784461152882,0.292346753717809
-1.489531,403,1949,1,839,0.171343537414966,0.997524752475248,0.300932568149211,0.389097744360902,0.292452830188679
-1.4892194,403,1948,1,840,0.1714164185453,0.997524752475248,0.3012912482066,0.389411027568922,0.292558983666062
-1.4884298,403,1947,1,841,0.171489361702128,0.997524752475248,0.301649928263989,0.389724310776942,0.292665214233842
-1.4882164,403,1946,1,842,0.171562366964666,0.997524752475248,0.302008608321377,0.390037593984962,0.292771521976026
-1.4878365,403,1945,1,843,0.171635434412266,0.997524752475248,0.302367288378766,0.390350877192982,0.292877906976744
-1.4872614,403,1944,1,844,0.171708564124414,0.997524752475248,0.302725968436155,0.390664160401002,0.292984369320247
-1.487257,403,1943,1,845,0.171781756180733,0.997524752475248,0.303084648493544,0.390977443609023,0.293090909090909
-1.4871175,403,1942,1,846,0.171855010660981,0.997524752475248,0.303443328550933,0.391290726817043,0.293197526373227
-1.4870467,403,1941,1,847,0.171928327645051,0.997524752475248,0.303802008608321,0.391604010025063,0.29330422125182
-1.4863698,403,1940,1,848,0.172001707212975,0.997524752475248,0.30416068866571,0.391917293233083,0.293410993811431
-1.4861605,403,1939,1,849,0.172075149444919,0.997524752475248,0.304519368723099,0.392230576441103,0.293517844136926
-1.4859254,403,1938,1,850,0.172148654421188,0.997524752475248,0.304878048780488,0.392543859649123,0.293624772313297
-1.4858346,403,1937,1,851,0.172222222222222,0.997524752475248,0.305236728837877,0.392857142857143,0.293731778425656
-1.485619,403,1936,1,852,0.172295852928602,0.997524752475248,0.305595408895265,0.393170426065163,0.293838862559242
-1.4852452,403,1935,1,853,0.172369546621044,0.997524752475248,0.305954088952654,0.393483709273183,0.293946024799417
-1.4847871,403,1934,1,854,0.172443303380402,0.997524752475248,0.306312769010043,0.393796992481203,0.294053265231667
-1.4834914,403,1933,1,855,0.172517123287671,0.997524752475248,0.306671449067432,0.394110275689223,0.294160583941606
-1.4832594,403,1932,1,856,0.172591006423983,0.997524752475248,0.307030129124821,0.394423558897243,0.294267981014969
-1.482475,403,1931,1,857,0.172664952870608,0.997524752475248,0.307388809182209,0.394736842105263,0.294375456537619
-1.4824727,403,1930,1,858,0.172738962708958,0.997524752475248,0.307747489239598,0.395050125313283,0.294483010595543
-1.482383,403,1929,1,859,0.172813036020583,0.997524752475248,0.308106169296987,0.395363408521303,0.294590643274854
-1.4823096,403,1928,1,860,0.172887172887173,0.997524752475248,0.308464849354376,0.395676691729323,0.294698354661792
-1.4822817,403,1927,1,861,0.172961373390558,0.997524752475248,0.308823529411765,0.395989974937343,0.294806144842721
-1.4820635,403,1926,1,862,0.173035637612709,0.997524752475248,0.309182209469154,0.396303258145363,0.294914013904135
-1.4818909,403,1925,1,863,0.173109965635739,0.997524752475248,0.309540889526542,0.396616541353383,0.29502196193265
-1.4813175,403,1924,1,864,0.173184357541899,0.997524752475248,0.309899569583931,0.396929824561404,0.295129989015013
-1.4812266,403,1923,1,865,0.173258813413586,0.997524752475248,0.31025824964132,0.397243107769424,0.295238095238095
-1.4808847,403,1922,1,866,0.173333333333333,0.997524752475248,0.310616929698709,0.397556390977444,0.295346280688897
-1.4807622,403,1921,1,867,0.173407917383821,0.997524752475248,0.310975609756098,0.397869674185464,0.295454545454545
-1.4805609,403,1920,1,868,0.173482565647869,0.997524752475248,0.311334289813486,0.398182957393484,0.295562889622296
-1.4803729,403,1919,1,869,0.173557278208441,0.997524752475248,0.311692969870875,0.398496240601504,0.29567131327953
-1.4801524,403,1918,1,870,0.173632055148643,0.997524752475248,0.312051649928264,0.398809523809524,0.295779816513761
-1.479945,403,1917,1,871,0.173706896551724,0.997524752475248,0.312410329985653,0.399122807017544,0.295888399412629
-1.4795909,403,1916,1,872,0.173781802501078,0.997524752475248,0.312769010043042,0.399436090225564,0.2959970620639
-1.4794769,403,1915,1,873,0.173856773080242,0.997524752475248,0.31312769010043,0.399749373433584,0.296105804555474
-1.4792787,403,1914,1,874,0.173931808372896,0.997524752475248,0.313486370157819,0.400062656641604,0.296214626975377
-1.4785557,403,1913,1,875,0.174006908462867,0.997524752475248,0.313845050215208,0.400375939849624,0.296323529411765
-1.478549,403,1912,1,876,0.174082073434125,0.997524752475248,0.314203730272597,0.400689223057644,0.296432511952924
-1.4785228,403,1911,1,877,0.174157303370787,0.997524752475248,0.314562410329986,0.401002506265664,0.29654157468727
-1.4778862,403,1910,1,878,0.174232598357112,0.997524752475248,0.314921090387374,0.401315789473684,0.296650717703349
-1.47774,403,1909,1,879,0.174307958477509,0.997524752475248,0.315279770444763,0.401629072681704,0.296759941089838
-1.4776411,403,1908,1,880,0.17438338381653,0.997524752475248,0.315638450502152,0.401942355889724,0.296869244935543
-1.4775562,403,1907,1,881,0.174458874458874,0.997524752475248,0.315997130559541,0.402255639097744,0.296978629329403
-1.477437,403,1906,1,882,0.174534430489389,0.997524752475248,0.31635581061693,0.402568922305764,0.297088094360487
-1.4772887,403,1905,1,883,0.174610051993068,0.997524752475248,0.316714490674319,0.402882205513784,0.297197640117994
-1.4772273,403,1904,1,884,0.17468573905505,0.997524752475248,0.317073170731707,0.403195488721804,0.297307266691258
-1.4770384,403,1903,1,885,0.174761491760624,0.997524752475248,0.317431850789096,0.403508771929825,0.297416974169742
-1.4766718,403,1902,1,886,0.174837310195228,0.997524752475248,0.317790530846485,0.403822055137845,0.297526762643042
-1.4764338,403,1901,1,887,0.174913194444444,0.997524752475248,0.318149210903874,0.404135338345865,0.297636632200886
-1.476151,403,1900,1,888,0.174989144594008,0.997524752475248,0.318507890961263,0.404448621553885,0.297746582933136
-1.4760467,403,1899,1,889,0.1750651607298,0.997524752475248,0.318866571018651,0.404761904761905,0.297856614929786
-1.4759967,403,1898,1,890,0.175141242937853,0.997524752475248,0.31922525107604,0.405075187969925,0.297966728280961
-1.4758871,403,1897,1,891,0.175217391304348,0.997524752475248,0.319583931133429,0.405388471177945,0.298076923076923
-1.4757136,403,1896,1,892,0.175293605915615,0.997524752475248,0.319942611190818,0.405701754385965,0.298187199408065
-1.4756169,403,1895,1,893,0.175369886858138,0.997524752475248,0.320301291248207,0.406015037593985,0.298297557364915
-1.4754546,403,1894,1,894,0.175446234218546,0.997524752475248,0.320659971305595,0.406328320802005,0.298407997038134
-1.4750059,403,1893,1,895,0.175522648083624,0.997524752475248,0.321018651362984,0.406641604010025,0.298518518518519
-1.4749274,403,1892,1,896,0.175599128540305,0.997524752475248,0.321377331420373,0.406954887218045,0.298629121896999
-1.4748666,403,1891,1,897,0.175675675675676,0.997524752475248,0.321736011477762,0.407268170426065,0.298739807264641
-1.4736552,403,1890,1,898,0.175752289576973,0.997524752475248,0.322094691535151,0.407581453634085,0.298850574712644
-1.4733937,403,1889,1,899,0.175828970331588,0.997524752475248,0.322453371592539,0.407894736842105,0.298961424332344
-1.4728048,403,1888,1,900,0.175905718027062,0.997524752475248,0.322812051649928,0.408208020050125,0.299072356215213
-1.4715438,403,1887,1,901,0.175982532751092,0.997524752475248,0.323170731707317,0.408521303258145,0.299183370452858
-1.4712619,403,1886,1,902,0.176059414591525,0.997524752475248,0.323529411764706,0.408834586466165,0.299294467137022
-1.4709141,403,1885,1,903,0.176136363636364,0.997524752475248,0.323888091822095,0.409147869674185,0.299405646359584
-1.470752,403,1884,1,904,0.176213379973765,0.997524752475248,0.324246771879483,0.409461152882206,0.29951690821256
-1.4703732,403,1883,1,905,0.176290463692038,0.997524752475248,0.324605451936872,0.409774436090226,0.299628252788104
-1.4701543,403,1882,1,906,0.17636761487965,0.997524752475248,0.324964131994261,0.410087719298246,0.299739680178505
-1.470084,403,1881,1,907,0.176444833625219,0.997524752475248,0.32532281205165,0.410401002506266,0.29985119047619
-1.4699502,403,1880,1,908,0.176522120017521,0.997524752475248,0.325681492109039,0.410714285714286,0.299962783773725
-1.4693811,403,1879,1,909,0.176599474145486,0.997524752475248,0.326040172166428,0.411027568922306,0.300074460163812
-1.4690586,403,1878,1,910,0.176676896098203,0.997524752475248,0.326398852223816,0.411340852130326,0.300186219739292
-1.4688352,403,1877,1,911,0.176754385964912,0.997524752475248,0.326757532281205,0.411654135338346,0.300298062593145
-1.4683774,403,1876,1,912,0.176831943835015,0.997524752475248,0.327116212338594,0.411967418546366,0.300409988818487
-1.4682953,403,1875,1,913,0.176909569798068,0.997524752475248,0.327474892395983,0.412280701754386,0.300521998508576
-1.4681288,403,1874,1,914,0.176987263943786,0.997524752475248,0.327833572453372,0.412593984962406,0.300634091756807
-1.4679618,403,1873,1,915,0.177065026362039,0.997524752475248,0.32819225251076,0.412907268170426,0.300746268656716
-1.4678075,403,1872,1,916,0.177142857142857,0.997524752475248,0.328550932568149,0.413220551378446,0.300858529301978
-1.4669309,403,1871,1,917,0.177220756376429,0.997524752475248,0.328909612625538,0.413533834586466,0.300970873786408
-1.4665859,403,1870,1,918,0.177298724153102,0.997524752475248,0.329268292682927,0.413847117794486,0.30108330220396
-1.4665413,403,1869,1,919,0.17737676056338,0.997524752475248,0.329626972740316,0.414160401002506,0.301195814648729
-1.4654045,403,1868,1,920,0.17745486569793,0.997524752475248,0.329985652797704,0.414473684210526,0.301308411214953
-1.4653373,403,1867,1,921,0.177533039647577,0.997524752475248,0.330344332855093,0.414786967418546,0.301421091997008
-1.4647987,403,1866,1,922,0.177611282503305,0.997524752475248,0.330703012912482,0.415100250626566,0.301533857089413
-1.4641943,403,1865,1,923,0.177689594356261,0.997524752475248,0.331061692969871,0.415413533834586,0.301646706586826
-1.4633309,403,1864,1,924,0.17776797529775,0.997524752475248,0.33142037302726,0.415726817042607,0.301759640584051
-1.4625615,403,1863,1,925,0.177846425419241,0.997524752475248,0.331779053084649,0.416040100250627,0.30187265917603
-1.462248,403,1862,1,926,0.177924944812362,0.997524752475248,0.332137733142037,0.416353383458647,0.301985762457849
-1.4619426,403,1861,1,927,0.178003533568905,0.997524752475248,0.332496413199426,0.416666666666667,0.302098950524738
-1.4618692,403,1860,1,928,0.178082191780822,0.997524752475248,0.332855093256815,0.416979949874687,0.302212223472066
-1.4618459,403,1859,1,929,0.17816091954023,0.997524752475248,0.333213773314204,0.417293233082707,0.302325581395349
-1.4616461,403,1858,1,930,0.178239716939407,0.997524752475248,0.333572453371593,0.417606516290727,0.302439024390244
-1.4616177,403,1857,1,931,0.178318584070796,0.997524752475248,0.333931133428981,0.417919799498747,0.302552552552553
-1.4616011,403,1856,1,932,0.178397521027003,0.997524752475248,0.33428981348637,0.418233082706767,0.30266616597822
-1.4613107,403,1855,1,933,0.178476527900797,0.997524752475248,0.334648493543759,0.418546365914787,0.302779864763336
-1.4612588,403,1854,1,934,0.178555604785113,0.997524752475248,0.335007173601148,0.418859649122807,0.302893649004134
-1.4608288,403,1853,1,935,0.17863475177305,0.997524752475248,0.335365853658537,0.419172932330827,0.303007518796993
-1.4600447,403,1852,1,936,0.178713968957871,0.997524752475248,0.335724533715925,0.419486215538847,0.303121474238435
-1.459415,403,1851,1,937,0.178793256433008,0.997524752475248,0.336083213773314,0.419799498746867,0.303235515425132
-1.4593713,403,1850,1,938,0.178872614292055,0.997524752475248,0.336441893830703,0.420112781954887,0.303349642453895
-1.4579403,403,1849,1,939,0.178952042628774,0.997524752475248,0.336800573888092,0.420426065162907,0.303463855421687
-1.4578267,403,1848,1,940,0.179031541537095,0.997524752475248,0.337159253945481,0.420739348370927,0.303578154425612
-1.4576883,403,1847,1,941,0.179111111111111,0.997524752475248,0.337517934002869,0.421052631578947,0.303692539562924
-1.4570963,403,1846,1,942,0.179190751445087,0.997524752475248,0.337876614060258,0.421365914786967,0.303807010931021
-1.456995,402,1846,2,942,0.178825622775801,0.995049504950495,0.337876614060258,0.421052631578947,0.30316742081448
-1.4569893,402,1845,2,943,0.17890520694259,0.995049504950495,0.338235294117647,0.421365914786967,0.303281780460204
-1.4568795,402,1844,2,944,0.178984861976848,0.995049504950495,0.338593974175036,0.421679197994987,0.303396226415094
-1.4565375,402,1843,2,945,0.179064587973274,0.995049504950495,0.338952654232425,0.421992481203008,0.303510758776897
-1.4556882,402,1842,2,946,0.179144385026738,0.995049504950495,0.339311334289813,0.422305764411028,0.303625377643505
-1.4556608,402,1841,2,947,0.179224253232278,0.995049504950495,0.339670014347202,0.422619047619048,0.303740083112958
-1.455591,402,1840,2,948,0.179304192685103,0.995049504950495,0.340028694404591,0.422932330827068,0.303854875283447
-1.4554751,402,1839,2,949,0.179384203480589,0.995049504950495,0.34038737446198,0.423245614035088,0.303969754253308
-1.4544713,402,1838,2,950,0.179464285714286,0.995049504950495,0.340746054519369,0.423558897243108,0.304084720121029
-1.4542817,402,1837,2,951,0.179544439481912,0.995049504950495,0.341104734576758,0.423872180451128,0.304199772985244
-1.4536409,402,1836,2,952,0.179624664879357,0.995049504950495,0.341463414634146,0.424185463659148,0.304314912944739
-1.453431,402,1835,2,953,0.179704962002682,0.995049504950495,0.341822094691535,0.424498746867168,0.304430140098448
-1.4532471,402,1834,2,954,0.179785330948122,0.995049504950495,0.342180774748924,0.424812030075188,0.304545454545455
-1.4530733,402,1833,2,955,0.179865771812081,0.995049504950495,0.342539454806313,0.425125313283208,0.304660856384994
-1.452926,402,1832,2,956,0.179946284691137,0.995049504950495,0.342898134863702,0.425438596491228,0.304776345716452
-1.4525783,402,1831,2,957,0.180026869682042,0.995049504950495,0.34325681492109,0.425751879699248,0.304891922639363
-1.4523966,402,1830,2,958,0.18010752688172,0.995049504950495,0.343615494978479,0.426065162907268,0.305007587253414
-1.4523717,402,1829,2,959,0.18018825638727,0.995049504950495,0.343974175035868,0.426378446115288,0.305123339658444
-1.4522872,402,1828,2,960,0.180269058295964,0.995049504950495,0.344332855093257,0.426691729323308,0.305239179954442
-1.4521879,402,1827,2,961,0.180349932705249,0.995049504950495,0.344691535150646,0.427005012531328,0.30535510824155
-1.4519298,402,1826,2,962,0.180430879712747,0.995049504950495,0.345050215208034,0.427318295739348,0.305471124620061
-1.4518893,402,1825,2,963,0.180511899416255,0.995049504950495,0.345408895265423,0.427631578947368,0.305587229190422
-1.4516901,402,1824,2,964,0.180592991913747,0.995049504950495,0.345767575322812,0.427944862155388,0.305703422053232
-1.4515338,402,1823,2,965,0.180674157303371,0.995049504950495,0.346126255380201,0.428258145363409,0.305819703309243
-1.4511653,402,1822,2,966,0.180755395683453,0.995049504950495,0.34648493543759,0.428571428571429,0.305936073059361
-1.4511443,402,1821,2,967,0.180836707152497,0.995049504950495,0.346843615494978,0.428884711779449,0.306052531404644
-1.4508054,402,1820,2,968,0.180918091809181,0.995049504950495,0.347202295552367,0.429197994987469,0.306169078446306
-1.4506977,402,1819,2,969,0.180999549752364,0.995049504950495,0.347560975609756,0.429511278195489,0.306285714285714
-1.4506865,402,1818,2,970,0.181081081081081,0.995049504950495,0.347919655667145,0.429824561403509,0.30640243902439
-1.4499879,402,1817,2,971,0.181162685894547,0.995049504950495,0.348278335724534,0.430137844611529,0.306519252764011
-1.4497459,402,1816,2,972,0.181244364292155,0.995049504950495,0.348637015781923,0.430451127819549,0.306636155606407
-1.4496572,402,1815,2,973,0.181326116373478,0.995049504950495,0.348995695839311,0.430764411027569,0.306753147653567
-1.4495323,402,1814,2,974,0.181407942238267,0.995049504950495,0.3493543758967,0.431077694235589,0.306870229007634
-1.4490464,402,1813,2,975,0.181489841986456,0.995049504950495,0.349713055954089,0.431390977443609,0.306987399770905
-1.4489369,402,1812,2,976,0.181571815718157,0.995049504950495,0.350071736011478,0.431704260651629,0.307104660045836
-1.4482858,402,1811,2,977,0.181653863533665,0.995049504950495,0.350430416068867,0.432017543859649,0.30722200993504
-1.4479604,402,1810,2,978,0.181735985533454,0.995049504950495,0.350789096126255,0.432330827067669,0.307339449541284
-1.4477284,402,1809,2,979,0.181818181818182,0.995049504950495,0.351147776183644,0.432644110275689,0.307456978967495
-1.4475409,402,1808,2,980,0.181900452488688,0.995049504950495,0.351506456241033,0.432957393483709,0.307574598316756
-1.4469512,402,1807,2,981,0.181982797645994,0.995049504950495,0.351865136298422,0.433270676691729,0.307692307692308
-1.4463522,402,1806,2,982,0.182065217391304,0.995049504950495,0.352223816355811,0.433583959899749,0.30781010719755
-1.4463329,402,1805,2,983,0.182147711826008,0.995049504950495,0.352582496413199,0.433897243107769,0.30792799693604
-1.4460857,402,1804,2,984,0.182230281051677,0.995049504950495,0.352941176470588,0.434210526315789,0.308045977011494
-1.4455776,402,1803,2,985,0.182312925170068,0.995049504950495,0.353299856527977,0.43452380952381,0.308164047527788
-1.4453322,402,1802,2,986,0.182395644283122,0.995049504950495,0.353658536585366,0.43483709273183,0.308282208588957
-1.4452038,402,1801,2,987,0.182478438492964,0.995049504950495,0.354017216642755,0.43515037593985,0.308400460299194
-1.4448289,402,1800,2,988,0.182561307901907,0.995049504950495,0.354375896700143,0.43546365914787,0.308518802762855
-1.444699,402,1799,2,989,0.182644252612449,0.995049504950495,0.354734576757532,0.43577694235589,0.308637236084453
-1.4440467,402,1798,2,990,0.182727272727273,0.995049504950495,0.355093256814921,0.43609022556391,0.308755760368664
-1.4437664,402,1797,2,991,0.18281036834925,0.995049504950495,0.35545193687231,0.43640350877193,0.308874375720323
-1.4437332,402,1796,2,992,0.182893539581438,0.995049504950495,0.355810616929699,0.43671679197995,0.308993082244427
-1.4434904,402,1795,2,993,0.182976786527082,0.995049504950495,0.356169296987087,0.43703007518797,0.309111880046136
-1.4432087,402,1794,2,994,0.183060109289617,0.995049504950495,0.356527977044476,0.43734335839599,0.309230769230769
-1.4422141,402,1793,2,995,0.183143507972665,0.995049504950495,0.356886657101865,0.43765664160401,0.309349749903809
-1.4421717,402,1792,2,996,0.183226982680036,0.995049504950495,0.357245337159254,0.43796992481203,0.309468822170901
-1.4419177,402,1791,2,997,0.183310533515732,0.995049504950495,0.357604017216643,0.43828320802005,0.309587986137851
-1.4410292,402,1790,2,998,0.183394160583942,0.995049504950495,0.357962697274032,0.43859649122807,0.309707241910632
-1.4407902,402,1789,2,999,0.183477863989046,0.995049504950495,0.35832137733142,0.43890977443609,0.309826589595376
-1.4407465,402,1788,2,1000,0.183561643835616,0.995049504950495,0.358680057388809,0.43922305764411,0.309946029298381
-1.440545,402,1787,2,1001,0.183645500228415,0.995049504950495,0.359038737446198,0.43953634085213,0.310065561126109
-1.4405279,402,1786,2,1002,0.183729433272395,0.995049504950495,0.359397417503587,0.43984962406015,0.310185185185185
-1.4401479,402,1785,2,1003,0.183813443072702,0.995049504950495,0.359756097560976,0.44016290726817,0.310304901582401
-1.440067,402,1784,2,1004,0.183897529734675,0.995049504950495,0.360114777618364,0.44047619047619,0.31042471042471
-1.4397886,402,1783,2,1005,0.183981693363844,0.995049504950495,0.360473457675753,0.440789473684211,0.310544611819235
-1.4395628,402,1782,2,1006,0.184065934065934,0.995049504950495,0.360832137733142,0.441102756892231,0.310664605873261
-1.4391935,402,1781,2,1007,0.184150251946862,0.995049504950495,0.361190817790531,0.441416040100251,0.31078469269424
-1.4386564,402,1780,2,1008,0.184234647112741,0.995049504950495,0.36154949784792,0.441729323308271,0.310904872389791
-1.437703,402,1779,2,1009,0.184319119669876,0.995049504950495,0.361908177905308,0.442042606516291,0.311025145067698
-1.4373274,402,1778,2,1010,0.184403669724771,0.995049504950495,0.362266857962697,0.442355889724311,0.311145510835913
-1.4372153,402,1777,2,1011,0.184488297384121,0.995049504950495,0.362625538020086,0.442669172932331,0.311265969802555
-1.4367886,402,1776,2,1012,0.184573002754821,0.995049504950495,0.362984218077475,0.442982456140351,0.31138652207591
-1.4360144,402,1775,2,1013,0.18465778594396,0.995049504950495,0.363342898134864,0.443295739348371,0.311507167764432
-1.4360054,402,1774,2,1014,0.184742647058824,0.995049504950495,0.363701578192253,0.443609022556391,0.311627906976744
-1.4355397,402,1773,2,1015,0.184827586206897,0.995049504950495,0.364060258249641,0.443922305764411,0.311748739821636
-1.4353145,402,1772,2,1016,0.18491260349586,0.995049504950495,0.36441893830703,0.444235588972431,0.311869666408068
-1.435284,402,1771,2,1017,0.184997699033594,0.995049504950495,0.364777618364419,0.444548872180451,0.311990686845169
-1.4350615,402,1770,2,1018,0.185082872928177,0.995049504950495,0.365136298421808,0.444862155388471,0.312111801242236
-1.4347534,402,1769,2,1019,0.185168125287886,0.995049504950495,0.365494978479197,0.445175438596491,0.312233009708738
-1.4344805,402,1768,2,1020,0.185253456221198,0.995049504950495,0.365853658536585,0.445488721804511,0.312354312354312
-1.4342484,402,1767,2,1021,0.185338865836791,0.995049504950495,0.366212338593974,0.445802005012531,0.312475709288768
-1.4339707,402,1766,2,1022,0.185424354243542,0.995049504950495,0.366571018651363,0.446115288220551,0.312597200622084
-1.4337878,402,1765,2,1023,0.185509921550531,0.995049504950495,0.366929698708752,0.446428571428571,0.312718786464411
-1.433615,402,1764,2,1024,0.185595567867036,0.995049504950495,0.367288378766141,0.446741854636591,0.31284046692607
-1.433475,402,1763,2,1025,0.18568129330254,0.995049504950495,0.367647058823529,0.447055137844612,0.312962242117555
-1.4333439,402,1762,2,1026,0.185767097966728,0.995049504950495,0.368005738880918,0.447368421052632,0.313084112149533
-1.433152,402,1761,2,1027,0.185852981969487,0.995049504950495,0.368364418938307,0.447681704260652,0.31320607713284
-1.4326812,402,1760,2,1028,0.185938945420907,0.995049504950495,0.368723098995696,0.447994987468672,0.313328137178488
-1.432632,402,1759,2,1029,0.186024988431282,0.995049504950495,0.369081779053085,0.448308270676692,0.313450292397661
-1.431893,402,1758,2,1030,0.186111111111111,0.995049504950495,0.369440459110473,0.448621553884712,0.313572542901716
-1.4314325,402,1757,2,1031,0.186197313571098,0.995049504950495,0.369799139167862,0.448934837092732,0.313694888802185
-1.431108,402,1756,2,1032,0.18628359592215,0.995049504950495,0.370157819225251,0.449248120300752,0.313817330210773
-1.4308816,402,1755,2,1033,0.186369958275382,0.995049504950495,0.37051649928264,0.449561403508772,0.31393986723936
-1.430879,402,1754,2,1034,0.186456400742115,0.995049504950495,0.370875179340029,0.449874686716792,0.3140625
-1.430793,402,1753,2,1035,0.186542923433875,0.995049504950495,0.371233859397417,0.450187969924812,0.314185228604924
-1.4306142,402,1752,2,1036,0.186629526462396,0.995049504950495,0.371592539454806,0.450501253132832,0.314308053166536
-1.4302351,402,1751,2,1037,0.186716209939619,0.995049504950495,0.371951219512195,0.450814536340852,0.314430973797419
-1.4301347,402,1750,2,1038,0.186802973977695,0.995049504950495,0.372309899569584,0.451127819548872,0.314553990610329
-1.4298348,402,1749,2,1039,0.186889818688982,0.995049504950495,0.372668579626973,0.451441102756892,0.3146771037182
-1.4297214,402,1748,2,1040,0.186976744186047,0.995049504950495,0.373027259684362,0.451754385964912,0.314800313234143
-1.4297202,402,1747,2,1041,0.187063750581666,0.995049504950495,0.37338593974175,0.452067669172932,0.314923619271445
-1.4286077,402,1746,2,1042,0.187150837988827,0.995049504950495,0.373744619799139,0.452380952380952,0.315047021943574
-1.42849,402,1745,2,1043,0.187238006520727,0.995049504950495,0.374103299856528,0.452694235588972,0.315170521364171
-1.4283632,402,1744,2,1044,0.187325256290774,0.995049504950495,0.374461979913917,0.453007518796992,0.315294117647059
-1.4276851,402,1743,2,1045,0.187412587412587,0.995049504950495,0.374820659971306,0.453320802005013,0.315417810906238
-1.4275962,402,1742,2,1046,0.1875,0.995049504950495,0.375179340028694,0.453634085213033,0.315541601255887
-1.4272897,402,1741,2,1047,0.187587494167056,0.995049504950495,0.375538020086083,0.453947368421053,0.315665488810365
-1.4265485,402,1740,2,1048,0.187675070028011,0.995049504950495,0.375896700143472,0.454260651629073,0.315789473684211
-1.4265482,402,1739,2,1049,0.187762727697338,0.995049504950495,0.376255380200861,0.454573934837093,0.315913555992141
-1.4261184,402,1738,2,1050,0.18785046728972,0.995049504950495,0.37661406025825,0.454887218045113,0.316037735849057
-1.4257555,402,1737,2,1051,0.187938288920056,0.995049504950495,0.376972740315638,0.455200501253133,0.316162013370035
-1.425436,402,1736,2,1052,0.188026192703461,0.995049504950495,0.377331420373027,0.455513784461153,0.316286388670338
-1.4252758,402,1735,2,1053,0.188114178755264,0.995049504950495,0.377690100430416,0.455827067669173,0.316410861865407
-1.4251738,402,1734,2,1054,0.188202247191011,0.995049504950495,0.378048780487805,0.456140350877193,0.316535433070866
-1.4240972,402,1733,2,1055,0.188290398126464,0.995049504950495,0.378407460545194,0.456453634085213,0.316660102402521
-1.4238093,402,1732,2,1056,0.188378631677601,0.995049504950495,0.378766140602583,0.456766917293233,0.316784869976359
-1.42274,402,1731,2,1057,0.188466947960619,0.995049504950495,0.379124820659971,0.457080200501253,0.316909735908553
-1.4225278,402,1730,2,1058,0.188555347091932,0.995049504950495,0.37948350071736,0.457393483709273,0.317034700315457
-1.4222764,402,1729,2,1059,0.188643829188175,0.995049504950495,0.379842180774749,0.457706766917293,0.31715976331361
-1.4221818,402,1728,2,1060,0.188732394366197,0.995049504950495,0.380200860832138,0.458020050125313,0.317284925019732
-1.421904,402,1727,2,1061,0.188821042743072,0.995049504950495,0.380559540889527,0.458333333333333,0.31741018555073
-1.4216846,402,1726,2,1062,0.18890977443609,0.995049504950495,0.380918220946915,0.458646616541353,0.317535545023697
-1.4216588,401,1726,3,1062,0.188528443817583,0.992574257425743,0.380918220946915,0.458333333333333,0.316870802054524
-1.4208326,401,1725,3,1063,0.188617121354657,0.992574257425743,0.381276901004304,0.458646616541353,0.31699604743083
-1.4206392,401,1724,3,1064,0.188705882352941,0.992574257425743,0.381635581061693,0.458959899749373,0.317121391854488
-1.4196943,401,1723,3,1065,0.18879472693032,0.992574257425743,0.381994261119082,0.459273182957393,0.317246835443038
-1.4196043,401,1722,3,1066,0.188883655204899,0.992574257425743,0.382352941176471,0.459586466165414,0.317372378314207
-1.4193888,401,1721,3,1067,0.188972667295005,0.992574257425743,0.382711621233859,0.459899749373434,0.317498020585907
-1.4192894,401,1720,3,1068,0.189061763319189,0.992574257425743,0.383070301291248,0.460213032581454,0.317623762376238
-1.418743,401,1719,3,1069,0.189150943396226,0.992574257425743,0.383428981348637,0.460526315789474,0.317749603803487
-1.418454,401,1718,3,1070,0.189240207645116,0.992574257425743,0.383787661406026,0.460839598997494,0.317875544986128
-1.4183629,401,1717,3,1071,0.18932955618508,0.992574257425743,0.384146341463415,0.461152882205514,0.318001586042823
-1.4181728,401,1716,3,1072,0.189418989135569,0.992574257425743,0.384505021520803,0.461466165413534,0.318127727092424
-1.4179695,401,1715,3,1073,0.189508506616257,0.992574257425743,0.384863701578192,0.461779448621554,0.318253968253968
-1.417958,401,1714,3,1074,0.189598108747045,0.992574257425743,0.385222381635581,0.462092731829574,0.318380309646685
-1.4178896,401,1713,3,1075,0.189687795648061,0.992574257425743,0.38558106169297,0.462406015037594,0.318506751389992
-1.4176631,401,1712,3,1076,0.189777567439659,0.992574257425743,0.385939741750359,0.462719298245614,0.318633293603496
-1.4168656,401,1711,3,1077,0.189867424242424,0.992574257425743,0.386298421807747,0.463032581453634,0.318759936406995
-1.4164284,401,1710,3,1078,0.189957366177167,0.992574257425743,0.386657101865136,0.463345864661654,0.318886679920477
-1.4162309,401,1709,3,1079,0.190047393364929,0.992574257425743,0.387015781922525,0.463659147869674,0.319013524264121
-1.4161971,401,1708,3,1080,0.19013750592698,0.992574257425743,0.387374461979914,0.463972431077694,0.319140469558297
-1.416112,401,1707,3,1081,0.19022770398482,0.992574257425743,0.387733142037303,0.464285714285714,0.319267515923567
-1.4159417,401,1706,3,1082,0.19031798766018,0.992574257425743,0.388091822094692,0.464598997493734,0.319394663480685
-1.4156457,401,1705,3,1083,0.190408357075024,0.992574257425743,0.38845050215208,0.464912280701754,0.319521912350598
-1.4154838,401,1704,3,1084,0.190498812351544,0.992574257425743,0.388809182209469,0.465225563909774,0.319649262654444
-1.4154198,401,1703,3,1085,0.190589353612167,0.992574257425743,0.389167862266858,0.465538847117794,0.319776714513557
-1.4148674,401,1702,3,1086,0.190679980979553,0.992574257425743,0.389526542324247,0.465852130325815,0.319904268049462
-1.414846,401,1701,3,1087,0.190770694576594,0.992574257425743,0.389885222381636,0.466165413533835,0.320031923383879
-1.4146643,401,1700,3,1088,0.190861494526416,0.992574257425743,0.390243902439024,0.466478696741855,0.320159680638723
-1.4135811,401,1699,3,1089,0.190952380952381,0.992574257425743,0.390602582496413,0.466791979949875,0.320287539936102
-1.412889,401,1698,3,1090,0.191043353978085,0.992574257425743,0.390961262553802,0.467105263157895,0.320415501398322
-1.4128172,401,1697,3,1091,0.191134413727359,0.992574257425743,0.391319942611191,0.467418546365915,0.320543565147882
-1.4127003,401,1696,3,1092,0.191225560324273,0.992574257425743,0.39167862266858,0.467731829573935,0.320671731307477
-1.4126648,401,1695,3,1093,0.19131679389313,0.992574257425743,0.392037302725968,0.468045112781955,0.3208
-1.4123977,401,1694,3,1094,0.191408114558473,0.992574257425743,0.392395982783357,0.468358395989975,0.320928371348539
-1.4122617,401,1693,3,1095,0.191499522445081,0.992574257425743,0.392754662840746,0.468671679197995,0.321056845476381
-1.4122065,401,1692,3,1096,0.191591017677974,0.992574257425743,0.393113342898135,0.468984962406015,0.321185422507008
-1.4118803,401,1691,3,1097,0.191682600382409,0.992574257425743,0.393472022955524,0.469298245614035,0.321314102564103
-1.4118537,401,1690,3,1098,0.191774270683883,0.992574257425743,0.393830703012913,0.469611528822055,0.321442885771543
-1.4114478,401,1689,3,1099,0.191866028708134,0.992574257425743,0.394189383070301,0.469924812030075,0.321571772253408
-1.4113684,401,1688,3,1100,0.191957874581139,0.992574257425743,0.39454806312769,0.470238095238095,0.321700762133975
-1.4110868,401,1687,3,1101,0.192049808429119,0.992574257425743,0.394906743185079,0.470551378446115,0.321829855537721
-1.4109569,401,1686,3,1102,0.192141830378534,0.992574257425743,0.395265423242468,0.470864661654135,0.321959052589322
-1.4109337,401,1685,3,1103,0.192233940556088,0.992574257425743,0.395624103299857,0.471177944862155,0.322088353413655
-1.410774,401,1684,3,1104,0.192326139088729,0.992574257425743,0.395982783357245,0.471491228070175,0.322217758135798
-1.4105039,401,1683,3,1105,0.192418426103647,0.992574257425743,0.396341463414634,0.471804511278196,0.322347266881029
-1.4103184,401,1682,3,1106,0.192510801728277,0.992574257425743,0.396700143472023,0.472117794486216,0.322476879774829
-1.4103003,401,1681,3,1107,0.192603266090298,0.992574257425743,0.397058823529412,0.472431077694236,0.32260659694288
-1.4102619,401,1680,3,1108,0.192695819317636,0.992574257425743,0.397417503586801,0.472744360902256,0.322736418511066
-1.4097977,401,1679,3,1109,0.192788461538462,0.992574257425743,0.397776183644189,0.473057644110276,0.322866344605475
-1.4096663,401,1678,3,1110,0.192881192881193,0.992574257425743,0.398134863701578,0.473370927318296,0.322996375352396
-1.4093912,401,1677,3,1111,0.192974013474495,0.992574257425743,0.398493543758967,0.473684210526316,0.323126510878324
-1.4086704,401,1676,3,1112,0.19306692344728,0.992574257425743,0.398852223816356,0.473997493734336,0.323256751309956
-1.4085763,400,1676,4,1112,0.192678227360308,0.99009900990099,0.398852223816356,0.473684210526316,0.32258064516129
-1.4081132,400,1675,4,1113,0.192771084337349,0.99009900990099,0.399210903873745,0.473997493734336,0.322710770471965
-1.4079678,400,1674,4,1114,0.192864030858245,0.99009900990099,0.399569583931133,0.474310776942356,0.322841000807102
-1.4079498,400,1673,4,1115,0.192957067052581,0.99009900990099,0.399928263988522,0.474624060150376,0.322971336293904
-1.4076352,400,1672,4,1116,0.193050193050193,0.99009900990099,0.400286944045911,0.474937343358396,0.323101777059774
-1.4073607,400,1671,4,1117,0.193143408981169,0.99009900990099,0.4006456241033,0.475250626566416,0.323232323232323
-1.4071264,400,1670,4,1118,0.193236714975845,0.99009900990099,0.401004304160689,0.475563909774436,0.323362974939369
-1.4068584,400,1669,4,1119,0.193330111164814,0.99009900990099,0.401362984218077,0.475877192982456,0.323493732308937
-1.4067705,400,1668,4,1120,0.193423597678917,0.99009900990099,0.401721664275466,0.476190476190476,0.323624595469256
-1.4067283,400,1667,4,1121,0.19351717464925,0.99009900990099,0.402080344332855,0.476503759398496,0.323755564548766
-1.4066867,400,1666,4,1122,0.193610842207164,0.99009900990099,0.402439024390244,0.476817042606516,0.323886639676113
-1.4066046,400,1665,4,1123,0.193704600484261,0.99009900990099,0.402797704447633,0.477130325814536,0.324017820980154
-1.406569,400,1664,4,1124,0.193798449612403,0.99009900990099,0.403156384505022,0.477443609022556,0.324149108589951
-1.4065306,400,1663,4,1125,0.193892389723703,0.99009900990099,0.40351506456241,0.477756892230576,0.324280502634779
-1.4063327,400,1662,4,1126,0.193986420950533,0.99009900990099,0.403873744619799,0.478070175438596,0.32441200324412
-1.4059063,400,1661,4,1127,0.194080543425522,0.99009900990099,0.404232424677188,0.478383458646617,0.324543610547667
-1.405721,400,1660,4,1128,0.194174757281553,0.99009900990099,0.404591104734577,0.478696741854637,0.324675324675325
-1.4057184,400,1659,4,1129,0.194269062651773,0.99009900990099,0.404949784791966,0.479010025062657,0.324807145757207
-1.4055934,400,1658,4,1130,0.194363459669582,0.99009900990099,0.405308464849354,0.479323308270677,0.324939073923639
-1.4054306,400,1657,4,1131,0.194457948468644,0.99009900990099,0.405667144906743,0.479636591478697,0.32507110930516
-1.4042151,400,1656,4,1132,0.194552529182879,0.99009900990099,0.406025824964132,0.479949874686717,0.32520325203252
-1.404189,400,1655,4,1133,0.194647201946472,0.99009900990099,0.406384505021521,0.480263157894737,0.325335502236682
-1.4039772,400,1654,4,1134,0.194741966893866,0.99009900990099,0.40674318507891,0.480576441102757,0.32546786004882
-1.4038811,400,1653,4,1135,0.194836824159766,0.99009900990099,0.407101865136298,0.480889724310777,0.325600325600326
-1.4036574,400,1652,4,1136,0.194931773879142,0.99009900990099,0.407460545193687,0.481203007518797,0.325732899022801
-1.4036163,400,1651,4,1137,0.195026816187226,0.99009900990099,0.407819225251076,0.481516290726817,0.325865580448065
-1.4028198,400,1650,4,1138,0.195121951219512,0.99009900990099,0.408177905308465,0.481829573934837,0.32599837000815
-1.4027724,400,1649,4,1139,0.195217179111762,0.99009900990099,0.408536585365854,0.482142857142857,0.326131267835304
-1.4026351,400,1648,4,1140,0.1953125,0.99009900990099,0.408895265423242,0.482456140350877,0.32626427406199
-1.4026005,400,1647,4,1141,0.195407914020518,0.99009900990099,0.409253945480631,0.482769423558897,0.326397388820889
-1.4025294,400,1646,4,1142,0.195503421309873,0.99009900990099,0.40961262553802,0.483082706766917,0.326530612244898
-1.4022592,400,1645,4,1143,0.19559902200489,0.99009900990099,0.409971305595409,0.483395989974937,0.326663944467129
-1.4018251,400,1644,4,1144,0.195694716242661,0.99009900990099,0.410329985652798,0.483709273182957,0.326797385620915
-1.4015646,400,1643,4,1145,0.195790504160548,0.99009900990099,0.410688665710187,0.484022556390977,0.326930935839804
-1.4011937,399,1643,5,1145,0.19539666993144,0.987623762376238,0.410688665710187,0.483709273182957,0.326246933769419
-1.4006746,399,1642,5,1146,0.195492405683488,0.987623762376238,0.411047345767575,0.484022556390977,0.32638036809816
-1.4006534,399,1641,5,1147,0.195588235294118,0.987623762376238,0.411406025824964,0.484335839598998,0.326513911620295
-1.4004438,399,1640,5,1148,0.195684158901422,0.987623762376238,0.411764705882353,0.484649122807018,0.326647564469914
-1.4002789,399,1639,5,1149,0.195780176643768,0.987623762376238,0.412123385939742,0.484962406015038,0.326781326781327
-1.3998905,399,1638,5,1150,0.195876288659794,0.987623762376238,0.412482065997131,0.485275689223058,0.326915198689062
-1.3997605,399,1637,5,1151,0.195972495088409,0.987623762376238,0.412840746054519,0.485588972431078,0.327049180327869
-1.3993683,399,1636,5,1152,0.196068796068796,0.987623762376238,0.413199426111908,0.485902255639098,0.327183271832718
-1.3990558,399,1635,5,1153,0.196165191740413,0.987623762376238,0.413558106169297,0.486215538847118,0.327317473338802
-1.3986185,399,1634,5,1154,0.196261682242991,0.987623762376238,0.413916786226686,0.486528822055138,0.327451784981535
-1.3981658,399,1633,5,1155,0.196358267716535,0.987623762376238,0.414275466284075,0.486842105263158,0.327586206896552
-1.3980682,399,1632,5,1156,0.196454948301329,0.987623762376238,0.414634146341463,0.487155388471178,0.327720739219713
-1.3979996,399,1631,5,1157,0.196551724137931,0.987623762376238,0.414992826398852,0.487468671679198,0.327855382087099
-1.3978883,399,1630,5,1158,0.196648595367176,0.987623762376238,0.415351506456241,0.487781954887218,0.327990135635018
-1.3978773,399,1629,5,1159,0.196745562130178,0.987623762376238,0.41571018651363,0.488095238095238,0.328125
-1.3977772,399,1628,5,1160,0.196842624568328,0.987623762376238,0.416068866571019,0.488408521303258,0.328259975318799
-1.3977357,399,1627,5,1161,0.196939782823297,0.987623762376238,0.416427546628407,0.488721804511278,0.328395061728395
-1.3973153,399,1626,5,1162,0.197037037037037,0.987623762376238,0.416786226685796,0.489035087719298,0.328530259365994
-1.39697,399,1625,5,1163,0.197134387351779,0.987623762376238,0.417144906743185,0.489348370927318,0.328665568369028
-1.3969355,399,1624,5,1164,0.197231833910035,0.987623762376238,0.417503586800574,0.489661654135338,0.328800988875155
-1.3968923,399,1623,5,1165,0.197329376854599,0.987623762376238,0.417862266857963,0.489974937343358,0.328936521022259
-1.3964051,399,1622,5,1166,0.19742701632855,0.987623762376238,0.418220946915351,0.490288220551378,0.329072164948454
-1.3960161,399,1621,5,1167,0.197524752475248,0.987623762376238,0.41857962697274,0.490601503759398,0.329207920792079
-1.3959477,399,1620,5,1168,0.197622585438336,0.987623762376238,0.418938307030129,0.490914786967419,0.329343788691704
-1.3959153,399,1619,5,1169,0.197720515361744,0.987623762376238,0.419296987087518,0.491228070175439,0.329479768786127
-1.3956592,399,1618,5,1170,0.197818542389688,0.987623762376238,0.419655667144907,0.491541353383459,0.329615861214374
-1.395453,399,1617,5,1171,0.197916666666667,0.987623762376238,0.420014347202296,0.491854636591479,0.329752066115702
-1.3947535,399,1616,5,1172,0.198014888337469,0.987623762376238,0.420373027259684,0.492167919799499,0.329888383629599
-1.393995,399,1615,5,1173,0.19811320754717,0.987623762376238,0.420731707317073,0.492481203007519,0.330024813895782
-1.3935038,399,1614,5,1174,0.198211624441133,0.987623762376238,0.421090387374462,0.492794486215539,0.330161357054199
-1.3933651,399,1613,5,1175,0.19831013916501,0.987623762376238,0.421449067431851,0.493107769423559,0.330298013245033
-1.393332,399,1612,5,1176,0.198408751864744,0.987623762376238,0.42180774748924,0.493421052631579,0.330434782608696
-1.3931899,399,1611,5,1177,0.198507462686567,0.987623762376238,0.422166427546628,0.493734335839599,0.330571665285833
-1.3927081,399,1610,5,1178,0.198606271777003,0.987623762376238,0.422525107604017,0.494047619047619,0.330708661417323
-1.3922874,399,1609,5,1179,0.198705179282869,0.987623762376238,0.422883787661406,0.494360902255639,0.330845771144279
-1.3915365,399,1608,5,1180,0.198804185351271,0.987623762376238,0.423242467718795,0.494674185463659,0.330982994608046
-1.3911347,399,1607,5,1181,0.198903290129611,0.987623762376238,0.423601147776184,0.494987468671679,0.331120331950207
-1.3910502,399,1606,5,1182,0.199002493765586,0.987623762376238,0.423959827833572,0.495300751879699,0.331257783312578
-1.3909863,399,1605,5,1183,0.199101796407186,0.987623762376238,0.424318507890961,0.495614035087719,0.331395348837209
-1.3902769,399,1604,5,1184,0.199201198202696,0.987623762376238,0.42467718794835,0.495927318295739,0.33153302866639
-1.3899584,399,1603,5,1185,0.199300699300699,0.987623762376238,0.425035868005739,0.496240601503759,0.331670822942643
-1.389951,399,1602,5,1186,0.199400299850075,0.987623762376238,0.425394548063128,0.496553884711779,0.331808731808732
-1.3897535,399,1601,5,1187,0.1995,0.987623762376238,0.425753228120517,0.4968671679198,0.331946755407654
-1.3896867,399,1600,5,1188,0.19959979989995,0.987623762376238,0.426111908177905,0.49718045112782,0.332084893882647
-1.3896288,399,1599,5,1189,0.1996996996997,0.987623762376238,0.426470588235294,0.49749373433584,0.332223147377186
-1.38886,399,1598,5,1190,0.199799699549324,0.987623762376238,0.426829268292683,0.49780701754386,0.332361516034985
-1.388738,399,1597,5,1191,0.199899799599198,0.987623762376238,0.427187948350072,0.49812030075188,0.3325
-1.3884298,399,1596,5,1192,0.2,0.987623762376238,0.427546628407461,0.4984335839599,0.332638599416424
-1.3882053,399,1595,5,1193,0.200100300902708,0.987623762376238,0.427905308464849,0.49874686716792,0.332777314428691
-1.3878438,399,1594,5,1194,0.200200702458605,0.987623762376238,0.428263988522238,0.49906015037594,0.332916145181477
-1.3877537,399,1593,5,1195,0.200301204819277,0.987623762376238,0.428622668579627,0.49937343358396,0.333055091819699
-1.3877516,399,1592,5,1196,0.200401808136615,0.987623762376238,0.428981348637016,0.49968671679198,0.333194154488518
-1.3873932,399,1591,5,1197,0.200502512562814,0.987623762376238,0.429340028694405,0.5,0.333333333333333
-1.3871361,399,1590,5,1198,0.200603318250377,0.987623762376238,0.429698708751793,0.50031328320802,0.333472628499791
-1.386878,399,1589,5,1199,0.200704225352113,0.987623762376238,0.430057388809182,0.50062656641604,0.333612040133779
-1.3868032,399,1588,5,1200,0.200805234021137,0.987623762376238,0.430416068866571,0.50093984962406,0.33375156838143
-1.3860929,399,1587,5,1201,0.200906344410876,0.987623762376238,0.43077474892396,0.50125313283208,0.333891213389121
-1.3859656,399,1586,5,1202,0.201007556675063,0.987623762376238,0.431133428981349,0.5015664160401,0.334030975303474
-1.3840976,399,1585,5,1203,0.201108870967742,0.987623762376238,0.431492109038737,0.50187969924812,0.334170854271357
-1.3837475,399,1584,5,1204,0.201210287443268,0.987623762376238,0.431850789096126,0.50219298245614,0.334310850439883
-1.3836923,399,1583,5,1205,0.201311806256307,0.987623762376238,0.432209469153515,0.50250626566416,0.334450963956412
-1.3832965,399,1582,5,1206,0.201413427561837,0.987623762376238,0.432568149210904,0.50281954887218,0.334591194968553
-1.3832809,399,1581,5,1207,0.201515151515152,0.987623762376238,0.432926829268293,0.503132832080201,0.334731543624161
-1.3830898,399,1580,5,1208,0.201616978271854,0.987623762376238,0.433285509325681,0.503446115288221,0.334872010071339
-1.3828297,399,1579,5,1209,0.201718907987867,0.987623762376238,0.43364418938307,0.503759398496241,0.335012594458438
-1.3826522,399,1578,5,1210,0.201820940819423,0.987623762376238,0.434002869440459,0.504072681704261,0.335153296934061
-1.3824971,399,1577,5,1211,0.201923076923077,0.987623762376238,0.434361549497848,0.504385964912281,0.335294117647059
-1.3823719,399,1576,5,1212,0.202025316455696,0.987623762376238,0.434720229555237,0.504699248120301,0.335435056746532
-1.3822639,399,1575,5,1213,0.202127659574468,0.987623762376238,0.435078909612626,0.505012531328321,0.335576114381833
-1.3821414,399,1574,5,1214,0.202230106436898,0.987623762376238,0.435437589670014,0.505325814536341,0.335717290702566
-1.3816229,399,1573,5,1215,0.202332657200811,0.987623762376238,0.435796269727403,0.505639097744361,0.335858585858586
-1.381288,399,1572,5,1216,0.202435312024353,0.987623762376238,0.436154949784792,0.505952380952381,0.336
-1.3812099,399,1571,5,1217,0.20253807106599,0.987623762376238,0.436513629842181,0.506265664160401,0.336141533277169
-1.3811882,399,1570,5,1218,0.20264093448451,0.987623762376238,0.43687230989957,0.506578947368421,0.336283185840708
-1.3811458,399,1569,5,1219,0.202743902439024,0.987623762376238,0.437230989956958,0.506892230576441,0.336424957841484
-1.3805919,399,1568,5,1220,0.202846975088968,0.987623762376238,0.437589670014347,0.507205513784461,0.33656684943062
-1.3805751,399,1567,5,1221,0.2029501525941,0.987623762376238,0.437948350071736,0.507518796992481,0.336708860759494
-1.3804585,398,1567,6,1221,0.202544529262087,0.985148514851485,0.437948350071736,0.507205513784461,0.336006753904601
-1.3800541,398,1566,6,1222,0.202647657841141,0.985148514851485,0.438307030129125,0.507518796992481,0.336148648648649
-1.3799014,398,1565,6,1223,0.202750891492613,0.985148514851485,0.438665710186514,0.507832080200501,0.336290663286861
-1.3798797,398,1564,6,1224,0.202854230377166,0.985148514851485,0.439024390243902,0.508145363408521,0.33643279797126
-1.3793991,398,1563,6,1225,0.202957674655788,0.985148514851485,0.439383070301291,0.508458646616541,0.336575052854123
-1.3793037,398,1562,6,1226,0.203061224489796,0.985148514851485,0.43974175035868,0.508771929824561,0.336717428087986
-1.3792378,398,1561,6,1227,0.203164880040837,0.985148514851485,0.440100430416069,0.509085213032581,0.336859923825645
-1.3791327,398,1560,6,1228,0.203268641470889,0.985148514851485,0.440459110473458,0.509398496240602,0.337002540220152
-1.379084,398,1559,6,1229,0.203372508942259,0.985148514851485,0.440817790530846,0.509711779448622,0.33714527742482
-1.3788239,398,1558,6,1230,0.203476482617587,0.985148514851485,0.441176470588235,0.510025062656642,0.33728813559322
-1.3786871,398,1557,6,1231,0.203580562659847,0.985148514851485,0.441535150645624,0.510338345864662,0.337431114879186
-1.3781213,398,1556,6,1232,0.203684749232344,0.985148514851485,0.441893830703013,0.510651629072682,0.337574215436811
-1.3777338,398,1555,6,1233,0.20378904249872,0.985148514851485,0.442252510760402,0.510964912280702,0.33771743742045
-1.3775992,398,1554,6,1234,0.203893442622951,0.985148514851485,0.442611190817791,0.511278195488722,0.33786078098472
-1.3775004,398,1553,6,1235,0.203997949769349,0.985148514851485,0.442969870875179,0.511591478696742,0.338004246284501
-1.3773713,398,1552,6,1236,0.204102564102564,0.985148514851485,0.443328550932568,0.511904761904762,0.338147833474936
-1.3773139,398,1551,6,1237,0.204207285787583,0.985148514851485,0.443687230989957,0.512218045112782,0.338291542711432
-1.3771396,398,1550,6,1238,0.204312114989733,0.985148514851485,0.444045911047346,0.512531328320802,0.33843537414966
-1.3769546,398,1549,6,1239,0.204417051874679,0.985148514851485,0.444404591104735,0.512844611528822,0.338579327945555
-1.3768411,398,1548,6,1240,0.204522096608428,0.985148514851485,0.444763271162123,0.513157894736842,0.338723404255319
-1.3761654,398,1547,6,1241,0.204627249357326,0.985148514851485,0.445121951219512,0.513471177944862,0.338867603235419
-1.3758388,398,1546,6,1242,0.204732510288066,0.985148514851485,0.445480631276901,0.513784461152882,0.339011925042589
-1.3745041,398,1545,6,1243,0.204837879567679,0.985148514851485,0.44583931133429,0.514097744360902,0.33915636983383
-1.3741531,398,1544,6,1244,0.204943357363543,0.985148514851485,0.446197991391679,0.514411027568922,0.339300937766411
-1.3741163,398,1543,6,1245,0.20504894384338,0.985148514851485,0.446556671449067,0.514724310776942,0.339445628997868
-1.3731685,398,1542,6,1246,0.205154639175258,0.985148514851485,0.446915351506456,0.515037593984962,0.339590443686007
-1.3730085,398,1541,6,1247,0.205260443527592,0.985148514851485,0.447274031563845,0.515350877192982,0.339735381988903
-1.372942,398,1540,6,1248,0.205366357069143,0.985148514851485,0.447632711621234,0.515664160401002,0.339880444064902
-1.3724582,398,1539,6,1249,0.205472379969024,0.985148514851485,0.447991391678623,0.515977443609023,0.340025630072619
-1.3721111,398,1538,6,1250,0.205578512396694,0.985148514851485,0.448350071736011,0.516290726817043,0.34017094017094
-1.3716617,398,1537,6,1251,0.205684754521964,0.985148514851485,0.4487087517934,0.516604010025063,0.340316374519025
-1.3715855,398,1536,6,1252,0.205791106514995,0.985148514851485,0.449067431850789,0.516917293233083,0.340461933276305
-1.3715373,398,1535,6,1253,0.205897568546301,0.985148514851485,0.449426111908178,0.517230576441103,0.340607616602482
-1.3712054,398,1534,6,1254,0.206004140786749,0.985148514851485,0.449784791965567,0.517543859649123,0.340753424657534
-1.3709304,398,1533,6,1255,0.206110823407561,0.985148514851485,0.450143472022956,0.517857142857143,0.340899357601713
-1.3708758,398,1532,6,1256,0.206217616580311,0.985148514851485,0.450502152080344,0.518170426065163,0.341045415595544
-1.3707929,398,1531,6,1257,0.206324520476931,0.985148514851485,0.450860832137733,0.518483709273183,0.341191598799829
-1.3705151,398,1530,6,1258,0.20643153526971,0.985148514851485,0.451219512195122,0.518796992481203,0.341337907375643
-1.3704013,398,1529,6,1259,0.206538661131292,0.985148514851485,0.451578192252511,0.519110275689223,0.341484341484342
-1.3703994,398,1528,6,1260,0.206645898234683,0.985148514851485,0.4519368723099,0.519423558897243,0.341630901287554
-1.3703308,398,1527,6,1261,0.206753246753247,0.985148514851485,0.452295552367288,0.519736842105263,0.341777586947188
-1.3701999,398,1526,6,1262,0.206860706860707,0.985148514851485,0.452654232424677,0.520050125313283,0.34192439862543
-1.3696337,398,1525,6,1263,0.206968278731149,0.985148514851485,0.453012912482066,0.520363408521303,0.342071336484744
-1.3693664,398,1524,6,1264,0.207075962539022,0.985148514851485,0.453371592539455,0.520676691729323,0.342218400687876
-1.3693402,398,1523,6,1265,0.207183758459136,0.985148514851485,0.453730272596844,0.520989974937343,0.342365591397849
-1.3693161,398,1522,6,1266,0.207291666666667,0.985148514851485,0.454088952654232,0.521303258145363,0.342512908777969
-1.3689162,398,1521,6,1267,0.207399687337155,0.985148514851485,0.454447632711621,0.521616541353383,0.342660352991821
-1.3688788,398,1520,6,1268,0.207507820646507,0.985148514851485,0.45480631276901,0.521929824561403,0.342807924203273
-1.3686124,398,1519,6,1269,0.207616066770996,0.985148514851485,0.455164992826399,0.522243107769424,0.342955622576476
-1.3685651,398,1518,6,1270,0.207724425887265,0.985148514851485,0.455523672883788,0.522556390977444,0.343103448275862
-1.3685261,398,1517,6,1271,0.207832898172324,0.985148514851485,0.455882352941176,0.522869674185464,0.343251401466149
-1.3679295,398,1516,6,1272,0.207941483803553,0.985148514851485,0.456241032998565,0.523182957393484,0.343399482312338
-1.3662009,398,1515,6,1273,0.208050182958704,0.985148514851485,0.456599713055954,0.523496240601504,0.343547690979715
-1.3661886,398,1514,6,1274,0.2081589958159,0.985148514851485,0.456958393113343,0.523809523809524,0.343696027633851
-1.3656783,398,1513,6,1275,0.208267922553637,0.985148514851485,0.457317073170732,0.524122807017544,0.343844492440605
-1.3648843,398,1512,6,1276,0.208376963350785,0.985148514851485,0.457675753228121,0.524436090225564,0.343993085566119
-1.3647511,398,1511,6,1277,0.20848611838659,0.985148514851485,0.458034433285509,0.524749373433584,0.344141807176827
-1.364405,398,1510,6,1278,0.208595387840671,0.985148514851485,0.458393113342898,0.525062656641604,0.344290657439446
-1.3633863,398,1509,6,1279,0.208704771893026,0.985148514851485,0.458751793400287,0.525375939849624,0.344439636520987
-1.3628404,398,1508,6,1280,0.208814270724029,0.985148514851485,0.459110473457676,0.525689223057644,0.344588744588745
-1.3627818,398,1507,6,1281,0.208923884514436,0.985148514851485,0.459469153515065,0.526002506265664,0.344737981810308
-1.3627318,398,1506,6,1282,0.209033613445378,0.985148514851485,0.459827833572453,0.526315789473684,0.344887348353553
-1.3620355,398,1505,6,1283,0.209143457698371,0.985148514851485,0.460186513629842,0.526629072681704,0.345036844386649
-1.361594,398,1504,6,1284,0.20925341745531,0.985148514851485,0.460545193687231,0.526942355889724,0.345186470078057
-1.360939,398,1503,6,1285,0.209363492898474,0.985148514851485,0.46090387374462,0.527255639097744,0.345336225596529
-1.3604283,398,1502,6,1286,0.209473684210526,0.985148514851485,0.461262553802009,0.527568922305764,0.345486111111111
-1.360203,398,1501,6,1287,0.209583991574513,0.985148514851485,0.461621233859397,0.527882205513785,0.345636126791142
-1.3600583,398,1500,6,1288,0.209694415173867,0.985148514851485,0.461979913916786,0.528195488721805,0.345786272806255
-1.3597791,398,1499,6,1289,0.209804955192409,0.985148514851485,0.462338593974175,0.528508771929825,0.34593654932638
-1.3591875,398,1498,6,1290,0.209915611814346,0.985148514851485,0.462697274031564,0.528822055137845,0.346086956521739
-1.3584673,398,1497,6,1291,0.210026385224274,0.985148514851485,0.463055954088953,0.529135338345865,0.346237494562853
-1.3583757,398,1496,6,1292,0.210137275607181,0.985148514851485,0.463414634146341,0.529448621553885,0.34638816362054
-1.3583331,398,1495,6,1293,0.210248283148442,0.985148514851485,0.46377331420373,0.529761904761905,0.346538963865912
-1.3583069,398,1494,6,1294,0.210359408033827,0.985148514851485,0.464131994261119,0.530075187969925,0.346689895470383
-1.3580025,398,1493,6,1295,0.210470650449498,0.985148514851485,0.464490674318508,0.530388471177945,0.346840958605664
-1.3578124,398,1492,6,1296,0.210582010582011,0.985148514851485,0.464849354375897,0.530701754385965,0.346992153443766
-1.3576531,398,1491,6,1297,0.210693488618317,0.985148514851485,0.465208034433286,0.531015037593985,0.347143480157
-1.3573272,398,1490,6,1298,0.210805084745763,0.985148514851485,0.465566714490674,0.531328320802005,0.347294938917976
-1.3572587,398,1489,6,1299,0.210916799152093,0.985148514851485,0.465925394548063,0.531641604010025,0.347446529899607
-1.356207,398,1488,6,1300,0.211028632025451,0.985148514851485,0.466284074605452,0.531954887218045,0.347598253275109
-1.3560815,398,1487,6,1301,0.211140583554377,0.985148514851485,0.466642754662841,0.532268170426065,0.347750109217999
-1.3556852,398,1486,6,1302,0.211252653927813,0.985148514851485,0.46700143472023,0.532581453634085,0.347902097902098
-1.3550103,398,1485,6,1303,0.211364843335104,0.985148514851485,0.467360114777618,0.532894736842105,0.34805421950153
-1.3550036,398,1484,6,1304,0.211477151965994,0.985148514851485,0.467718794835007,0.533208020050125,0.348206474190726
-1.3549076,398,1483,6,1305,0.211589580010633,0.985148514851485,0.468077474892396,0.533521303258145,0.34835886214442
-1.3547444,398,1482,6,1306,0.211702127659574,0.985148514851485,0.468436154949785,0.533834586466165,0.348511383537653
-1.3547187,398,1481,6,1307,0.211814795103779,0.985148514851485,0.468794835007174,0.534147869674185,0.348664038545773
-1.3544078,398,1480,6,1308,0.211927582534611,0.985148514851485,0.469153515064562,0.534461152882206,0.348816827344435
-1.3543055,398,1479,6,1309,0.212040490143847,0.985148514851485,0.469512195121951,0.534774436090226,0.348969750109601
-1.3537158,398,1478,6,1310,0.212153518123667,0.985148514851485,0.46987087517934,0.535087719298246,0.349122807017544
-1.3530614,398,1477,6,1311,0.212266666666667,0.985148514851485,0.470229555236729,0.535401002506266,0.349275998244844
-1.3528626,398,1476,6,1312,0.212379935965848,0.985148514851485,0.470588235294118,0.535714285714286,0.349429323968393
-1.3528411,398,1475,6,1313,0.212493326214629,0.985148514851485,0.470946915351506,0.536027568922306,0.349582784365393
-1.3522747,398,1474,6,1314,0.212606837606838,0.985148514851485,0.471305595408895,0.536340852130326,0.349736379613357
-1.3519329,398,1473,6,1315,0.212720470336718,0.985148514851485,0.471664275466284,0.536654135338346,0.34989010989011
-1.3509613,398,1472,6,1316,0.21283422459893,0.985148514851485,0.472022955523673,0.536967418546366,0.350043975373791
-1.3508053,398,1471,6,1317,0.21294810058855,0.985148514851485,0.472381635581062,0.537280701754386,0.350197976242851
-1.350665,398,1470,6,1318,0.213062098501071,0.985148514851485,0.47274031563845,0.537593984962406,0.350352112676056
-1.3506281,398,1469,6,1319,0.213176218532405,0.985148514851485,0.473098995695839,0.537907268170426,0.350506384852488
-1.3504972,398,1468,6,1320,0.213290460878885,0.985148514851485,0.473457675753228,0.538220551378446,0.350660792951542
-1.3504608,398,1467,6,1321,0.213404825737265,0.985148514851485,0.473816355810617,0.538533834586466,0.350815337152931
-1.3502822,398,1466,6,1322,0.213519313304721,0.985148514851485,0.474175035868006,0.538847117794486,0.350970017636684
-1.35015,398,1465,6,1323,0.213633923778851,0.985148514851485,0.474533715925395,0.539160401002506,0.35112483458315
-1.3500122,398,1464,6,1324,0.21374865735768,0.985148514851485,0.474892395982783,0.539473684210526,0.351279788172992
-1.3495735,398,1463,6,1325,0.213863514239656,0.985148514851485,0.475251076040172,0.539786967418546,0.351434878587197
-1.3495231,398,1462,6,1326,0.213978494623656,0.985148514851485,0.475609756097561,0.540100250626566,0.351590106007067
-1.3491305,398,1461,6,1327,0.214093598708983,0.985148514851485,0.47596843615495,0.540413533834586,0.351745470614229
-1.3489411,398,1460,6,1328,0.214208826695371,0.985148514851485,0.476327116212339,0.540726817042607,0.351900972590628
-1.348834,398,1459,6,1329,0.214324178782983,0.985148514851485,0.476685796269727,0.541040100250627,0.352056612118532
-1.3488172,398,1458,6,1330,0.214439655172414,0.985148514851485,0.477044476327116,0.541353383458647,0.352212389380531
-1.348799,398,1457,6,1331,0.21455525606469,0.985148514851485,0.477403156384505,0.541666666666667,0.35236830455954
-1.3481883,398,1456,6,1332,0.214670981661273,0.985148514851485,0.477761836441894,0.541979949874687,0.352524357838795
-1.3481219,398,1455,6,1333,0.214786832164058,0.985148514851485,0.478120516499283,0.542293233082707,0.352680549401861
-1.3479068,398,1454,6,1334,0.214902807775378,0.985148514851485,0.478479196556671,0.542606516290727,0.352836879432624
-1.347783,398,1453,6,1335,0.215018908698001,0.985148514851485,0.47883787661406,0.542919799498747,0.352993348115299
-1.3473971,398,1452,6,1336,0.215135135135135,0.985148514851485,0.479196556671449,0.543233082706767,0.353149955634428
-1.3469051,398,1451,6,1337,0.215251487290427,0.985148514851485,0.479555236728838,0.543546365914787,0.353306702174878
-1.3462558,398,1450,6,1338,0.215367965367965,0.985148514851485,0.479913916786227,0.543859649122807,0.353463587921847
-1.3460038,398,1449,6,1339,0.215484569572279,0.985148514851485,0.480272596843616,0.544172932330827,0.353620613060862
-1.3458272,398,1448,6,1340,0.215601300108342,0.985148514851485,0.480631276901004,0.544486215538847,0.353777777777778
-1.3456849,398,1447,6,1341,0.215718157181572,0.985148514851485,0.480989956958393,0.544799498746867,0.353935082258782
-1.3451662,398,1446,6,1342,0.215835140997831,0.985148514851485,0.481348637015782,0.545112781954887,0.354092526690391
-1.344943,398,1445,6,1343,0.215952251763429,0.985148514851485,0.481707317073171,0.545426065162907,0.354250111259457
-1.3448156,398,1444,6,1344,0.216069489685125,0.985148514851485,0.48206599713056,0.545739348370927,0.354407836153161
-1.3447657,398,1443,6,1345,0.216186854970125,0.985148514851485,0.482424677187948,0.546052631578947,0.35456570155902
-1.3446048,398,1442,6,1346,0.216304347826087,0.985148514851485,0.482783357245337,0.546365914786967,0.354723707664884
-1.344425,398,1441,6,1347,0.21642196846112,0.985148514851485,0.483142037302726,0.546679197994987,0.354881854658939
-1.344367,398,1440,6,1348,0.216539717083787,0.985148514851485,0.483500717360115,0.546992481203007,0.355040142729706
-1.3440137,398,1439,6,1349,0.216657593903103,0.985148514851485,0.483859397417504,0.547305764411028,0.355198572066042
-1.3439901,398,1438,6,1350,0.21677559912854,0.985148514851485,0.484218077474892,0.547619047619048,0.355357142857143
-1.3422105,398,1437,6,1351,0.216893732970027,0.985148514851485,0.484576757532281,0.547932330827068,0.355515855292541
-1.3421173,398,1436,6,1352,0.21701199563795,0.985148514851485,0.48493543758967,0.548245614035088,0.355674709562109
-1.3417175,398,1435,6,1353,0.217130387343153,0.985148514851485,0.485294117647059,0.548558897243108,0.355833705856057
-1.3417138,398,1434,6,1354,0.217248908296943,0.985148514851485,0.485652797704448,0.548872180451128,0.355992844364937
-1.3413196,398,1433,6,1355,0.217367558711087,0.985148514851485,0.486011477761836,0.549185463659148,0.356152125279642
-1.3410738,398,1432,6,1356,0.217486338797814,0.985148514851485,0.486370157819225,0.549498746867168,0.356311548791406
-1.3410213,398,1431,6,1357,0.21760524876982,0.985148514851485,0.486728837876614,0.549812030075188,0.356471115091805
-1.3408759,398,1430,6,1358,0.217724288840263,0.985148514851485,0.487087517934003,0.550125313283208,0.35663082437276
-1.340687,398,1429,6,1359,0.21784345922277,0.985148514851485,0.487446197991392,0.550438596491228,0.356790676826535
-1.3403908,398,1428,6,1360,0.217962760131435,0.985148514851485,0.48780487804878,0.550751879699248,0.35695067264574
-1.3403385,398,1427,6,1361,0.218082191780822,0.985148514851485,0.488163558106169,0.551065162907268,0.357110812023329
-1.3399734,398,1426,6,1362,0.218201754385965,0.985148514851485,0.488522238163558,0.551378446115288,0.357271095152603
-1.3391418,398,1425,6,1363,0.21832144816237,0.985148514851485,0.488880918220947,0.551691729323308,0.357431522227212
-1.338723,398,1424,6,1364,0.218441273326015,0.985148514851485,0.489239598278336,0.552005012531328,0.35759209344115
-1.3381963,398,1423,6,1365,0.218561230093355,0.985148514851485,0.489598278335725,0.552318295739348,0.357752808988764
-1.3381929,398,1422,6,1366,0.218681318681319,0.985148514851485,0.489956958393113,0.552631578947368,0.357913669064748
-1.3379772,398,1421,6,1367,0.218801539307312,0.985148514851485,0.490315638450502,0.552944862155389,0.358074673864148
-1.3376663,398,1420,6,1368,0.218921892189219,0.985148514851485,0.490674318507891,0.553258145363409,0.358235823582358
-1.336961,398,1419,6,1369,0.219042377545405,0.985148514851485,0.49103299856528,0.553571428571429,0.358397118415128
-1.3366898,398,1418,6,1370,0.219162995594714,0.985148514851485,0.491391678622669,0.553884711779449,0.358558558558559
-1.3360869,398,1417,6,1371,0.219283746556474,0.985148514851485,0.491750358680057,0.554197994987469,0.358720144209103
-1.3359419,398,1416,6,1372,0.219404630650496,0.985148514851485,0.492109038737446,0.554511278195489,0.358881875563571
-1.3357954,398,1415,6,1373,0.219525648097077,0.985148514851485,0.492467718794835,0.554824561403509,0.359043752819125
-1.3347144,398,1414,6,1374,0.219646799116998,0.985148514851485,0.492826398852224,0.555137844611529,0.359205776173285
-1.3342094,398,1413,6,1375,0.21976808393153,0.985148514851485,0.493185078909613,0.555451127819549,0.359367945823928
-1.3339739,398,1412,6,1376,0.219889502762431,0.985148514851485,0.493543758967001,0.555764411027569,0.359530261969286
-1.3338896,398,1411,6,1377,0.220011055831951,0.985148514851485,0.49390243902439,0.556077694235589,0.359692724807953
-1.3332127,398,1410,6,1378,0.220132743362832,0.985148514851485,0.494261119081779,0.556390977443609,0.359855334538879
-1.3326908,398,1409,6,1379,0.220254565578307,0.985148514851485,0.494619799139168,0.556704260651629,0.360018091361375
-1.3322546,398,1408,6,1380,0.220376522702104,0.985148514851485,0.494978479196557,0.557017543859649,0.360180995475113
-1.3317955,398,1407,6,1381,0.220498614958449,0.985148514851485,0.495337159253946,0.557330827067669,0.360344047080127
-1.3316864,398,1406,6,1382,0.220620842572062,0.985148514851485,0.495695839311334,0.557644110275689,0.360507246376812
-1.3316733,398,1405,6,1383,0.220743205768164,0.985148514851485,0.496054519368723,0.557957393483709,0.360670593565927
-1.331367,398,1404,6,1384,0.220865704772475,0.985148514851485,0.496413199426112,0.558270676691729,0.360834088848595
-1.3306077,398,1403,6,1385,0.220988339811216,0.985148514851485,0.496771879483501,0.558583959899749,0.360997732426304
-1.3305684,398,1402,6,1386,0.221111111111111,0.985148514851485,0.49713055954089,0.558897243107769,0.361161524500907
-1.3301843,397,1402,7,1386,0.220678154530295,0.982673267326733,0.49713055954089,0.558583959899749,0.3604176123468
-1.3301703,397,1401,7,1387,0.220800889877642,0.982673267326733,0.497489239598278,0.558897243107769,0.360581289736603
-1.329787,397,1400,7,1388,0.220923761825264,0.982673267326733,0.497847919655667,0.559210526315789,0.360745115856429
-1.3290069,397,1399,7,1389,0.221046770601336,0.982673267326733,0.498206599713056,0.55952380952381,0.360909090909091
-1.3287328,397,1398,7,1390,0.22116991643454,0.982673267326733,0.498565279770445,0.55983709273183,0.361073215097772
-1.32864,397,1397,7,1391,0.221293199554069,0.982673267326733,0.498923959827834,0.56015037593985,0.361237488626024
-1.3280474,397,1396,7,1392,0.221416620189626,0.982673267326733,0.499282639885222,0.56046365914787,0.36140191169777
-1.3278868,397,1395,7,1393,0.221540178571429,0.982673267326733,0.499641319942611,0.56077694235589,0.361566484517304
-1.3278786,397,1394,7,1394,0.221663874930207,0.982673267326733,0.5,0.56109022556391,0.361731207289294
-1.327656,397,1393,7,1395,0.221787709497207,0.982673267326733,0.500358680057389,0.56140350877193,0.361896080218779
-1.327306,397,1392,7,1396,0.221911682504192,0.982673267326733,0.500717360114778,0.56171679197995,0.362061103511172
-1.327049,397,1391,7,1397,0.222035794183445,0.982673267326733,0.501076040172166,0.56203007518797,0.362226277372263
-1.3267459,397,1390,7,1398,0.222160044767767,0.982673267326733,0.501434720229555,0.56234335839599,0.362391602008215
-1.3262677,397,1389,7,1399,0.222284434490482,0.982673267326733,0.501793400286944,0.56265664160401,0.362557077625571
-1.3258508,397,1388,7,1400,0.222408963585434,0.982673267326733,0.502152080344333,0.56296992481203,0.362722704431247
-1.3257339,397,1387,7,1401,0.222533632286996,0.982673267326733,0.502510760401722,0.56328320802005,0.362888482632541
-1.3255564,397,1386,7,1402,0.222658440830062,0.982673267326733,0.502869440459111,0.56359649122807,0.363054412437129
-1.3254883,397,1385,7,1403,0.222783389450056,0.982673267326733,0.503228120516499,0.56390977443609,0.363220494053065
-1.3252847,397,1384,7,1404,0.222908478382931,0.982673267326733,0.503586800573888,0.56422305764411,0.363386727688787
-1.3252192,397,1383,7,1405,0.223033707865169,0.982673267326733,0.503945480631277,0.56453634085213,0.363553113553114
-1.3250355,397,1382,7,1406,0.223159078133783,0.982673267326733,0.504304160688666,0.56484962406015,0.363719651855245
-1.325021,397,1381,7,1407,0.223284589426322,0.982673267326733,0.504662840746054,0.56516290726817,0.363886342804766
-1.3249047,397,1380,7,1408,0.223410241980867,0.982673267326733,0.505021520803443,0.56547619047619,0.364053186611646
-1.3246803,397,1379,7,1409,0.223536036036036,0.982673267326733,0.505380200860832,0.565789473684211,0.364220183486238
-1.3235657,397,1378,7,1410,0.223661971830986,0.982673267326733,0.505738880918221,0.566102756892231,0.364387333639284
-1.3233677,397,1377,7,1411,0.223788049605411,0.982673267326733,0.50609756097561,0.566416040100251,0.36455463728191
-1.323189,397,1376,7,1412,0.223914269599549,0.982673267326733,0.506456241032999,0.566729323308271,0.364722094625632
-1.3229147,397,1375,7,1413,0.224040632054176,0.982673267326733,0.506814921090387,0.567042606516291,0.364889705882353
-1.3211024,397,1374,7,1414,0.224167137210615,0.982673267326733,0.507173601147776,0.567355889724311,0.365057471264368
-1.3209875,397,1373,7,1415,0.224293785310734,0.982673267326733,0.507532281205165,0.567669172932331,0.365225390984361
-1.3207161,397,1372,7,1416,0.224420576596947,0.982673267326733,0.507890961262554,0.567982456140351,0.365393465255407
-1.3205581,397,1371,7,1417,0.224547511312217,0.982673267326733,0.508249641319943,0.568295739348371,0.365561694290976
-1.320514,397,1370,7,1418,0.224674589700057,0.982673267326733,0.508608321377331,0.568609022556391,0.365730078304929
-1.320304,397,1369,7,1419,0.22480181200453,0.982673267326733,0.50896700143472,0.568922305764411,0.365898617511521
-1.3200945,397,1367,7,1421,0.225056689342404,0.982673267326733,0.509684361549498,0.569548872180451,0.366236162361624
-1.3200078,397,1366,7,1422,0.225184344866704,0.982673267326733,0.510043041606887,0.569862155388471,0.366405168435625
-1.3199793,397,1365,7,1423,0.225312145289444,0.982673267326733,0.510401721664275,0.570175438596491,0.36657433056325
-1.3199277,397,1364,7,1424,0.225440090857467,0.982673267326733,0.510760401721664,0.570488721804511,0.366743648960739
-1.319874,397,1363,7,1425,0.225568181818182,0.982673267326733,0.511119081779053,0.570802005012531,0.366913123844732
-1.3195385,397,1362,7,1426,0.225696418419557,0.982673267326733,0.511477761836442,0.571115288220551,0.36708275543227
-1.3192091,397,1361,7,1427,0.225824800910125,0.982673267326733,0.511836441893831,0.571428571428571,0.367252543940796
-1.3188727,397,1360,7,1428,0.225953329538987,0.982673267326733,0.51219512195122,0.571741854636591,0.367422489588154
-1.3187821,397,1359,7,1429,0.226082004555809,0.982673267326733,0.512553802008608,0.572055137844611,0.367592592592593
-1.3183322,397,1358,7,1430,0.226210826210826,0.982673267326733,0.512912482065997,0.572368421052632,0.367762853172765
-1.3183019,397,1357,7,1431,0.226339794754846,0.982673267326733,0.513271162123386,0.572681704260652,0.367933271547729
-1.3181137,397,1356,7,1432,0.226468910439247,0.982673267326733,0.513629842180775,0.572994987468672,0.368103847936949
-1.3176689,397,1355,7,1433,0.226598173515982,0.982673267326733,0.513988522238164,0.573308270676692,0.368274582560297
-1.3175154,397,1354,7,1434,0.226727584237579,0.982673267326733,0.514347202295552,0.573621553884712,0.368445475638051
-1.3169065,397,1353,7,1435,0.226857142857143,0.982673267326733,0.514705882352941,0.573934837092732,0.368616527390901
-1.3163259,397,1352,7,1436,0.226986849628359,0.982673267326733,0.51506456241033,0.574248120300752,0.368787738039944
-1.3159469,397,1351,7,1437,0.227116704805492,0.982673267326733,0.515423242467719,0.574561403508772,0.368959107806691
-1.3153805,397,1350,7,1438,0.227246708643389,0.982673267326733,0.515781922525108,0.574874686716792,0.369130636913064
-1.3151383,397,1349,7,1439,0.22737686139748,0.982673267326733,0.516140602582496,0.575187969924812,0.369302325581395
-1.3149803,397,1348,7,1440,0.227507163323782,0.982673267326733,0.516499282639885,0.575501253132832,0.369474174034435
-1.3148421,397,1347,7,1441,0.227637614678899,0.982673267326733,0.516857962697274,0.575814536340852,0.369646182495344
-1.3136525,397,1346,7,1442,0.227768215720023,0.982673267326733,0.517216642754663,0.576127819548872,0.369818351187704
-1.3136103,397,1345,7,1443,0.227898966704937,0.982673267326733,0.517575322812052,0.576441102756892,0.369990680335508
-1.3131503,397,1344,7,1444,0.228029867892016,0.982673267326733,0.51793400286944,0.576754385964912,0.37016317016317
-1.3130381,397,1343,7,1445,0.22816091954023,0.982673267326733,0.518292682926829,0.577067669172932,0.370335820895522
-1.312504,397,1342,7,1446,0.228292121909143,0.982673267326733,0.518651362984218,0.577380952380952,0.370508632757816
-1.3121092,397,1341,7,1447,0.228423475258918,0.982673267326733,0.519010043041607,0.577694235588972,0.370681605975724
-1.3119591,397,1340,7,1448,0.228554979850317,0.982673267326733,0.519368723098996,0.578007518796993,0.370854740775339
-1.3118794,397,1339,7,1449,0.2286866359447,0.982673267326733,0.519727403156385,0.578320802005013,0.371028037383178
-1.3116289,397,1338,7,1450,0.228818443804035,0.982673267326733,0.520086083213773,0.578634085213033,0.37120149602618
-1.311462,397,1337,7,1451,0.228950403690888,0.982673267326733,0.520444763271162,0.578947368421053,0.371375116931712
-1.3112239,397,1336,7,1452,0.229082515868436,0.982673267326733,0.520803443328551,0.579260651629073,0.371548900327562
-1.3111955,397,1335,7,1453,0.229214780600462,0.982673267326733,0.52116212338594,0.579573934837093,0.371722846441948
-1.3108871,397,1334,7,1454,0.229347198151358,0.982673267326733,0.521520803443329,0.579887218045113,0.371896955503513
-1.3106813,397,1333,7,1455,0.229479768786127,0.982673267326733,0.521879483500717,0.580200501253133,0.372071227741331
-1.3105338,397,1332,7,1456,0.229612492770388,0.982673267326733,0.522238163558106,0.580513784461153,0.372245663384904
-1.3093584,397,1331,7,1457,0.22974537037037,0.982673267326733,0.522596843615495,0.580827067669173,0.372420262664165
-1.3091741,397,1330,7,1458,0.229878401852924,0.982673267326733,0.522955523672884,0.581140350877193,0.372595025809479
-1.3089149,397,1329,7,1459,0.230011587485516,0.982673267326733,0.523314203730273,0.581453634085213,0.372769953051643
-1.308614,397,1328,7,1460,0.230144927536232,0.982673267326733,0.523672883787661,0.581766917293233,0.372945044621888
-1.3083233,397,1327,7,1461,0.230278422273782,0.982673267326733,0.52403156384505,0.582080200501253,0.37312030075188
-1.3082945,397,1326,7,1462,0.230412071967499,0.982673267326733,0.524390243902439,0.582393483709273,0.373295721673719
-1.3080746,397,1325,7,1463,0.23054587688734,0.982673267326733,0.524748923959828,0.582706766917293,0.373471307619944
-1.3075933,397,1324,7,1464,0.230679837303893,0.982673267326733,0.525107604017217,0.583020050125313,0.373647058823529
-1.3075306,397,1323,7,1465,0.230813953488372,0.982673267326733,0.525466284074605,0.583333333333333,0.373822975517891
-1.3073657,397,1322,7,1466,0.230948225712624,0.982673267326733,0.525824964131994,0.583646616541353,0.373999057936882
-1.306866,397,1321,7,1467,0.231082654249127,0.982673267326733,0.526183644189383,0.583959899749373,0.374175306314797
-1.3067112,397,1320,7,1468,0.231217239370996,0.982673267326733,0.526542324246772,0.584273182957393,0.374351720886374
-1.30602,397,1319,7,1469,0.231351981351981,0.982673267326733,0.526901004304161,0.584586466165414,0.374528301886792
-1.3059926,397,1318,7,1470,0.231486880466472,0.982673267326733,0.527259684361549,0.584899749373434,0.374705049551675
-1.3053384,397,1317,7,1471,0.231621936989498,0.982673267326733,0.527618364418938,0.585213032581454,0.374881964117092
-1.3051276,397,1316,7,1472,0.231757151196731,0.982673267326733,0.527977044476327,0.585526315789474,0.375059045819556
-1.3046924,397,1315,7,1473,0.231892523364486,0.982673267326733,0.528335724533716,0.585839598997494,0.37523629489603
-1.3041699,397,1314,7,1474,0.232028053769725,0.982673267326733,0.528694404591105,0.586152882205514,0.375413711583924
-1.3041589,397,1313,7,1475,0.232163742690058,0.982673267326733,0.529053084648494,0.586466165413534,0.375591296121097
-1.3041008,397,1312,7,1476,0.232299590403745,0.982673267326733,0.529411764705882,0.586779448621554,0.375769048745859
-1.3036273,397,1311,7,1477,0.232435597189696,0.982673267326733,0.529770444763271,0.587092731829574,0.37594696969697
-1.3033876,397,1310,7,1478,0.232571763327475,0.982673267326733,0.53012912482066,0.587406015037594,0.376125059213643
-1.303175,397,1309,7,1479,0.232708089097304,0.982673267326733,0.530487804878049,0.587719298245614,0.376303317535545
-1.3030642,397,1308,7,1480,0.232844574780059,0.982673267326733,0.530846484935438,0.588032581453634,0.376481744902798
-1.3029311,397,1307,7,1481,0.232981220657277,0.982673267326733,0.531205164992826,0.588345864661654,0.376660341555977
-1.3024476,397,1306,7,1482,0.233118027011157,0.982673267326733,0.531563845050215,0.588659147869674,0.376839107736118
-1.3009789,397,1305,7,1483,0.233254994124559,0.982673267326733,0.531922525107604,0.588972431077694,0.37701804368471
-1.2996625,397,1304,7,1484,0.233392122281011,0.982673267326733,0.532281205164993,0.589285714285714,0.377197149643705
-1.2995163,397,1303,7,1485,0.233529411764706,0.982673267326733,0.532639885222382,0.589598997493734,0.377376425855513
-1.2985245,397,1302,7,1486,0.233666862860506,0.982673267326733,0.53299856527977,0.589912280701754,0.377555872563005
-1.2980994,397,1301,7,1487,0.233804475853946,0.982673267326733,0.533357245337159,0.590225563909774,0.377735490009515
-1.2979717,397,1300,7,1488,0.233942251031232,0.982673267326733,0.533715925394548,0.590538847117794,0.377915278438839
-1.2978442,397,1299,7,1489,0.234080188679245,0.982673267326733,0.534074605451937,0.590852130325815,0.378095238095238
-1.2976408,397,1298,7,1490,0.234218289085546,0.982673267326733,0.534433285509326,0.591165413533835,0.37827536922344
-1.2976063,397,1297,7,1491,0.234356552538371,0.982673267326733,0.534791965566714,0.591478696741855,0.378455672068637
-1.2975962,397,1296,7,1492,0.234494979326639,0.982673267326733,0.535150645624103,0.591791979949875,0.37863614687649
-1.2975273,397,1295,7,1493,0.234633569739953,0.982673267326733,0.535509325681492,0.592105263157895,0.37881679389313
-1.2973897,397,1294,7,1494,0.234772324068598,0.982673267326733,0.535868005738881,0.592418546365915,0.378997613365155
-1.2972171,397,1293,7,1495,0.23491124260355,0.982673267326733,0.53622668579627,0.592731829573935,0.379178605539637
-1.2969873,397,1292,7,1496,0.235050325636471,0.982673267326733,0.536585365853659,0.593045112781955,0.379359770664119
-1.2966311,397,1291,7,1497,0.235189573459716,0.982673267326733,0.536944045911047,0.593358395989975,0.379541108986616
-1.2961142,397,1290,7,1498,0.235328986366331,0.982673267326733,0.537302725968436,0.593671679197995,0.379722620755619
-1.2955037,397,1289,7,1499,0.235468564650059,0.982673267326733,0.537661406025825,0.593984962406015,0.379904306220096
-1.2952693,397,1288,7,1500,0.235608308605341,0.982673267326733,0.538020086083214,0.594298245614035,0.380086165629488
-1.2950486,397,1287,7,1501,0.235748218527316,0.982673267326733,0.538378766140603,0.594611528822055,0.380268199233717
-1.2949188,397,1286,7,1502,0.235888294711824,0.982673267326733,0.538737446197991,0.594924812030075,0.380450407283182
-1.2947862,397,1285,7,1503,0.23602853745541,0.982673267326733,0.53909612625538,0.595238095238095,0.380632790028763
-1.2947118,397,1284,7,1504,0.236168947055324,0.982673267326733,0.539454806312769,0.595551378446115,0.380815347721823
-1.2946668,397,1283,7,1505,0.236309523809524,0.982673267326733,0.539813486370158,0.595864661654135,0.380998080614203
-1.2942722,397,1282,7,1506,0.236450268016677,0.982673267326733,0.540172166427547,0.596177944862155,0.381180988958233
-1.2938812,397,1281,7,1507,0.236591179976162,0.982673267326733,0.540530846484935,0.596491228070175,0.381364073006724
-1.2935059,397,1280,7,1508,0.236732259988074,0.982673267326733,0.540889526542324,0.596804511278195,0.381547333012975
-1.293027,397,1279,7,1509,0.236873508353222,0.982673267326733,0.541248206599713,0.597117794486215,0.381730769230769
-1.2929689,397,1278,7,1510,0.237014925373134,0.982673267326733,0.541606886657102,0.597431077694236,0.381914381914382
-1.2929293,397,1277,7,1511,0.23715651135006,0.982673267326733,0.541965566714491,0.597744360902256,0.382098171318576
-1.2927473,397,1276,7,1512,0.23729826658697,0.982673267326733,0.54232424677188,0.598057644110276,0.382282137698604
-1.2926397,397,1275,7,1513,0.23744019138756,0.982673267326733,0.542682926829268,0.598370927318296,0.382466281310212
-1.2918932,397,1274,7,1514,0.237582286056254,0.982673267326733,0.543041606886657,0.598684210526316,0.382650602409639
-1.2915883,397,1273,7,1515,0.237724550898204,0.982673267326733,0.543400286944046,0.598997493734336,0.382835101253616
-1.2915561,397,1272,7,1516,0.237866986219293,0.982673267326733,0.543758967001435,0.599310776942356,0.383019778099373
-1.2915113,397,1271,7,1517,0.238009592326139,0.982673267326733,0.544117647058823,0.599624060150376,0.383204633204633
-1.2913611,397,1270,7,1518,0.238152369526095,0.982673267326733,0.544476327116212,0.599937343358396,0.38338966682762
-1.2902737,397,1269,7,1519,0.238295318127251,0.982673267326733,0.544835007173601,0.600250626566416,0.383574879227053
-1.2886677,397,1268,7,1520,0.238438438438438,0.982673267326733,0.54519368723099,0.600563909774436,0.383760270662156
-1.2881191,397,1267,7,1521,0.238581730769231,0.982673267326733,0.545552367288379,0.600877192982456,0.38394584139265
-1.2875907,397,1266,7,1522,0.238725195429946,0.982673267326733,0.545911047345768,0.601190476190476,0.384131591678761
-1.2875499,397,1265,7,1523,0.238868832731649,0.982673267326733,0.546269727403156,0.601503759398496,0.38431752178122
-1.287503,397,1264,7,1524,0.239012642986153,0.982673267326733,0.546628407460545,0.601817042606516,0.384503631961259
-1.286969,397,1263,7,1525,0.239156626506024,0.982673267326733,0.546987087517934,0.602130325814536,0.38468992248062
-1.2868981,397,1262,7,1526,0.239300783604581,0.982673267326733,0.547345767575323,0.602443609022556,0.384876393601551
-1.2867514,397,1261,7,1527,0.239445114595899,0.982673267326733,0.547704447632712,0.602756892230576,0.385063045586809
-1.286391,397,1260,7,1528,0.23958961979481,0.982673267326733,0.5480631276901,0.603070175438597,0.38524987869966
-1.2863559,397,1259,7,1529,0.239734299516908,0.982673267326733,0.548421807747489,0.603383458646617,0.385436893203884
-1.2858434,397,1258,7,1530,0.23987915407855,0.982673267326733,0.548780487804878,0.603696741854637,0.385624089363769
-1.2854507,397,1257,7,1531,0.240024183796856,0.982673267326733,0.549139167862267,0.604010025062657,0.38581146744412
-1.2849351,397,1256,7,1532,0.240169388989716,0.982673267326733,0.549497847919656,0.604323308270677,0.385999027710258
-1.2843382,397,1255,7,1533,0.240314769975787,0.982673267326733,0.549856527977044,0.604636591478697,0.386186770428016
-1.2843031,397,1254,7,1534,0.2404603270745,0.982673267326733,0.550215208034433,0.604949874686717,0.386374695863747
-1.2841886,397,1253,7,1535,0.240606060606061,0.982673267326733,0.550573888091822,0.605263157894737,0.386562804284323
-1.2841667,397,1252,7,1536,0.240751970891449,0.982673267326733,0.550932568149211,0.605576441102757,0.386751095957136
-1.2840135,397,1251,7,1537,0.240898058252427,0.982673267326733,0.5512912482066,0.605889724310777,0.386939571150097
-1.2840036,397,1250,7,1538,0.241044323011536,0.982673267326733,0.551649928263989,0.606203007518797,0.387128230131643
-1.2836843,397,1249,7,1539,0.241190765492102,0.982673267326733,0.552008608321377,0.606516290726817,0.387317073170732
-1.2830334,397,1248,7,1540,0.241337386018237,0.982673267326733,0.552367288378766,0.606829573934837,0.387506100536847
-1.2827866,397,1247,7,1541,0.241484184914842,0.982673267326733,0.552725968436155,0.607142857142857,0.3876953125
-1.2824175,397,1246,7,1542,0.241631162507608,0.982673267326733,0.553084648493544,0.607456140350877,0.387884709330728
-1.2812784,397,1245,7,1543,0.241778319123021,0.982673267326733,0.553443328550933,0.607769423558897,0.388074291300098
-1.2811677,397,1244,7,1544,0.241925655088361,0.982673267326733,0.553802008608321,0.608082706766917,0.388264058679707
-1.2810004,397,1243,7,1545,0.242073170731707,0.982673267326733,0.55416068866571,0.608395989974937,0.388454011741683
-1.2805717,397,1242,7,1546,0.24222086638194,0.982673267326733,0.554519368723099,0.608709273182957,0.388644150758688
-1.2801394,397,1241,7,1547,0.242368742368742,0.982673267326733,0.554878048780488,0.609022556390977,0.388834476003918
-1.2792668,397,1240,7,1548,0.242516799022602,0.982673267326733,0.555236728837877,0.609335839598998,0.389024987751102
-1.2790155,397,1239,7,1549,0.242665036674817,0.982673267326733,0.555595408895265,0.609649122807018,0.38921568627451
-1.2785673,397,1238,7,1550,0.242813455657492,0.982673267326733,0.555954088952654,0.609962406015038,0.389406571848946
-1.2783742,397,1237,7,1551,0.24296205630355,0.982673267326733,0.556312769010043,0.610275689223058,0.389597644749755
-1.2781205,397,1236,7,1552,0.243110838946724,0.982673267326733,0.556671449067432,0.610588972431078,0.389788905252823
-1.2778698,397,1235,7,1553,0.243259803921569,0.982673267326733,0.557030129124821,0.610902255639098,0.389980353634578
-1.27772,397,1234,7,1554,0.243408951563458,0.982673267326733,0.557388809182209,0.611215538847118,0.39017199017199
-1.2768843,397,1233,7,1555,0.243558282208589,0.982673267326733,0.557747489239598,0.611528822055138,0.390363815142576
-1.276876,397,1232,7,1556,0.243707796193984,0.982673267326733,0.558106169296987,0.611842105263158,0.390555828824397
-1.2764579,397,1231,7,1557,0.243857493857494,0.982673267326733,0.558464849354376,0.612155388471178,0.390748031496063
-1.276273,397,1230,7,1558,0.2440073755378,0.982673267326733,0.558823529411765,0.612468671679198,0.390940423436731
-1.2762196,397,1229,7,1559,0.244157441574416,0.982673267326733,0.559182209469154,0.612781954887218,0.391133004926108
-1.2756184,397,1228,7,1560,0.244307692307692,0.982673267326733,0.559540889526542,0.613095238095238,0.391325776244455
-1.2755183,397,1227,7,1561,0.244458128078818,0.982673267326733,0.559899569583931,0.613408521303258,0.391518737672584
-1.27535,397,1226,7,1562,0.244608749229821,0.982673267326733,0.56025824964132,0.613721804511278,0.39171188949186
-1.2749288,397,1225,7,1563,0.244759556103576,0.982673267326733,0.560616929698709,0.614035087719298,0.391905231984205
-1.274461,397,1224,7,1564,0.2449105490438,0.982673267326733,0.560975609756098,0.614348370927318,0.392098765432099
-1.2744179,397,1223,7,1565,0.245061728395062,0.982673267326733,0.561334289813486,0.614661654135338,0.392292490118577
-1.2744159,397,1222,7,1566,0.24521309450278,0.982673267326733,0.561692969870875,0.614974937343358,0.392486406327237
-1.274115,397,1221,7,1567,0.245364647713226,0.982673267326733,0.562051649928264,0.615288220551378,0.392680514342235
-1.273402,397,1220,7,1568,0.245516388373531,0.982673267326733,0.562410329985653,0.615601503759398,0.392874814448293
-1.273243,397,1219,7,1569,0.245668316831683,0.982673267326733,0.562769010043042,0.615914786967419,0.393069306930693
-1.2724719,397,1218,7,1570,0.245820433436533,0.982673267326733,0.56312769010043,0.616228070175439,0.393263992075285
-1.2718654,397,1217,7,1571,0.245972738537794,0.982673267326733,0.563486370157819,0.616541353383459,0.393458870168484
-1.27176,397,1216,7,1572,0.246125232486051,0.982673267326733,0.563845050215208,0.616854636591479,0.393653941497273
-1.2714828,397,1215,7,1573,0.246277915632754,0.982673267326733,0.564203730272597,0.617167919799499,0.393849206349206
-1.2700567,397,1214,7,1574,0.24643078833023,0.982673267326733,0.564562410329986,0.617481203007519,0.394044665012407
-1.2699969,397,1213,7,1575,0.246583850931677,0.982673267326733,0.564921090387374,0.617794486215539,0.394240317775571
-1.269941,397,1212,7,1576,0.246737103791175,0.982673267326733,0.565279770444763,0.618107769423559,0.394436164927968
-1.2696521,397,1211,7,1577,0.246890547263682,0.982673267326733,0.565638450502152,0.618421052631579,0.394632206759443
-1.2689548,397,1210,7,1578,0.24704418170504,0.982673267326733,0.565997130559541,0.618734335839599,0.394828443560418
-1.268654,397,1209,7,1579,0.24719800747198,0.982673267326733,0.56635581061693,0.619047619047619,0.39502487562189
-1.2686522,397,1208,7,1580,0.247352024922118,0.982673267326733,0.566714490674319,0.619360902255639,0.395221503235441
-1.2675167,397,1207,7,1581,0.247506234413965,0.982673267326733,0.567073170731707,0.619674185463659,0.395418326693227
-1.2674472,397,1206,7,1582,0.247660636306925,0.982673267326733,0.567431850789096,0.619987468671679,0.395615346287992
-1.2672228,397,1205,7,1583,0.247815230961298,0.982673267326733,0.567790530846485,0.620300751879699,0.395812562313061
-1.2670405,397,1204,7,1584,0.247970018738289,0.982673267326733,0.568149210903874,0.620614035087719,0.396009975062344
-1.2660309,397,1203,7,1585,0.248125,0.982673267326733,0.568507890961263,0.620927318295739,0.396207584830339
-1.2660096,397,1202,7,1586,0.248280175109443,0.982673267326733,0.568866571018651,0.621240601503759,0.396405391912132
-1.265516,397,1201,7,1587,0.248435544430538,0.982673267326733,0.56922525107604,0.621553884711779,0.396603396603397
-1.265399,397,1200,7,1588,0.248591108328115,0.982673267326733,0.569583931133429,0.621867167919799,0.3968015992004
-1.2652538,397,1199,7,1589,0.24874686716792,0.982673267326733,0.569942611190818,0.62218045112782,0.397
-1.265167,397,1198,7,1590,0.248902821316614,0.982673267326733,0.570301291248207,0.62249373433584,0.39719859929965
-1.2643961,397,1197,7,1591,0.249058971141782,0.982673267326733,0.570659971305595,0.62280701754386,0.397397397397397
-1.2641788,397,1196,7,1592,0.249215317011927,0.982673267326733,0.571018651362984,0.62312030075188,0.397596394591888
-1.2639976,397,1195,7,1593,0.249371859296482,0.982673267326733,0.571377331420373,0.6234335839599,0.397795591182365
-1.2637929,397,1194,7,1594,0.249528598365808,0.982673267326733,0.571736011477762,0.62374686716792,0.397994987468672
-1.2634745,397,1193,7,1595,0.249685534591195,0.982673267326733,0.572094691535151,0.62406015037594,0.398194583751254
-1.2628165,397,1192,7,1596,0.249842668344871,0.982673267326733,0.57245337159254,0.62437343358396,0.398394380331159
-1.2622075,397,1191,7,1597,0.25,0.982673267326733,0.572812051649928,0.62468671679198,0.39859437751004
-1.2618985,397,1190,7,1598,0.250157529930687,0.982673267326733,0.573170731707317,0.625,0.398794575590156
-1.2616959,397,1189,7,1599,0.25031525851198,0.982673267326733,0.573529411764706,0.62531328320802,0.398994974874372
-1.2615952,397,1188,7,1600,0.250473186119874,0.982673267326733,0.573888091822095,0.62562656641604,0.399195575666164
-1.2615154,397,1187,7,1601,0.250631313131313,0.982673267326733,0.574246771879483,0.62593984962406,0.399396378269618
-1.2611693,397,1186,7,1602,0.250789639924195,0.982673267326733,0.574605451936872,0.62625313283208,0.399597382989431
-1.2609648,397,1185,7,1603,0.25094816687737,0.982673267326733,0.574964131994261,0.6265664160401,0.399798590130916
-1.2607551,397,1184,7,1604,0.251106894370651,0.982673267326733,0.57532281205165,0.62687969924812,0.4
-1.260437,397,1183,7,1605,0.25126582278481,0.982673267326733,0.575681492109039,0.62719298245614,0.400201612903226
-1.260313,397,1182,7,1606,0.251424952501583,0.982673267326733,0.576040172166428,0.62750626566416,0.400403429147756
-1.2602895,397,1181,7,1607,0.251584283903676,0.982673267326733,0.576398852223816,0.62781954887218,0.400605449041372
-1.2602335,397,1180,7,1608,0.251743817374762,0.982673267326733,0.576757532281205,0.628132832080201,0.400807672892479
-1.260207,397,1179,7,1609,0.251903553299492,0.982673267326733,0.577116212338594,0.628446115288221,0.401010101010101
-1.2601038,397,1178,7,1610,0.252063492063492,0.982673267326733,0.577474892395983,0.628759398496241,0.401212733703891
-1.259973,397,1177,7,1611,0.252223634053367,0.982673267326733,0.577833572453372,0.629072681704261,0.401415571284125
-1.2599573,397,1176,7,1612,0.252383979656707,0.982673267326733,0.57819225251076,0.629385964912281,0.40161861406171
-1.2592545,397,1175,7,1613,0.252544529262087,0.982673267326733,0.578550932568149,0.629699248120301,0.401821862348178
-1.2591755,397,1174,7,1614,0.252705283259071,0.982673267326733,0.578909612625538,0.630012531328321,0.402025316455696
-1.2591542,397,1173,7,1615,0.252866242038217,0.982673267326733,0.579268292682927,0.630325814536341,0.402228976697062
-1.259,397,1172,7,1616,0.253027405991077,0.982673267326733,0.579626972740316,0.630639097744361,0.402432843385707
-1.2588856,397,1171,7,1617,0.253188775510204,0.982673267326733,0.579985652797704,0.630952380952381,0.4026369168357
-1.2586457,397,1170,7,1618,0.253350350989151,0.982673267326733,0.580344332855093,0.631265664160401,0.402841197361745
-1.2586066,397,1169,7,1619,0.253512132822478,0.982673267326733,0.580703012912482,0.631578947368421,0.403045685279188
-1.2582681,397,1168,7,1620,0.253674121405751,0.982673267326733,0.581061692969871,0.631892230576441,0.403250380904012
-1.2577674,397,1167,7,1621,0.25383631713555,0.982673267326733,0.58142037302726,0.632205513784461,0.403455284552846
-1.2577509,397,1166,7,1622,0.253998720409469,0.982673267326733,0.581779053084649,0.632518796992481,0.403660396542959
-1.2577207,397,1165,7,1623,0.25416133162612,0.982673267326733,0.582137733142037,0.632832080200501,0.403865717192269
-1.2575881,397,1164,7,1624,0.254324151185138,0.982673267326733,0.582496413199426,0.633145363408521,0.404071246819338
-1.2568305,397,1163,7,1625,0.254487179487179,0.982673267326733,0.582855093256815,0.633458646616541,0.404276985743381
-1.2564424,397,1162,7,1626,0.254650416933932,0.982673267326733,0.583213773314204,0.633771929824561,0.404482934284259
-1.2563782,397,1161,7,1627,0.254813863928113,0.982673267326733,0.583572453371593,0.634085213032581,0.404689092762487
-1.2563014,397,1160,7,1628,0.254977520873475,0.982673267326733,0.583931133428981,0.634398496240602,0.404895461499235
-1.2561383,397,1159,7,1629,0.255141388174807,0.982673267326733,0.58428981348637,0.634711779448622,0.405102040816327
-1.2556496,397,1158,7,1630,0.255305466237942,0.982673267326733,0.584648493543759,0.635025062656642,0.405308831036243
-1.2551136,397,1157,7,1631,0.255469755469755,0.982673267326733,0.585007173601148,0.635338345864662,0.405515832482125
-1.2550814,397,1156,7,1632,0.255634256278171,0.982673267326733,0.585365853658537,0.635651629072682,0.405723045477772
-1.2544631,396,1156,8,1632,0.255154639175258,0.98019801980198,0.585365853658537,0.635338345864662,0.404907975460123
-1.2541391,396,1155,8,1633,0.25531914893617,0.98019801980198,0.585724533715925,0.635651629072682,0.405115089514066
-1.2540828,396,1154,8,1634,0.255483870967742,0.98019801980198,0.586083213773314,0.635964912280702,0.40532241555783
-1.2539719,396,1153,8,1635,0.255648805681085,0.98019801980198,0.586441893830703,0.636278195488722,0.405529953917051
-1.2536802,396,1152,8,1636,0.255813953488372,0.98019801980198,0.586800573888092,0.636591478696742,0.405737704918033
-1.2536647,396,1151,8,1637,0.255979314802844,0.98019801980198,0.587159253945481,0.636904761904762,0.40594566888775
-1.2531042,396,1150,8,1638,0.25614489003881,0.98019801980198,0.587517934002869,0.637218045112782,0.406153846153846
-1.2529656,396,1149,8,1639,0.25631067961165,0.98019801980198,0.587876614060258,0.637531328320802,0.406362237044638
-1.252702,396,1148,8,1640,0.256476683937824,0.98019801980198,0.588235294117647,0.637844611528822,0.406570841889117
-1.2524914,396,1147,8,1641,0.256642903434867,0.98019801980198,0.588593974175036,0.638157894736842,0.406779661016949
-1.252136,396,1146,8,1642,0.256809338521401,0.98019801980198,0.588952654232425,0.638471177944862,0.406988694758479
-1.2519999,396,1145,8,1643,0.256975989617132,0.98019801980198,0.589311334289814,0.638784461152882,0.40719794344473
-1.2517499,396,1144,8,1644,0.257142857142857,0.98019801980198,0.589670014347202,0.639097744360902,0.407407407407407
-1.2516091,396,1143,8,1645,0.257309941520468,0.98019801980198,0.590028694404591,0.639411027568922,0.407617086978899
-1.2509792,396,1142,8,1646,0.257477243172952,0.98019801980198,0.59038737446198,0.639724310776942,0.407826982492276
-1.2509413,396,1141,8,1647,0.257644762524398,0.98019801980198,0.590746054519369,0.640037593984962,0.408037094281298
-1.2508663,396,1140,8,1648,0.2578125,0.98019801980198,0.591104734576757,0.640350877192982,0.408247422680412
-1.2508469,396,1139,8,1649,0.257980456026059,0.98019801980198,0.591463414634146,0.640664160401002,0.408457968024755
-1.2505287,396,1138,8,1650,0.258148631029987,0.98019801980198,0.591822094691535,0.640977443609023,0.408668730650155
-1.2501738,396,1137,8,1651,0.258317025440313,0.98019801980198,0.592180774748924,0.641290726817043,0.408879710893134
-1.2497857,396,1136,8,1652,0.258485639686684,0.98019801980198,0.592539454806313,0.641604010025063,0.409090909090909
-1.2494763,396,1135,8,1653,0.258654474199869,0.98019801980198,0.592898134863702,0.641917293233083,0.409302325581395
-1.249291,396,1134,8,1654,0.258823529411765,0.98019801980198,0.59325681492109,0.642230576441103,0.409513960703206
-1.2479632,396,1133,8,1655,0.258992805755396,0.98019801980198,0.593615494978479,0.642543859649123,0.409725814795654
-1.2475443,396,1132,8,1656,0.259162303664921,0.98019801980198,0.593974175035868,0.642857142857143,0.409937888198758
-1.2474535,396,1131,8,1657,0.259332023575639,0.98019801980198,0.594332855093257,0.643170426065163,0.410150181253237
-1.2472985,396,1130,8,1658,0.259501965923984,0.98019801980198,0.594691535150646,0.643483709273183,0.410362694300518
-1.246901,396,1129,8,1659,0.259672131147541,0.98019801980198,0.595050215208034,0.643796992481203,0.410575427682737
-1.2464783,396,1128,8,1660,0.259842519685039,0.98019801980198,0.595408895265423,0.644110275689223,0.410788381742739
-1.246372,396,1127,8,1661,0.260013131976362,0.98019801980198,0.595767575322812,0.644423558897243,0.411001556824079
-1.2460301,396,1126,8,1662,0.260183968462549,0.98019801980198,0.596126255380201,0.644736842105263,0.411214953271028
-1.2459068,396,1125,8,1663,0.260355029585799,0.98019801980198,0.59648493543759,0.645050125313283,0.411428571428571
-1.2455544,396,1124,8,1664,0.260526315789474,0.98019801980198,0.596843615494978,0.645363408521303,0.411642411642412
-1.2452724,396,1123,8,1665,0.260697827518104,0.98019801980198,0.597202295552367,0.645676691729323,0.41185647425897
-1.2452176,396,1122,8,1666,0.260869565217391,0.98019801980198,0.597560975609756,0.645989974937343,0.41207075962539
-1.2451375,396,1121,8,1667,0.261041529334212,0.98019801980198,0.597919655667145,0.646303258145363,0.412285268089537
-1.2448325,396,1120,8,1668,0.261213720316623,0.98019801980198,0.598278335724534,0.646616541353383,0.4125
-1.2446232,396,1119,8,1669,0.261386138613861,0.98019801980198,0.598637015781923,0.646929824561403,0.412714955706097
-1.2443604,396,1118,8,1670,0.261558784676354,0.98019801980198,0.598995695839311,0.647243107769424,0.412930135557873
-1.2441556,396,1117,8,1671,0.261731658955717,0.98019801980198,0.5993543758967,0.647556390977444,0.413145539906103
-1.2433829,396,1116,8,1672,0.261904761904762,0.98019801980198,0.599713055954089,0.647869674185464,0.413361169102296
-1.2431402,396,1115,8,1673,0.262078093977498,0.98019801980198,0.600071736011478,0.648182957393484,0.413577023498695
-1.242997,396,1114,8,1674,0.262251655629139,0.98019801980198,0.600430416068867,0.648496240601504,0.413793103448276
-1.2428,396,1113,8,1675,0.262425447316103,0.98019801980198,0.600789096126255,0.648809523809524,0.414009409304757
-1.2425799,396,1112,8,1676,0.262599469496021,0.98019801980198,0.601147776183644,0.649122807017544,0.414225941422594
-1.2421155,396,1111,8,1677,0.262773722627737,0.98019801980198,0.601506456241033,0.649436090225564,0.414442700156986
-1.2417384,396,1110,8,1678,0.262948207171315,0.98019801980198,0.601865136298422,0.649749373433584,0.414659685863874
-1.2413568,396,1109,8,1679,0.26312292358804,0.98019801980198,0.602223816355811,0.650062656641604,0.414876898899948
-1.2413244,396,1108,8,1680,0.263297872340426,0.98019801980198,0.602582496413199,0.650375939849624,0.415094339622641
-1.2411832,396,1107,8,1681,0.263473053892216,0.98019801980198,0.602941176470588,0.650689223057644,0.415312008390142
-1.2406816,396,1106,8,1682,0.263648468708389,0.98019801980198,0.603299856527977,0.651002506265664,0.415529905561385
-1.2404885,396,1105,8,1683,0.263824117255163,0.98019801980198,0.603658536585366,0.651315789473684,0.415748031496063
-1.240371,396,1104,8,1684,0.264,0.98019801980198,0.604017216642755,0.651629072681704,0.415966386554622
-1.2403638,396,1103,8,1685,0.264176117411608,0.98019801980198,0.604375896700143,0.651942355889724,0.416184971098266
-1.2401841,396,1102,8,1686,0.264352469959947,0.98019801980198,0.604734576757532,0.652255639097744,0.416403785488959
-1.2400773,396,1101,8,1687,0.264529058116232,0.98019801980198,0.605093256814921,0.652568922305764,0.416622830089427
-1.240055,396,1100,8,1688,0.264705882352941,0.98019801980198,0.60545193687231,0.652882205513785,0.416842105263158
-1.2395802,396,1099,8,1689,0.264882943143813,0.98019801980198,0.605810616929699,0.653195488721805,0.417061611374408
-1.2394269,396,1098,8,1690,0.265060240963855,0.98019801980198,0.606169296987088,0.653508771929825,0.417281348788198
-1.2393821,396,1097,8,1691,0.26523777628935,0.98019801980198,0.606527977044476,0.653822055137845,0.417501317870322
-1.2390139,396,1096,8,1692,0.265415549597855,0.98019801980198,0.606886657101865,0.654135338345865,0.417721518987342
-1.2384033,396,1095,8,1693,0.265593561368209,0.98019801980198,0.607245337159254,0.654448621553885,0.417941952506596
-1.2373867,396,1094,8,1694,0.265771812080537,0.98019801980198,0.607604017216643,0.654761904761905,0.418162618796198
-1.2373857,396,1093,8,1695,0.265950302216253,0.98019801980198,0.607962697274032,0.655075187969925,0.41838351822504
-1.2373769,396,1092,8,1696,0.266129032258065,0.98019801980198,0.60832137733142,0.655388471177945,0.418604651162791
-1.2373717,396,1091,8,1697,0.26630800268998,0.98019801980198,0.608680057388809,0.655701754385965,0.418826017979905
-1.2372077,396,1090,8,1698,0.266487213997308,0.98019801980198,0.609038737446198,0.656015037593985,0.419047619047619
-1.2363374,396,1089,8,1699,0.266666666666667,0.98019801980198,0.609397417503587,0.656328320802005,0.419269454737957
-1.2356627,396,1088,8,1700,0.266846361185984,0.98019801980198,0.609756097560976,0.656641604010025,0.419491525423729
-1.2343559,396,1087,8,1701,0.267026298044504,0.98019801980198,0.610114777618364,0.656954887218045,0.419713831478537
-1.2340512,396,1086,8,1702,0.267206477732794,0.98019801980198,0.610473457675753,0.657268170426065,0.419936373276776
-1.2339158,396,1085,8,1703,0.267386900742741,0.98019801980198,0.610832137733142,0.657581453634085,0.420159151193634
-1.2337124,396,1084,8,1704,0.267567567567568,0.98019801980198,0.611190817790531,0.657894736842105,0.420382165605096
-1.2330108,396,1083,8,1705,0.267748478701826,0.98019801980198,0.61154949784792,0.658208020050125,0.420605416887945
-1.2329788,396,1082,8,1706,0.267929634641407,0.98019801980198,0.611908177905308,0.658521303258145,0.420828905419766
-1.2323798,396,1081,8,1707,0.268111035883548,0.98019801980198,0.612266857962697,0.658834586466165,0.421052631578947
-1.2321355,396,1080,8,1708,0.268292682926829,0.98019801980198,0.612625538020086,0.659147869674185,0.421276595744681
-1.2319865,396,1079,8,1709,0.268474576271186,0.98019801980198,0.612984218077475,0.659461152882206,0.421500798296966
-1.2318811,396,1078,8,1710,0.26865671641791,0.98019801980198,0.613342898134864,0.659774436090226,0.421725239616613
-1.2314785,396,1077,8,1711,0.268839103869654,0.98019801980198,0.613701578192252,0.660087719298246,0.421949920085242
-1.2314328,396,1076,8,1712,0.269021739130435,0.98019801980198,0.614060258249641,0.660401002506266,0.422174840085288
-1.2311729,396,1075,8,1713,0.269204622705642,0.98019801980198,0.61441893830703,0.660714285714286,0.4224
-1.2304218,396,1074,8,1714,0.269387755102041,0.98019801980198,0.614777618364419,0.661027568922306,0.422625400213447
-1.2299851,396,1073,8,1715,0.269571136827774,0.98019801980198,0.615136298421808,0.661340852130326,0.422851041110518
-1.2297686,396,1072,8,1716,0.269754768392371,0.98019801980198,0.615494978479197,0.661654135338346,0.423076923076923
-1.2297671,396,1071,8,1717,0.269938650306748,0.98019801980198,0.615853658536585,0.661967418546366,0.423303046499198
-1.2295432,396,1070,8,1718,0.27012278308322,0.98019801980198,0.616212338593974,0.662280701754386,0.423529411764706
-1.2292324,396,1069,8,1719,0.270307167235495,0.98019801980198,0.616571018651363,0.662593984962406,0.423756019261637
-1.2284863,396,1068,8,1720,0.270491803278689,0.98019801980198,0.616929698708752,0.662907268170426,0.423982869379015
-1.2284474,396,1067,8,1721,0.270676691729323,0.98019801980198,0.617288378766141,0.663220551378446,0.424209962506695
-1.2282906,396,1066,8,1722,0.270861833105335,0.98019801980198,0.617647058823529,0.663533834586466,0.42443729903537
-1.2281934,396,1065,8,1723,0.271047227926078,0.98019801980198,0.618005738880918,0.663847117794486,0.424664879356568
-1.2279787,396,1064,8,1724,0.271232876712329,0.98019801980198,0.618364418938307,0.664160401002506,0.424892703862661
-1.227077,396,1063,8,1725,0.271418779986292,0.98019801980198,0.618723098995696,0.664473684210526,0.42512077294686
-1.2264278,396,1062,8,1726,0.271604938271605,0.98019801980198,0.619081779053085,0.664786967418546,0.425349087003222
-1.2263936,396,1061,8,1727,0.271791352093342,0.98019801980198,0.619440459110473,0.665100250626566,0.425577646426652
-1.2263224,396,1060,8,1728,0.271978021978022,0.98019801980198,0.619799139167862,0.665413533834586,0.425806451612903
-1.226116,396,1059,8,1729,0.272164948453608,0.98019801980198,0.620157819225251,0.665726817042607,0.42603550295858
-1.2248491,396,1058,8,1730,0.272352132049519,0.98019801980198,0.62051649928264,0.666040100250627,0.426264800861141
-1.2247431,396,1057,8,1731,0.272539573296628,0.98019801980198,0.620875179340029,0.666353383458647,0.426494345718901
-1.2245934,396,1056,8,1732,0.272727272727273,0.98019801980198,0.621233859397417,0.666666666666667,0.426724137931034
-1.222874,396,1055,8,1733,0.272915230875258,0.98019801980198,0.621592539454806,0.666979949874687,0.426954177897574
-1.2228568,396,1054,8,1734,0.273103448275862,0.98019801980198,0.621951219512195,0.667293233082707,0.427184466019418
-1.2227551,396,1053,8,1735,0.273291925465839,0.98019801980198,0.622309899569584,0.667606516290727,0.427415002698327
-1.2225115,395,1053,9,1735,0.272790055248619,0.977722772277228,0.622309899569584,0.667293233082707,0.426565874730022
-1.2224183,395,1052,9,1736,0.272978576364893,0.977722772277228,0.622668579626973,0.667606516290727,0.426796326310103
-1.2222248,395,1051,9,1737,0.273167358229599,0.977722772277228,0.623027259684362,0.667919799498747,0.427027027027027
-1.222152,395,1050,9,1738,0.273356401384083,0.977722772277228,0.62338593974175,0.668233082706767,0.427257977285019
-1.221878,395,1049,9,1739,0.273545706371191,0.977722772277228,0.623744619799139,0.668546365914787,0.427489177489178
-1.2209044,395,1048,9,1740,0.273735273735274,0.977722772277228,0.624103299856528,0.668859649122807,0.427720628045479
-1.2208195,395,1047,9,1741,0.273925104022191,0.977722772277228,0.624461979913917,0.669172932330827,0.42795232936078
-1.2205243,395,1046,9,1742,0.27411519777932,0.977722772277228,0.624820659971306,0.669486215538847,0.428184281842818
-1.22033,395,1045,9,1743,0.274305555555556,0.977722772277228,0.625179340028694,0.669799498746867,0.428416485900217
-1.2201325,395,1044,9,1744,0.27449617790132,0.977722772277228,0.625538020086083,0.670112781954887,0.428648941942485
-1.2189367,395,1043,9,1745,0.274687065368567,0.977722772277228,0.625896700143472,0.670426065162907,0.428881650380022
-1.2189155,395,1042,9,1746,0.274878218510786,0.977722772277228,0.626255380200861,0.670739348370927,0.429114611624117
-1.2187173,395,1041,9,1747,0.275069637883008,0.977722772277228,0.62661406025825,0.671052631578947,0.429347826086956
-1.2187092,395,1040,9,1748,0.275261324041812,0.977722772277228,0.626972740315638,0.671365914786967,0.42958129418162
-1.2182378,395,1039,9,1749,0.275453277545328,0.977722772277228,0.627331420373027,0.671679197994987,0.429815016322089
-1.2179334,395,1038,9,1750,0.275645498953245,0.977722772277228,0.627690100430416,0.671992481203007,0.430048992923244
-1.2177678,395,1037,9,1751,0.275837988826816,0.977722772277228,0.628048780487805,0.672305764411028,0.430283224400871
-1.2175512,395,1036,9,1752,0.276030747728861,0.977722772277228,0.628407460545194,0.672619047619048,0.430517711171662
-1.216838,395,1035,9,1753,0.276223776223776,0.977722772277228,0.628766140602583,0.672932330827068,0.430752453653217
-1.216682,395,1034,9,1754,0.276417074877537,0.977722772277228,0.629124820659971,0.673245614035088,0.430987452264048
-1.2164357,395,1033,9,1755,0.276610644257703,0.977722772277228,0.62948350071736,0.673558897243108,0.431222707423581
-1.2154875,395,1032,9,1756,0.276804484933427,0.977722772277228,0.629842180774749,0.673872180451128,0.431458219552157
-1.2152038,395,1031,9,1757,0.276998597475456,0.977722772277228,0.630200860832138,0.674185463659148,0.431693989071038
-1.2150344,395,1030,9,1758,0.27719298245614,0.977722772277228,0.630559540889527,0.674498746867168,0.431930016402406
-1.214559,395,1029,9,1759,0.277387640449438,0.977722772277228,0.630918220946915,0.674812030075188,0.432166301969365
-1.2143514,395,1028,9,1760,0.277582572030921,0.977722772277228,0.631276901004304,0.675125313283208,0.43240284619595
-1.2130573,395,1027,9,1761,0.277777777777778,0.977722772277228,0.631635581061693,0.675438596491228,0.432639649507119
-1.2126048,395,1026,9,1762,0.277973258268825,0.977722772277228,0.631994261119082,0.675751879699248,0.432876712328767
-1.2119061,395,1025,9,1763,0.278169014084507,0.977722772277228,0.632352941176471,0.676065162907268,0.433114035087719
-1.2114394,395,1024,9,1764,0.278365045806906,0.977722772277228,0.632711621233859,0.676378446115288,0.433351618211739
-1.211379,395,1023,9,1765,0.278561354019746,0.977722772277228,0.633070301291248,0.676691729323308,0.433589462129528
-1.2107327,395,1022,9,1766,0.278757939308398,0.977722772277228,0.633428981348637,0.677005012531328,0.43382756727073
-1.2106743,395,1021,9,1767,0.278954802259887,0.977722772277228,0.633787661406026,0.677318295739348,0.434065934065934
-1.2101955,395,1020,9,1768,0.279151943462898,0.977722772277228,0.634146341463415,0.677631578947368,0.434304562946674
-1.2100217,395,1019,9,1769,0.279349363507779,0.977722772277228,0.634505021520803,0.677944862155389,0.434543454345435
-1.209891,395,1018,9,1770,0.279547062986553,0.977722772277228,0.634863701578192,0.678258145363409,0.434782608695652
-1.209812,395,1017,9,1771,0.279745042492918,0.977722772277228,0.635222381635581,0.678571428571429,0.435022026431718
-1.2096524,395,1016,9,1772,0.279943302622254,0.977722772277228,0.63558106169297,0.678884711779449,0.435261707988981
-1.2091036,395,1015,9,1773,0.280141843971631,0.977722772277228,0.635939741750359,0.679197994987469,0.435501653803749
-1.2090478,395,1014,9,1774,0.280340667139815,0.977722772277228,0.636298421807748,0.679511278195489,0.435741864313293
-1.2086123,395,1013,9,1775,0.280539772727273,0.977722772277228,0.636657101865136,0.679824561403509,0.43598233995585
-1.2084378,395,1012,9,1776,0.280739161336176,0.977722772277228,0.637015781922525,0.680137844611529,0.436223081170624
-1.2081726,395,1011,9,1777,0.280938833570412,0.977722772277228,0.637374461979914,0.680451127819549,0.43646408839779
-1.2081175,395,1010,9,1778,0.281138790035587,0.977722772277228,0.637733142037303,0.680764411027569,0.436705362078496
-1.2079486,395,1009,9,1779,0.281339031339031,0.977722772277228,0.638091822094692,0.681077694235589,0.436946902654867
-1.2070227,395,1008,9,1780,0.281539558089808,0.977722772277228,0.63845050215208,0.681390977443609,0.437188710570006
-1.2063211,395,1007,9,1781,0.281740370898716,0.977722772277228,0.638809182209469,0.681704260651629,0.437430786267996
-1.2062743,395,1006,9,1782,0.281941470378301,0.977722772277228,0.639167862266858,0.682017543859649,0.437673130193906
-1.206056,395,1005,9,1783,0.282142857142857,0.977722772277228,0.639526542324247,0.682330827067669,0.437915742793792
-1.2055409,395,1004,9,1784,0.282344531808435,0.977722772277228,0.639885222381636,0.682644110275689,0.438158624514698
-1.2055198,395,1003,9,1785,0.282546494992847,0.977722772277228,0.640243902439024,0.682957393483709,0.438401775804661
-1.2049544,395,1002,9,1786,0.282748747315676,0.977722772277228,0.640602582496413,0.683270676691729,0.438645197112715
-1.2034379,395,1001,9,1787,0.282951289398281,0.977722772277228,0.640961262553802,0.683583959899749,0.438888888888889
-1.2033156,395,1000,9,1788,0.283154121863799,0.977722772277228,0.641319942611191,0.683897243107769,0.439132851584213
-1.2030084,395,999,9,1789,0.283357245337159,0.977722772277228,0.64167862266858,0.684210526315789,0.439377085650723
-1.2028916,395,998,9,1790,0.283560660445083,0.977722772277228,0.642037302725968,0.68452380952381,0.439621591541458
-1.2028174,395,997,9,1791,0.283764367816092,0.977722772277228,0.642395982783357,0.68483709273183,0.439866369710468
-1.202745,395,996,9,1792,0.283968368080518,0.977722772277228,0.642754662840746,0.68515037593985,0.440111420612813
-1.2022667,395,995,9,1793,0.284172661870504,0.977722772277228,0.643113342898135,0.68546365914787,0.440356744704571
-1.2010199,395,994,9,1794,0.284377249820014,0.977722772277228,0.643472022955524,0.68577694235589,0.440602342442833
-1.1994686,395,993,9,1795,0.284582132564841,0.977722772277228,0.643830703012912,0.68609022556391,0.440848214285714
-1.1993904,395,992,9,1796,0.28478731074261,0.977722772277228,0.644189383070301,0.68640350877193,0.441094360692351
-1.1989678,395,991,9,1797,0.284992784992785,0.977722772277228,0.64454806312769,0.68671679197995,0.441340782122905
-1.1987607,395,990,9,1798,0.285198555956679,0.977722772277228,0.644906743185079,0.68703007518797,0.441587479038569
-1.1985382,395,989,9,1799,0.285404624277457,0.977722772277228,0.645265423242468,0.68734335839599,0.441834451901566
-1.197577,395,988,9,1800,0.285610990600145,0.977722772277228,0.645624103299857,0.68765664160401,0.442081701175154
-1.1968557,395,987,9,1801,0.285817655571635,0.977722772277228,0.645982783357245,0.68796992481203,0.442329227323628
-1.1959789,395,986,9,1802,0.286024619840695,0.977722772277228,0.646341463414634,0.68828320802005,0.442577030812325
-1.1956465,395,985,9,1803,0.286231884057971,0.977722772277228,0.646700143472023,0.68859649122807,0.442825112107623
-1.1943414,395,984,9,1804,0.286439448875997,0.977722772277228,0.647058823529412,0.68890977443609,0.443073471676949
-1.1942546,395,983,9,1805,0.286647314949202,0.977722772277228,0.647417503586801,0.68922305764411,0.443322109988777
-1.1941569,395,982,9,1806,0.286855482933914,0.977722772277228,0.647776183644189,0.68953634085213,0.443571027512633
-1.1937126,395,981,9,1807,0.287063953488372,0.977722772277228,0.648134863701578,0.68984962406015,0.443820224719101
-1.1935469,395,980,9,1808,0.287272727272727,0.977722772277228,0.648493543758967,0.69016290726817,0.44406970207982
-1.1925071,395,979,9,1809,0.287481804949054,0.977722772277228,0.648852223816356,0.69047619047619,0.444319460067492
-1.1922513,395,978,9,1810,0.287691187181355,0.977722772277228,0.649210903873745,0.690789473684211,0.444569499155881
-1.1921823,395,977,9,1811,0.287900874635569,0.977722772277228,0.649569583931133,0.691102756892231,0.44481981981982
-1.1918632,395,976,9,1812,0.288110867979577,0.977722772277228,0.649928263988522,0.691416040100251,0.445070422535211
-1.1914889,394,976,10,1812,0.287591240875912,0.975247524752475,0.649928263988522,0.691102756892231,0.444193912063134
-1.1912363,394,975,10,1813,0.287801314828342,0.975247524752475,0.650286944045911,0.691416040100251,0.444444444444444
-1.1911683,394,974,10,1814,0.288011695906433,0.975247524752475,0.6506456241033,0.691729323308271,0.44469525959368
-1.1910255,394,973,10,1815,0.288222384784199,0.975247524752475,0.651004304160689,0.692042606516291,0.444946357989836
-1.190611,394,972,10,1816,0.288433382137628,0.975247524752475,0.651362984218077,0.692355889724311,0.445197740112994
-1.190604,394,971,10,1817,0.288644688644689,0.975247524752475,0.651721664275466,0.692669172932331,0.445449406444319
-1.1901948,394,970,10,1818,0.288856304985337,0.975247524752475,0.652080344332855,0.692982456140351,0.445701357466063
-1.1901045,394,969,10,1819,0.289068231841526,0.975247524752475,0.652439024390244,0.693295739348371,0.445953593661573
-1.1899312,394,968,10,1820,0.28928046989721,0.975247524752475,0.652797704447633,0.693609022556391,0.446206115515289
-1.1888864,394,967,10,1821,0.289493019838354,0.975247524752475,0.653156384505022,0.693922305764411,0.446458923512748
-1.1881063,394,966,10,1822,0.289705882352941,0.975247524752475,0.65351506456241,0.694235588972431,0.44671201814059
-1.1881008,394,965,10,1823,0.289919058130979,0.975247524752475,0.653873744619799,0.694548872180451,0.446965399886557
-1.1877447,394,964,10,1824,0.290132547864507,0.975247524752475,0.654232424677188,0.694862155388471,0.447219069239501
-1.1873871,394,963,10,1825,0.290346352247605,0.975247524752475,0.654591104734577,0.695175438596491,0.447473026689381
-1.1872065,394,962,10,1826,0.290560471976401,0.975247524752475,0.654949784791966,0.695488721804511,0.447727272727273
-1.1868279,394,961,10,1827,0.290774907749077,0.975247524752475,0.655308464849354,0.695802005012531,0.447981807845367
-1.1865685,394,960,10,1828,0.290989660265879,0.975247524752475,0.655667144906743,0.696115288220551,0.448236632536974
-1.1864188,394,959,10,1829,0.29120473022912,0.975247524752475,0.656025824964132,0.696428571428571,0.448491747296528
-1.1863256,394,958,10,1830,0.291420118343195,0.975247524752475,0.656384505021521,0.696741854636591,0.44874715261959
-1.1852882,394,957,10,1831,0.291635825314582,0.975247524752475,0.65674318507891,0.697055137844611,0.449002849002849
-1.1841137,394,956,10,1832,0.291851851851852,0.975247524752475,0.657101865136298,0.697368421052632,0.449258836944128
-1.1840708,394,955,10,1833,0.292068198665678,0.975247524752475,0.657460545193687,0.697681704260652,0.449515116942384
-1.1839309,394,954,10,1834,0.292284866468843,0.975247524752475,0.657819225251076,0.697994987468672,0.449771689497717
-1.1835973,394,953,10,1835,0.292501855976244,0.975247524752475,0.658177905308465,0.698308270676692,0.450028555111365
-1.1832931,394,952,10,1836,0.292719167904903,0.975247524752475,0.658536585365854,0.698621553884712,0.450285714285714
-1.1826242,394,951,10,1837,0.292936802973978,0.975247524752475,0.658895265423243,0.698934837092732,0.4505431675243
-1.1825632,394,950,10,1838,0.293154761904762,0.975247524752475,0.659253945480631,0.699248120300752,0.450800915331808
-1.1823299,394,949,10,1839,0.2933730454207,0.975247524752475,0.65961262553802,0.699561403508772,0.451058958214081
-1.1822886,394,948,10,1840,0.293591654247392,0.975247524752475,0.659971305595409,0.699874686716792,0.451317296678121
-1.1821618,394,947,10,1841,0.293810589112603,0.975247524752475,0.660329985652798,0.700187969924812,0.451575931232092
-1.1821257,394,946,10,1842,0.294029850746269,0.975247524752475,0.660688665710186,0.700501253132832,0.451834862385321
-1.1820929,394,945,10,1843,0.294249439880508,0.975247524752475,0.661047345767575,0.700814536340852,0.452094090648308
-1.1820314,394,944,10,1844,0.294469357249626,0.975247524752475,0.661406025824964,0.701127819548872,0.452353616532721
-1.1815444,394,943,10,1845,0.294689603590127,0.975247524752475,0.661764705882353,0.701441102756892,0.452613440551407
-1.1812104,393,943,11,1845,0.294161676646707,0.972772277227723,0.661764705882353,0.701127819548872,0.451724137931034
-1.1808978,393,942,11,1846,0.29438202247191,0.972772277227723,0.662123385939742,0.701441102756892,0.451983898792409
-1.1806576,393,941,11,1847,0.294602698650675,0.972772277227723,0.662482065997131,0.701754385964912,0.452243958573073
-1.1804532,393,940,11,1848,0.294823705926482,0.972772277227723,0.662840746054519,0.702067669172932,0.452504317789292
-1.1796036,393,939,11,1849,0.295045045045045,0.972772277227723,0.663199426111908,0.702380952380952,0.452764976958525
-1.1788294,393,938,11,1850,0.29526671675432,0.972772277227723,0.663558106169297,0.702694235588972,0.453025936599424
-1.1787488,393,937,11,1851,0.295488721804511,0.972772277227723,0.663916786226686,0.703007518796993,0.453287197231834
-1.1786788,393,936,11,1852,0.295711060948081,0.972772277227723,0.664275466284075,0.703320802005013,0.453548759376803
-1.1785344,393,935,11,1853,0.295933734939759,0.972772277227723,0.664634146341463,0.703634085213033,0.453810623556582
-1.1784981,393,934,11,1854,0.296156744536549,0.972772277227723,0.664992826398852,0.703947368421053,0.454072790294627
-1.1783172,393,933,11,1855,0.296380090497738,0.972772277227723,0.665351506456241,0.704260651629073,0.454335260115607
-1.1777899,393,932,11,1856,0.296603773584906,0.972772277227723,0.66571018651363,0.704573934837093,0.454598033545402
-1.1775948,393,931,11,1857,0.296827794561934,0.972772277227723,0.666068866571019,0.704887218045113,0.454861111111111
-1.1773998,393,930,11,1858,0.297052154195011,0.972772277227723,0.666427546628407,0.705200501253133,0.455124493341054
-1.1772614,393,929,11,1859,0.297276853252648,0.972772277227723,0.666786226685796,0.705513784461153,0.455388180764774
-1.1772211,393,928,11,1860,0.297501892505677,0.972772277227723,0.667144906743185,0.705827067669173,0.455652173913043
-1.177141,393,927,11,1861,0.297727272727273,0.972772277227723,0.667503586800574,0.706140350877193,0.455916473317865
-1.1756649,393,926,11,1862,0.297952994692949,0.972772277227723,0.667862266857963,0.706453634085213,0.456181079512478
-1.1741701,393,925,11,1863,0.298179059180577,0.972772277227723,0.668220946915351,0.706766917293233,0.456445993031359
-1.1721505,393,924,11,1864,0.298405466970387,0.972772277227723,0.66857962697274,0.707080200501253,0.456711214410227
-1.1720951,393,923,11,1865,0.298632218844985,0.972772277227723,0.668938307030129,0.707393483709273,0.456976744186047
-1.1713874,393,922,11,1866,0.298859315589354,0.972772277227723,0.669296987087518,0.707706766917293,0.457242582897033
-1.1709672,393,921,11,1867,0.299086757990868,0.972772277227723,0.669655667144907,0.708020050125313,0.457508731082654
-1.1707759,393,920,11,1868,0.299314546839299,0.972772277227723,0.670014347202296,0.708333333333333,0.457775189283634
-1.170691,393,919,11,1869,0.299542682926829,0.972772277227723,0.670373027259684,0.708646616541353,0.458041958041958
-1.1702763,393,918,11,1870,0.299771167048055,0.972772277227723,0.670731707317073,0.708959899749373,0.458309037900875
-1.1698155,393,917,11,1871,0.3,0.972772277227723,0.671090387374462,0.709273182957393,0.458576429404901
-1.1693804,393,916,11,1872,0.300229182582124,0.972772277227723,0.671449067431851,0.709586466165414,0.458844133099825
-1.1686149,393,915,11,1873,0.30045871559633,0.972772277227723,0.67180774748924,0.709899749373434,0.45911214953271
-1.1684536,393,914,11,1874,0.300688599846978,0.972772277227723,0.672166427546628,0.710213032581454,0.4593804792519
-1.1683196,393,913,11,1875,0.300918836140888,0.972772277227723,0.672525107604017,0.710526315789474,0.459649122807018
-1.1679109,393,912,11,1876,0.301149425287356,0.972772277227723,0.672883787661406,0.710839598997494,0.459918080748976
-1.1674229,393,911,11,1877,0.301380368098159,0.972772277227723,0.673242467718795,0.711152882205514,0.460187353629977
-1.1666625,393,910,11,1878,0.301611665387567,0.972772277227723,0.673601147776184,0.711466165413534,0.460456942003515
-1.1663799,393,909,11,1879,0.30184331797235,0.972772277227723,0.673959827833572,0.711779448621554,0.460726846424385
-1.166309,393,908,11,1880,0.302075326671791,0.972772277227723,0.674318507890961,0.712092731829574,0.46099706744868
-1.1663011,393,907,11,1881,0.302307692307692,0.972772277227723,0.67467718794835,0.712406015037594,0.461267605633803
-1.1660564,393,906,11,1882,0.302540415704388,0.972772277227723,0.675035868005739,0.712719298245614,0.461538461538462
-1.1655475,393,905,11,1883,0.302773497688752,0.972772277227723,0.675394548063128,0.713032581453634,0.461809635722679
-1.1652128,393,904,11,1884,0.303006939090208,0.972772277227723,0.675753228120517,0.713345864661654,0.462081128747795
-1.1648743,393,903,11,1885,0.303240740740741,0.972772277227723,0.676111908177905,0.713659147869674,0.462352941176471
-1.164443,393,902,11,1886,0.303474903474903,0.972772277227723,0.676470588235294,0.713972431077694,0.46262507357269
-1.1642444,393,901,11,1887,0.30370942812983,0.972772277227723,0.676829268292683,0.714285714285714,0.462897526501767
-1.163779,393,900,11,1888,0.303944315545244,0.972772277227723,0.677187948350072,0.714598997493734,0.463170300530348
-1.1637425,393,899,11,1889,0.304179566563468,0.972772277227723,0.67754662840746,0.714912280701754,0.463443396226415
-1.1630502,393,898,11,1890,0.304415182029435,0.972772277227723,0.677905308464849,0.715225563909774,0.463716814159292
-1.1628,393,897,11,1891,0.304651162790698,0.972772277227723,0.678263988522238,0.715538847117794,0.463990554899646
-1.1626923,393,896,11,1892,0.30488750969744,0.972772277227723,0.678622668579627,0.715852130325815,0.464264619019492
-1.1626474,393,895,11,1893,0.305124223602484,0.972772277227723,0.678981348637016,0.716165413533835,0.464539007092199
-1.162503,393,894,11,1894,0.305361305361305,0.972772277227723,0.679340028694405,0.716478696741855,0.46481371969249
-1.162487,393,893,11,1895,0.305598755832037,0.972772277227723,0.679698708751793,0.716791979949875,0.46508875739645
-1.162321,393,892,11,1896,0.305836575875486,0.972772277227723,0.680057388809182,0.717105263157895,0.465364120781528
-1.1622263,393,891,11,1897,0.30607476635514,0.972772277227723,0.680416068866571,0.717418546365915,0.46563981042654
-1.1614982,393,890,11,1898,0.306313328137178,0.972772277227723,0.68077474892396,0.717731829573935,0.465915826911678
-1.1608087,393,889,11,1899,0.306552262090484,0.972772277227723,0.681133428981349,0.718045112781955,0.466192170818505
-1.1607459,393,888,11,1900,0.306791569086651,0.972772277227723,0.681492109038737,0.718358395989975,0.46646884272997
-1.1606469,393,887,11,1901,0.30703125,0.972772277227723,0.681850789096126,0.718671679197995,0.466745843230404
-1.1602811,393,886,11,1902,0.307271305707584,0.972772277227723,0.682209469153515,0.718984962406015,0.467023172905526
-1.1601452,393,885,11,1903,0.307511737089202,0.972772277227723,0.682568149210904,0.719298245614035,0.467300832342449
-1.1599417,393,884,11,1904,0.307752545027408,0.972772277227723,0.682926829268293,0.719611528822055,0.467578822129685
-1.1598761,393,883,11,1905,0.307993730407524,0.972772277227723,0.683285509325681,0.719924812030075,0.467857142857143
-1.1595428,393,882,11,1906,0.308235294117647,0.972772277227723,0.68364418938307,0.720238095238095,0.46813579511614
-1.1594968,392,882,12,1906,0.307692307692308,0.97029702970297,0.68364418938307,0.719924812030075,0.467222884386174
-1.1593285,392,881,12,1907,0.307934014139827,0.97029702970297,0.684002869440459,0.720238095238095,0.467501490757305
-1.1591783,392,880,12,1908,0.308176100628931,0.97029702970297,0.684361549497848,0.720551378446115,0.467780429594272
-1.1590675,392,879,12,1909,0.308418568056648,0.97029702970297,0.684720229555237,0.720864661654135,0.468059701492537
-1.157543,392,878,12,1910,0.308661417322835,0.97029702970297,0.685078909612626,0.721177944862155,0.468339307048984
-1.1569464,392,877,12,1911,0.308904649330181,0.97029702970297,0.685437589670014,0.721491228070175,0.468619246861925
-1.1565127,392,876,12,1912,0.309148264984227,0.97029702970297,0.685796269727403,0.721804511278195,0.4688995215311
-1.1563845,392,875,12,1913,0.30939226519337,0.97029702970297,0.686154949784792,0.722117794486215,0.46918013165769
-1.1561028,392,874,12,1914,0.309636650868878,0.97029702970297,0.686513629842181,0.722431077694236,0.469461077844311
-1.1558743,392,873,12,1915,0.309881422924901,0.97029702970297,0.68687230989957,0.722744360902256,0.469742360695027
-1.155851,392,872,12,1916,0.310126582278481,0.97029702970297,0.687230989956958,0.723057644110276,0.470023980815348
-1.1556427,392,871,12,1917,0.310372129849565,0.97029702970297,0.687589670014347,0.723370927318296,0.470305938812238
-1.1554415,392,870,12,1918,0.310618066561014,0.97029702970297,0.687948350071736,0.723684210526316,0.470588235294118
-1.15538,392,869,12,1919,0.31086439333862,0.97029702970297,0.688307030129125,0.723997493734336,0.470870870870871
-1.1551719,392,868,12,1920,0.311111111111111,0.97029702970297,0.688665710186514,0.724310776942356,0.471153846153846
-1.1549513,392,867,12,1921,0.311358220810167,0.97029702970297,0.689024390243902,0.724624060150376,0.471437161755863
-1.1549456,392,866,12,1922,0.311605723370429,0.97029702970297,0.689383070301291,0.724937343358396,0.471720818291215
-1.1548867,392,865,12,1923,0.311853619729515,0.97029702970297,0.68974175035868,0.725250626566416,0.472004816375677
-1.1541171,392,864,12,1924,0.312101910828025,0.97029702970297,0.690100430416069,0.725563909774436,0.472289156626506
-1.1539173,392,863,12,1925,0.312350597609562,0.97029702970297,0.690459110473458,0.725877192982456,0.472573839662447
-1.1538894,392,862,12,1926,0.312599681020734,0.97029702970297,0.690817790530846,0.726190476190476,0.472858866103739
-1.153888,392,861,12,1927,0.312849162011173,0.97029702970297,0.691176470588235,0.726503759398496,0.473144236572118
-1.1533318,392,860,12,1928,0.313099041533546,0.97029702970297,0.691535150645624,0.726817042606516,0.473429951690821
-1.1531256,392,859,12,1929,0.313349320543565,0.97029702970297,0.691893830703013,0.727130325814536,0.473716012084592
-1.1521283,392,858,12,1930,0.3136,0.97029702970297,0.692252510760402,0.727443609022556,0.474002418379686
-1.1516421,392,857,12,1931,0.313851080864692,0.97029702970297,0.692611190817791,0.727756892230576,0.474289171203872
-1.1516215,392,856,12,1932,0.314102564102564,0.97029702970297,0.692969870875179,0.728070175438597,0.474576271186441
-1.1510091,392,855,12,1933,0.314354450681636,0.97029702970297,0.693328550932568,0.728383458646617,0.474863718958207
-1.1505631,392,854,12,1934,0.314606741573034,0.97029702970297,0.693687230989957,0.728696741854637,0.475151515151515
-1.1504393,392,853,12,1935,0.314859437751004,0.97029702970297,0.694045911047346,0.729010025062657,0.475439660400242
-1.1502626,392,852,12,1936,0.315112540192926,0.97029702970297,0.694404591104735,0.729323308270677,0.475728155339806
-1.1495318,392,851,12,1937,0.315366049879324,0.97029702970297,0.694763271162123,0.729636591478697,0.476017000607165
-1.1491354,392,850,12,1938,0.315619967793881,0.97029702970297,0.695121951219512,0.729949874686717,0.476306196840826
-1.1487863,392,849,12,1939,0.315874294923449,0.97029702970297,0.695480631276901,0.730263157894737,0.476595744680851
-1.1486444,392,848,12,1940,0.316129032258064,0.97029702970297,0.69583931133429,0.730576441102757,0.476885644768856
-1.1485822,392,847,12,1941,0.31638418079096,0.97029702970297,0.696197991391679,0.730889724310777,0.477175897748022
-1.1483634,392,846,12,1942,0.316639741518578,0.97029702970297,0.696556671449067,0.731203007518797,0.477466504263094
-1.1476617,392,845,12,1943,0.316895715440582,0.97029702970297,0.696915351506456,0.731516290726817,0.47775746496039
-1.1464221,392,844,12,1944,0.317152103559871,0.97029702970297,0.697274031563845,0.731829573934837,0.478048780487805
-1.1462847,392,843,12,1945,0.317408906882591,0.97029702970297,0.697632711621234,0.732142857142857,0.478340451494814
-1.1454451,392,842,12,1946,0.317666126418152,0.97029702970297,0.697991391678623,0.732456140350877,0.478632478632479
-1.144881,392,841,12,1947,0.317923763179238,0.97029702970297,0.698350071736011,0.732769423558897,0.478924862553452
-1.1438708,392,840,12,1948,0.318181818181818,0.97029702970297,0.6987087517934,0.733082706766917,0.47921760391198
-1.1436179,392,839,12,1949,0.318440292445167,0.97029702970297,0.699067431850789,0.733395989974937,0.479510703363914
-1.1436169,392,838,12,1950,0.31869918699187,0.97029702970297,0.699426111908178,0.733709273182957,0.479804161566707
-1.143135,392,837,12,1951,0.318958502847844,0.97029702970297,0.699784791965567,0.734022556390977,0.480097979179424
-1.1430967,392,836,12,1952,0.319218241042345,0.97029702970297,0.700143472022956,0.734335839598998,0.480392156862745
-1.1426413,392,835,12,1953,0.319478402607987,0.97029702970297,0.700502152080344,0.734649122807018,0.48068669527897
-1.1426201,392,834,12,1954,0.31973898858075,0.97029702970297,0.700860832137733,0.734962406015038,0.480981595092024
-1.1424859,392,833,12,1955,0.32,0.97029702970297,0.701219512195122,0.735275689223058,0.481276856967465
-1.1416214,392,832,12,1956,0.320261437908497,0.97029702970297,0.701578192252511,0.735588972431078,0.481572481572482
-1.1409973,392,831,12,1957,0.320523303352412,0.97029702970297,0.7019368723099,0.735902255639098,0.481868469575907
-1.14098,392,830,12,1958,0.320785597381342,0.97029702970297,0.702295552367288,0.736215538847118,0.482164821648216
-1.1402862,392,829,12,1959,0.321048321048321,0.97029702970297,0.702654232424677,0.736528822055138,0.482461538461538
-1.1394193,392,828,12,1960,0.321311475409836,0.97029702970297,0.703012912482066,0.736842105263158,0.482758620689655
-1.1390989,392,827,12,1961,0.321575061525841,0.97029702970297,0.703371592539455,0.737155388471178,0.48305606900801
-1.1385567,392,826,12,1962,0.32183908045977,0.97029702970297,0.703730272596844,0.737468671679198,0.483353884093711
-1.138415,392,825,12,1963,0.322103533278554,0.97029702970297,0.704088952654232,0.737781954887218,0.48365206662554
-1.1383677,392,824,12,1964,0.322368421052632,0.97029702970297,0.704447632711621,0.738095238095238,0.483950617283951
-1.1382631,392,823,12,1965,0.322633744855967,0.97029702970297,0.70480631276901,0.738408521303258,0.484249536751081
-1.1381602,392,822,12,1966,0.322899505766063,0.97029702970297,0.705164992826399,0.738721804511278,0.484548825710754
-1.1377573,392,821,12,1967,0.323165704863974,0.97029702970297,0.705523672883788,0.739035087719298,0.484848484848485
-1.1374247,392,820,12,1968,0.323432343234323,0.97029702970297,0.705882352941177,0.739348370927318,0.485148514851485
-1.1371121,392,819,12,1969,0.323699421965318,0.97029702970297,0.706241032998565,0.739661654135338,0.485448916408669
-1.136404,392,818,12,1970,0.32396694214876,0.97029702970297,0.706599713055954,0.739974937343358,0.485749690210657
-1.1353347,392,817,12,1971,0.324234904880066,0.97029702970297,0.706958393113343,0.740288220551378,0.486050836949783
-1.1348479,392,816,12,1972,0.324503311258278,0.97029702970297,0.707317073170732,0.740601503759398,0.486352357320099
-1.1346569,392,815,12,1973,0.324772162386081,0.97029702970297,0.70767575322812,0.740914786967419,0.48665425201738
-1.1345292,392,814,12,1974,0.325041459369818,0.97029702970297,0.708034433285509,0.741228070175439,0.48695652173913
-1.1338947,392,813,12,1975,0.325311203319502,0.97029702970297,0.708393113342898,0.741541353383459,0.487259167184587
-1.1337335,392,812,12,1976,0.325581395348837,0.97029702970297,0.708751793400287,0.741854636591479,0.487562189054726
-1.1336147,392,811,12,1977,0.325852036575229,0.97029702970297,0.709110473457676,0.742167919799499,0.487865588052271
-1.1331573,392,810,12,1978,0.3261231281198,0.97029702970297,0.709469153515065,0.742481203007519,0.488169364881694
-1.1331118,392,809,12,1979,0.32639467110741,0.97029702970297,0.709827833572453,0.742794486215539,0.488473520249221
-1.1330245,392,808,12,1980,0.326666666666667,0.97029702970297,0.710186513629842,0.743107769423559,0.488778054862843
-1.1326238,392,807,12,1981,0.326939115929942,0.97029702970297,0.710545193687231,0.743421052631579,0.489082969432314
-1.132446,392,806,12,1982,0.327212020033389,0.97029702970297,0.71090387374462,0.743734335839599,0.489388264669164
-1.1324347,392,805,12,1983,0.327485380116959,0.97029702970297,0.711262553802009,0.744047619047619,0.489693941286696
-1.1314276,392,804,12,1984,0.327759197324415,0.97029702970297,0.711621233859397,0.744360902255639,0.49
-1.1307043,392,803,12,1985,0.328033472803347,0.97029702970297,0.711979913916786,0.744674185463659,0.490306441525954
-1.1302794,392,802,12,1986,0.328308207705193,0.97029702970297,0.712338593974175,0.744987468671679,0.490613266583229
-1.130195,392,801,12,1987,0.328583403185247,0.97029702970297,0.712697274031564,0.745300751879699,0.490920475892298
-1.1301048,392,800,12,1988,0.328859060402685,0.97029702970297,0.713055954088953,0.745614035087719,0.491228070175439
-1.1297154,392,799,12,1989,0.329135180520571,0.97029702970297,0.713414634146341,0.745927318295739,0.49153605015674
-1.1285577,392,798,12,1990,0.329411764705882,0.97029702970297,0.71377331420373,0.746240601503759,0.491844416562108
-1.1283451,392,797,12,1991,0.329688814129521,0.97029702970297,0.714131994261119,0.746553884711779,0.492153170119272
-1.128052,392,796,12,1992,0.32996632996633,0.97029702970297,0.714490674318508,0.746867167919799,0.492462311557789
-1.1280398,392,795,12,1993,0.330244313395114,0.97029702970297,0.714849354375897,0.74718045112782,0.492771841609051
-1.1275618,392,794,12,1994,0.330522765598651,0.97029702970297,0.715208034433286,0.74749373433584,0.493081761006289
-1.1265336,392,793,12,1995,0.330801687763713,0.97029702970297,0.715566714490674,0.74780701754386,0.493392070484581
-1.1260458,392,792,12,1996,0.331081081081081,0.97029702970297,0.715925394548063,0.74812030075188,0.493702770780856
-1.1260393,392,791,12,1997,0.331360946745562,0.97029702970297,0.716284074605452,0.7484335839599,0.494013862633901
-1.1256578,392,790,12,1998,0.331641285956007,0.97029702970297,0.716642754662841,0.74874686716792,0.494325346784363
-1.1248896,392,789,12,1999,0.331922099915326,0.97029702970297,0.71700143472023,0.74906015037594,0.494637223974763
-1.1232895,392,788,12,2000,0.332203389830508,0.97029702970297,0.717360114777618,0.74937343358396,0.494949494949495
-1.1228887,391,788,13,2000,0.331636980491942,0.967821782178218,0.717360114777618,0.74906015037594,0.493998736576121
-1.1228276,391,787,13,2001,0.331918505942275,0.967821782178218,0.717718794835007,0.74937343358396,0.494310998735777
-1.122397,391,786,13,2002,0.332200509770603,0.967821782178218,0.718077474892396,0.74968671679198,0.494623655913978
-1.1221731,391,785,13,2003,0.332482993197279,0.967821782178218,0.718436154949785,0.75,0.494936708860759
-1.1220601,391,784,13,2004,0.332765957446809,0.967821782178218,0.718794835007174,0.75031328320802,0.495250158328056
-1.1211481,391,783,13,2005,0.333049403747871,0.967821782178218,0.719153515064562,0.75062656641604,0.495564005069708
-1.1210997,391,782,13,2006,0.333333333333333,0.967821782178218,0.719512195121951,0.75093984962406,0.495878249841471
-1.1208732,391,781,13,2007,0.333617747440273,0.967821782178218,0.71987087517934,0.75125313283208,0.496192893401015
-1.1192809,391,780,13,2008,0.333902647309991,0.967821782178218,0.720229555236729,0.7515664160401,0.496507936507936
-1.1190848,391,779,13,2009,0.334188034188034,0.967821782178218,0.720588235294118,0.75187969924812,0.496823379923761
-1.1190612,391,778,13,2010,0.334473909324209,0.967821782178218,0.720946915351506,0.75219298245614,0.497139224411952
-1.1188537,391,777,13,2011,0.334760273972603,0.967821782178218,0.721305595408895,0.75250626566416,0.497455470737913
-1.1184437,391,776,13,2012,0.335047129391602,0.967821782178218,0.721664275466284,0.75281954887218,0.497772119669001
-1.1183603,391,775,13,2013,0.335334476843911,0.967821782178218,0.722022955523673,0.753132832080201,0.498089171974522
-1.1178967,391,774,13,2014,0.335622317596567,0.967821782178218,0.722381635581062,0.753446115288221,0.498406628425749
-1.1178429,391,773,13,2015,0.335910652920962,0.967821782178218,0.722740315638451,0.753759398496241,0.498724489795918
-1.1177185,391,772,13,2016,0.336199484092863,0.967821782178218,0.723098995695839,0.754072681704261,0.499042756860242
-1.116651,391,771,13,2017,0.336488812392427,0.967821782178218,0.723457675753228,0.754385964912281,0.499361430395913
-1.1162344,391,770,13,2018,0.336778639104221,0.967821782178218,0.723816355810617,0.754699248120301,0.499680511182109
-1.1160766,390,770,14,2018,0.336206896551724,0.965346534653465,0.723816355810617,0.754385964912281,0.498721227621483
-1.1153004,390,769,14,2019,0.336496980155306,0.965346534653465,0.724175035868006,0.754699248120301,0.499040307101727
-1.1151966,390,768,14,2020,0.336787564766839,0.965346534653465,0.724533715925395,0.755012531328321,0.499359795134443
-1.1150758,390,767,14,2021,0.337078651685393,0.965346534653465,0.724892395982783,0.755325814536341,0.499679692504805
-1.1149216,390,766,14,2022,0.337370242214533,0.965346534653465,0.725251076040172,0.755639097744361,0.5
-1.1148267,390,765,14,2023,0.337662337662338,0.965346534653465,0.725609756097561,0.755952380952381,0.500320718409237
-1.1145674,390,764,14,2024,0.337954939341421,0.965346534653465,0.72596843615495,0.756265664160401,0.500641848523748
-1.1142827,390,763,14,2025,0.338248048568951,0.965346534653465,0.726327116212339,0.756578947368421,0.500963391136802
-1.1129786,390,762,14,2026,0.338541666666667,0.965346534653465,0.726685796269727,0.756892230576441,0.501285347043702
-1.112878,390,761,14,2027,0.338835794960904,0.965346534653465,0.727044476327116,0.757205513784461,0.501607717041801
-1.1128712,390,760,14,2028,0.339130434782609,0.965346534653465,0.727403156384505,0.757518796992481,0.501930501930502
-1.1120383,389,760,15,2028,0.338555265448216,0.962871287128713,0.727403156384505,0.757205513784461,0.500965872504829
-1.1112581,389,759,15,2029,0.338850174216028,0.962871287128713,0.727761836441894,0.757518796992481,0.501288659793814
-1.1107349,389,758,15,2030,0.339145597210113,0.962871287128713,0.728120516499283,0.757832080200501,0.501611863313991
-1.1106024,389,757,15,2031,0.339441535776614,0.962871287128713,0.728479196556671,0.758145363408521,0.501935483870968
-1.1105973,389,756,15,2032,0.339737991266376,0.962871287128713,0.72883787661406,0.758458646616541,0.502259522272434
-1.1105447,389,755,15,2033,0.340034965034965,0.962871287128713,0.729196556671449,0.758771929824561,0.502583979328165
-1.1104965,389,754,15,2034,0.340332458442695,0.962871287128713,0.729555236728838,0.759085213032581,0.502908855850032
-1.1104367,389,753,15,2035,0.340630472854641,0.962871287128713,0.729913916786227,0.759398496240602,0.503234152652005
-1.109853,389,752,15,2036,0.340929009640666,0.962871287128713,0.730272596843615,0.759711779448622,0.503559870550162
-1.1097841,389,751,15,2037,0.341228070175439,0.962871287128713,0.730631276901004,0.760025062656642,0.503886010362694
-1.1096714,389,750,15,2038,0.341527655838455,0.962871287128713,0.730989956958393,0.760338345864662,0.504212572909916
-1.109508,389,749,15,2039,0.34182776801406,0.962871287128713,0.731348637015782,0.760651629072682,0.504539559014267
-1.1093754,389,748,15,2040,0.342128408091469,0.962871287128713,0.731707317073171,0.760964912280702,0.504866969500324
-1.108163,389,747,15,2041,0.342429577464789,0.962871287128713,0.73206599713056,0.761278195488722,0.505194805194805
-1.1077436,389,746,15,2042,0.34273127753304,0.962871287128713,0.732424677187948,0.761591478696742,0.505523066926576
-1.1073802,389,745,15,2043,0.343033509700176,0.962871287128713,0.732783357245337,0.761904761904762,0.505851755526658
-1.1069125,389,744,15,2044,0.34333627537511,0.962871287128713,0.733142037302726,0.762218045112782,0.506180871828237
-1.1069107,389,743,15,2045,0.343639575971731,0.962871287128713,0.733500717360115,0.762531328320802,0.506510416666667
-1.1068349,389,742,15,2046,0.34394341290893,0.962871287128713,0.733859397417504,0.762844611528822,0.506840390879479
-1.1055425,389,741,15,2047,0.344247787610619,0.962871287128713,0.734218077474892,0.763157894736842,0.507170795306389
-1.1047764,389,740,15,2048,0.344552701505757,0.962871287128713,0.734576757532281,0.763471177944862,0.507501630789302
-1.1043468,389,739,15,2049,0.344858156028369,0.962871287128713,0.73493543758967,0.763784461152882,0.507832898172324
-1.1040568,389,738,15,2050,0.345164152617569,0.962871287128713,0.735294117647059,0.764097744360902,0.508164598301764
-1.1040189,389,737,15,2051,0.345470692717584,0.962871287128713,0.735652797704448,0.764411027568922,0.508496732026144
-1.10392,389,736,15,2052,0.345777777777778,0.962871287128713,0.736011477761836,0.764724310776942,0.508829300196207
-1.1027744,389,735,15,2053,0.346085409252669,0.962871287128713,0.736370157819225,0.765037593984962,0.509162303664922
-1.1024723,389,734,15,2054,0.346393588601959,0.962871287128713,0.736728837876614,0.765350877192982,0.509495743287492
-1.1017421,389,733,15,2055,0.346702317290553,0.962871287128713,0.737087517934003,0.765664160401002,0.509829619921363
-1.101593,389,732,15,2056,0.347011596788582,0.962871287128713,0.737446197991392,0.765977443609023,0.51016393442623
-1.1015718,389,731,15,2057,0.347321428571429,0.962871287128713,0.73780487804878,0.766290726817043,0.510498687664042
-1.1013612,388,731,16,2057,0.346738159070599,0.96039603960396,0.73780487804878,0.765977443609023,0.509520682862771
-1.1003219,388,730,16,2058,0.347048300536673,0.96039603960396,0.738163558106169,0.766290726817043,0.509855453350854
-1.1002395,388,729,16,2059,0.347358997314235,0.96039603960396,0.738522238163558,0.766604010025063,0.510190664036818
-1.1002367,388,728,16,2060,0.347670250896057,0.96039603960396,0.738880918220947,0.766917293233083,0.510526315789474
-1.1002134,388,727,16,2061,0.347982062780269,0.96039603960396,0.739239598278336,0.767230576441103,0.510862409479921
-1.1001096,388,726,16,2062,0.348294434470377,0.96039603960396,0.739598278335725,0.767543859649123,0.511198945981555
-1.0989395,388,725,16,2063,0.348607367475292,0.96039603960396,0.739956958393113,0.767857142857143,0.511535926170073
-1.0987501,388,724,16,2064,0.348920863309353,0.96039603960396,0.740315638450502,0.768170426065163,0.511873350923483
-1.0985563,387,724,17,2064,0.348334833483348,0.957920792079208,0.740315638450502,0.767857142857143,0.510891089108911
-1.0984076,387,723,17,2065,0.348648648648649,0.957920792079208,0.740674318507891,0.768170426065163,0.511228533685601
-1.0982056,387,722,17,2066,0.348963029756537,0.957920792079208,0.74103299856528,0.768483709273183,0.511566424322538
-1.0980742,387,721,17,2067,0.34927797833935,0.957920792079208,0.741391678622669,0.768796992481203,0.511904761904762
-1.0979874,387,720,17,2068,0.349593495934959,0.957920792079208,0.741750358680057,0.769110275689223,0.512243547319656
-1.097909,387,719,17,2069,0.349909584086799,0.957920792079208,0.742109038737446,0.769423558897243,0.512582781456954
-1.0977478,387,718,17,2070,0.350226244343891,0.957920792079208,0.742467718794835,0.769736842105263,0.512922465208748
-1.0968661,387,717,17,2071,0.35054347826087,0.957920792079208,0.742826398852224,0.770050125313283,0.513262599469496
-1.0966097,387,716,17,2072,0.350861287398005,0.957920792079208,0.743185078909613,0.770363408521303,0.513603185136032
-1.0956002,387,715,17,2073,0.351179673321234,0.957920792079208,0.743543758967001,0.770676691729323,0.51394422310757
-1.0955179,387,714,17,2074,0.35149863760218,0.957920792079208,0.74390243902439,0.770989974937343,0.514285714285714
-1.0943674,387,713,17,2075,0.351818181818182,0.957920792079208,0.744261119081779,0.771303258145363,0.514627659574468
-1.0940408,387,712,17,2076,0.35213830755232,0.957920792079208,0.744619799139168,0.771616541353383,0.514970059880239
-1.0935496,387,711,17,2077,0.352459016393443,0.957920792079208,0.744978479196557,0.771929824561403,0.515312916111851
-1.093524,387,710,17,2078,0.35278030993619,0.957920792079208,0.745337159253946,0.772243107769424,0.515656229180546
-1.0930567,387,709,17,2079,0.353102189781022,0.957920792079208,0.745695839311334,0.772556390977444,0.516
-1.0926092,387,708,17,2080,0.353424657534247,0.957920792079208,0.746054519368723,0.772869674185464,0.516344229486324
-1.0917679,387,707,17,2081,0.353747714808044,0.957920792079208,0.746413199426112,0.773182957393484,0.516688918558078
-1.0913532,387,706,17,2082,0.354071363220494,0.957920792079208,0.746771879483501,0.773496240601504,0.517034068136272
-1.090924,387,705,17,2083,0.354395604395604,0.957920792079208,0.747130559540889,0.773809523809524,0.517379679144385
-1.0907079,387,704,17,2084,0.354720439963336,0.957920792079208,0.747489239598278,0.774122807017544,0.517725752508361
-1.0890754,387,703,17,2085,0.355045871559633,0.957920792079208,0.747847919655667,0.774436090225564,0.518072289156627
-1.0884178,387,702,17,2086,0.355371900826446,0.957920792079208,0.748206599713056,0.774749373433584,0.518419290020094
-1.0880634,387,701,17,2087,0.355698529411765,0.957920792079208,0.748565279770445,0.775062656641604,0.518766756032172
-1.0878979,387,700,17,2088,0.356025758969641,0.957920792079208,0.748923959827834,0.775375939849624,0.519114688128773
-1.0874232,387,699,17,2089,0.356353591160221,0.957920792079208,0.749282639885222,0.775689223057644,0.519463087248322
-1.087141,387,698,17,2090,0.35668202764977,0.957920792079208,0.749641319942611,0.776002506265664,0.519811954331766
-1.0869598,387,697,17,2091,0.357011070110701,0.957920792079208,0.75,0.776315789473684,0.520161290322581
-1.0869533,387,696,17,2092,0.357340720221607,0.957920792079208,0.750358680057389,0.776629072681704,0.520511096166779
-1.0867751,387,695,17,2093,0.357670979667283,0.957920792079208,0.750717360114778,0.776942355889724,0.520861372812921
-1.0864923,387,694,17,2094,0.35800185013876,0.957920792079208,0.751076040172166,0.777255639097744,0.521212121212121
-1.0861775,387,693,17,2095,0.358333333333333,0.957920792079208,0.751434720229555,0.777568922305764,0.521563342318059
-1.0842459,387,692,17,2096,0.358665430954588,0.957920792079208,0.751793400286944,0.777882205513785,0.521915037086986
-1.0842304,387,691,17,2097,0.35899814471243,0.957920792079208,0.752152080344333,0.778195488721805,0.522267206477733
-1.0814059,387,690,17,2098,0.35933147632312,0.957920792079208,0.752510760401722,0.778508771929825,0.522619851451722
-1.0808164,387,689,17,2099,0.359665427509294,0.957920792079208,0.752869440459111,0.778822055137845,0.522972972972973
-1.0805361,387,688,17,2100,0.36,0.957920792079208,0.753228120516499,0.779135338345865,0.523326572008113
-1.0805235,387,687,17,2101,0.360335195530726,0.957920792079208,0.753586800573888,0.779448621553885,0.523680649526387
-1.0802276,387,686,17,2102,0.36067101584343,0.957920792079208,0.753945480631277,0.779761904761905,0.524035206499661
-1.080138,387,685,17,2103,0.361007462686567,0.957920792079208,0.754304160688666,0.780075187969925,0.524390243902439
-1.0799633,387,684,17,2104,0.361344537815126,0.957920792079208,0.754662840746054,0.780388471177945,0.524745762711864
-1.0798475,387,683,17,2105,0.361682242990654,0.957920792079208,0.755021520803443,0.780701754385965,0.525101763907734
-1.0795655,387,682,17,2106,0.362020579981291,0.957920792079208,0.755380200860832,0.781015037593985,0.525458248472505
-1.079207,387,681,17,2107,0.362359550561798,0.957920792079208,0.755738880918221,0.781328320802005,0.525815217391304
-1.0788682,387,680,17,2108,0.36269915651359,0.957920792079208,0.75609756097561,0.781641604010025,0.526172671651937
-1.0784886,387,679,17,2109,0.363039399624766,0.957920792079208,0.756456241032999,0.781954887218045,0.526530612244898
-1.078474,387,678,17,2110,0.363380281690141,0.957920792079208,0.756814921090387,0.782268170426065,0.526889040163376
-1.078441,387,677,17,2111,0.363721804511278,0.957920792079208,0.757173601147776,0.782581453634085,0.52724795640327
-1.0783134,387,676,17,2112,0.364063969896519,0.957920792079208,0.757532281205165,0.782894736842105,0.52760736196319
-1.0782261,387,675,17,2113,0.364406779661017,0.957920792079208,0.757890961262554,0.783208020050125,0.527967257844475
-1.0780507,387,674,17,2114,0.364750235626767,0.957920792079208,0.758249641319943,0.783521303258145,0.528327645051195
-1.0775243,387,673,17,2115,0.365094339622641,0.957920792079208,0.758608321377331,0.783834586466165,0.528688524590164
-1.077456,387,672,17,2116,0.365439093484419,0.957920792079208,0.75896700143472,0.784147869674185,0.52904989747095
-1.0772431,387,671,17,2117,0.36578449905482,0.957920792079208,0.759325681492109,0.784461152882206,0.529411764705882
-1.0767019,387,670,17,2118,0.366130558183538,0.957920792079208,0.759684361549498,0.784774436090226,0.529774127310062
-1.0764064,387,669,17,2119,0.366477272727273,0.957920792079208,0.760043041606887,0.785087719298246,0.53013698630137
-1.0763339,387,668,17,2120,0.366824644549763,0.957920792079208,0.760401721664275,0.785401002506266,0.53050034270048
-1.0763265,387,667,17,2121,0.367172675521822,0.957920792079208,0.760760401721664,0.785714285714286,0.530864197530864
-1.0738345,387,666,17,2122,0.367521367521368,0.957920792079208,0.761119081779053,0.786027568922306,0.531228551818806
-1.073222,387,665,17,2123,0.36787072243346,0.957920792079208,0.761477761836442,0.786340852130326,0.531593406593407
-1.0729299,387,664,17,2124,0.368220742150333,0.957920792079208,0.761836441893831,0.786654135338346,0.531958762886598
-1.0726701,387,663,17,2125,0.368571428571429,0.957920792079208,0.76219512195122,0.786967418546366,0.53232462173315
-1.0723941,387,662,17,2126,0.368922783603432,0.957920792079208,0.762553802008608,0.787280701754386,0.532690984170681
-1.0723326,387,661,17,2127,0.369274809160305,0.957920792079208,0.762912482065997,0.787593984962406,0.533057851239669
-1.0723165,387,660,17,2128,0.369627507163324,0.957920792079208,0.763271162123386,0.787907268170426,0.53342522398346
-1.0713314,387,659,17,2129,0.369980879541109,0.957920792079208,0.763629842180775,0.788220551378446,0.533793103448276
-1.0694673,387,658,17,2130,0.370334928229665,0.957920792079208,0.763988522238164,0.788533834586466,0.53416149068323
-1.0691013,387,657,17,2131,0.370689655172414,0.957920792079208,0.764347202295552,0.788847117794486,0.534530386740331
-1.0685779,387,656,17,2132,0.37104506232023,0.957920792079208,0.764705882352941,0.789160401002506,0.534899792674499
-1.0679554,387,655,17,2133,0.371401151631478,0.957920792079208,0.76506456241033,0.789473684210526,0.535269709543568
-1.0677141,387,654,17,2134,0.371757925072046,0.957920792079208,0.765423242467719,0.789786967418546,0.535640138408304
-1.0675483,387,653,17,2135,0.372115384615385,0.957920792079208,0.765781922525108,0.790100250626566,0.53601108033241
-1.0673205,387,652,17,2136,0.372473532242541,0.957920792079208,0.766140602582496,0.790413533834586,0.536382536382536
-1.0672305,387,651,17,2137,0.372832369942197,0.957920792079208,0.766499282639885,0.790726817042607,0.536754507628294
-1.0661929,387,650,17,2138,0.373191899710704,0.957920792079208,0.766857962697274,0.791040100250627,0.537126995142262
-1.065981,387,649,17,2139,0.373552123552124,0.957920792079208,0.767216642754663,0.791353383458647,0.5375
-1.0651494,387,648,17,2140,0.373913043478261,0.957920792079208,0.767575322812052,0.791666666666667,0.537873523280056
-1.064828,387,647,17,2141,0.374274661508704,0.957920792079208,0.76793400286944,0.791979949874687,0.538247566063978
-1.0641828,387,646,17,2142,0.374636979670862,0.957920792079208,0.768292682926829,0.792293233082707,0.538622129436326
-1.0640185,387,645,17,2143,0.375,0.957920792079208,0.768651362984218,0.792606516290727,0.53899721448468
-1.0637301,387,644,17,2144,0.375363724539282,0.957920792079208,0.769010043041607,0.792919799498747,0.539372822299652
-1.0623091,387,643,17,2145,0.375728155339806,0.957920792079208,0.769368723098996,0.793233082706767,0.539748953974895
-1.06202,387,642,17,2146,0.376093294460641,0.957920792079208,0.769727403156385,0.793546365914787,0.540125610607118
-1.0619206,387,641,17,2147,0.376459143968872,0.957920792079208,0.770086083213773,0.793859649122807,0.540502793296089
-1.0616239,387,640,17,2148,0.37682570593963,0.957920792079208,0.770444763271162,0.794172932330827,0.540880503144654
-1.0616032,387,639,17,2149,0.37719298245614,0.957920792079208,0.770803443328551,0.794486215538847,0.541258741258741
-1.0610695,387,638,17,2150,0.377560975609756,0.957920792079208,0.77116212338594,0.794799498746867,0.541637508747376
-1.0609573,387,637,17,2151,0.3779296875,0.957920792079208,0.771520803443329,0.795112781954887,0.542016806722689
-1.0606437,387,636,17,2152,0.378299120234604,0.957920792079208,0.771879483500717,0.795426065162907,0.54239663629993
-1.0604117,387,635,17,2153,0.37866927592955,0.957920792079208,0.772238163558106,0.795739348370927,0.542776998597475
-1.0603327,387,634,17,2154,0.379040156709109,0.957920792079208,0.772596843615495,0.796052631578947,0.543157894736842
-1.0597253,387,633,17,2155,0.379411764705882,0.957920792079208,0.772955523672884,0.796365914786967,0.543539325842697
-1.0597054,387,632,17,2156,0.379784102060844,0.957920792079208,0.773314203730273,0.796679197994987,0.543921293042867
-1.0593076,387,631,17,2157,0.380157170923379,0.957920792079208,0.773672883787661,0.796992481203007,0.544303797468354
-1.059193,387,630,17,2158,0.380530973451327,0.957920792079208,0.77403156384505,0.797305764411028,0.544686840253343
-1.0591439,387,629,17,2159,0.380905511811024,0.957920792079208,0.774390243902439,0.797619047619048,0.545070422535211
-1.0574625,387,628,17,2160,0.38128078817734,0.957920792079208,0.774748923959828,0.797932330827068,0.545454545454545
-1.0559279,387,627,17,2161,0.381656804733728,0.957920792079208,0.775107604017217,0.798245614035088,0.545839210155148
-1.0557851,387,626,17,2162,0.382033563672261,0.957920792079208,0.775466284074605,0.798558897243108,0.546224417784051
-1.0556563,387,625,17,2163,0.382411067193676,0.957920792079208,0.775824964131994,0.798872180451128,0.546610169491525
-1.0555835,387,624,17,2164,0.382789317507418,0.957920792079208,0.776183644189383,0.799185463659148,0.546996466431095
-1.0550501,387,623,17,2165,0.383168316831683,0.957920792079208,0.776542324246772,0.799498746867168,0.547383309759547
-1.0549649,387,622,17,2166,0.383548067393459,0.957920792079208,0.776901004304161,0.799812030075188,0.547770700636943
-1.054529,387,621,17,2167,0.383928571428571,0.957920792079208,0.777259684361549,0.800125313283208,0.548158640226629
-1.0524079,387,620,17,2168,0.384309831181728,0.957920792079208,0.777618364418938,0.800438596491228,0.548547129695252
-1.0519804,387,619,17,2169,0.384691848906561,0.957920792079208,0.777977044476327,0.800751879699248,0.548936170212766
-1.0510898,387,618,17,2170,0.385074626865672,0.957920792079208,0.778335724533716,0.801065162907268,0.549325762952449
-1.0505269,387,617,17,2171,0.385458167330677,0.957920792079208,0.778694404591105,0.801378446115288,0.549715909090909
-1.050216,387,616,17,2172,0.385842472582253,0.957920792079208,0.779053084648494,0.801691729323308,0.550106609808102
-1.0496665,387,615,17,2173,0.38622754491018,0.957920792079208,0.779411764705882,0.802005012531328,0.55049786628734
-1.0496252,387,614,17,2174,0.386613386613387,0.957920792079208,0.779770444763271,0.802318295739348,0.550889679715303
-1.0495954,387,613,17,2175,0.387,0.957920792079208,0.78012912482066,0.802631578947368,0.551282051282051
-1.0494685,387,612,17,2176,0.387387387387387,0.957920792079208,0.780487804878049,0.802944862155389,0.551674982181041
-1.0493308,387,611,17,2177,0.387775551102204,0.957920792079208,0.780846484935438,0.803258145363409,0.55206847360913
-1.048733,387,610,17,2178,0.388164493480441,0.957920792079208,0.781205164992826,0.803571428571429,0.552462526766595
-1.0487273,386,610,18,2178,0.387550200803213,0.955445544554455,0.781205164992826,0.803258145363409,0.551428571428571
-1.0478073,385,610,19,2178,0.386934673366834,0.952970297029703,0.781205164992826,0.802944862155389,0.550393137955683
-1.0472393,385,609,19,2179,0.387323943661972,0.952970297029703,0.781563845050215,0.803258145363409,0.550786838340486
-1.0466435,385,608,19,2180,0.387713997985901,0.952970297029703,0.781922525107604,0.803571428571429,0.551181102362205
-1.0464369,385,607,19,2181,0.388104838709677,0.952970297029703,0.782281205164993,0.803884711779449,0.551575931232092
-1.045897,385,606,19,2182,0.388496468213925,0.952970297029703,0.782639885222382,0.804197994987469,0.551971326164875
-1.0456681,385,605,19,2183,0.388888888888889,0.952970297029703,0.78299856527977,0.804511278195489,0.552367288378766
-1.0456009,385,604,19,2184,0.389282103134479,0.952970297029703,0.783357245337159,0.804824561403509,0.552763819095477
-1.0452932,385,603,19,2185,0.389676113360324,0.952970297029703,0.783715925394548,0.805137844611529,0.55316091954023
-1.0451146,385,602,19,2186,0.390070921985816,0.952970297029703,0.784074605451937,0.805451127819549,0.553558590941769
-1.044266,385,601,19,2187,0.390466531440162,0.952970297029703,0.784433285509326,0.805764411027569,0.553956834532374
-1.0434331,385,600,19,2188,0.390862944162437,0.952970297029703,0.784791965566714,0.806077694235589,0.554355651547876
-1.0432266,385,599,19,2189,0.391260162601626,0.952970297029703,0.785150645624103,0.806390977443609,0.554755043227666
-1.0429405,384,599,20,2189,0.390640895218718,0.95049504950495,0.785150645624103,0.806077694235589,0.553713049747657
-1.0419025,384,598,20,2190,0.391038696537678,0.95049504950495,0.785509325681492,0.806390977443609,0.554112554112554
-1.0416776,384,597,20,2191,0.391437308868502,0.95049504950495,0.785868005738881,0.806704260651629,0.554512635379061
-1.0404795,384,596,20,2192,0.391836734693878,0.95049504950495,0.78622668579627,0.807017543859649,0.554913294797688
-1.0401244,384,595,20,2193,0.392236976506639,0.95049504950495,0.786585365853659,0.807330827067669,0.55531453362256
-1.0399572,384,594,20,2194,0.392638036809816,0.95049504950495,0.786944045911047,0.807644110275689,0.555716353111433
-1.0397471,384,593,20,2195,0.393039918116684,0.95049504950495,0.787302725968436,0.807957393483709,0.556118754525706
-1.0395488,384,592,20,2196,0.39344262295082,0.95049504950495,0.787661406025825,0.808270676691729,0.556521739130435
-1.0391012,384,591,20,2197,0.393846153846154,0.95049504950495,0.788020086083214,0.808583959899749,0.556925308194344
-1.0388867,384,590,20,2198,0.394250513347023,0.95049504950495,0.788378766140603,0.808897243107769,0.55732946298984
-1.0376481,384,589,20,2199,0.394655704008222,0.95049504950495,0.788737446197991,0.809210526315789,0.557734204793028
-1.0364276,384,588,20,2200,0.395061728395062,0.95049504950495,0.78909612625538,0.80952380952381,0.558139534883721
-1.0358794,384,587,20,2201,0.395468589083419,0.95049504950495,0.789454806312769,0.80983709273183,0.558545454545455
-1.0355006,384,586,20,2202,0.395876288659794,0.95049504950495,0.789813486370158,0.81015037593985,0.558951965065502
-1.034472,384,585,20,2203,0.396284829721362,0.95049504950495,0.790172166427547,0.81046365914787,0.559359067734887
-1.0340016,383,585,21,2203,0.395661157024793,0.948019801980198,0.790172166427547,0.81015037593985,0.558309037900875
-1.0334266,383,584,21,2204,0.396070320579111,0.948019801980198,0.790530846484935,0.81046365914787,0.558716265499635
-1.0325457,383,583,21,2205,0.39648033126294,0.948019801980198,0.790889526542324,0.81077694235589,0.559124087591241
-1.0317525,383,582,21,2206,0.396891191709845,0.948019801980198,0.791248206599713,0.81109022556391,0.559532505478451
-1.0317479,383,581,21,2207,0.397302904564315,0.948019801980198,0.791606886657102,0.81140350877193,0.559941520467836
-1.0315478,383,580,21,2208,0.397715472481828,0.948019801980198,0.791965566714491,0.81171679197995,0.560351133869788
-1.0311359,383,579,21,2209,0.398128898128898,0.948019801980198,0.79232424677188,0.81203007518797,0.560761346998536
-1.0299598,383,578,21,2210,0.398543184183143,0.948019801980198,0.792682926829268,0.81234335839599,0.561172161172161
-1.0282035,383,577,21,2211,0.398958333333333,0.948019801980198,0.793041606886657,0.81265664160401,0.56158357771261
-1.0275058,383,576,21,2212,0.399374348279458,0.948019801980198,0.793400286944046,0.81296992481203,0.561995597945708
-1.0274764,383,575,21,2213,0.399791231732777,0.948019801980198,0.793758967001435,0.81328320802005,0.562408223201175
-1.0273795,383,574,21,2214,0.400208986415883,0.948019801980198,0.794117647058823,0.81359649122807,0.562821454812638
-1.0261914,383,573,21,2215,0.400627615062762,0.948019801980198,0.794476327116212,0.81390977443609,0.563235294117647
-1.0253215,383,572,21,2216,0.401047120418848,0.948019801980198,0.794835007173601,0.81422305764411,0.56364974245769
-1.0251242,383,571,21,2217,0.40146750524109,0.948019801980198,0.79519368723099,0.81453634085213,0.564064801178203
-1.0248115,383,570,21,2218,0.401888772298006,0.948019801980198,0.795552367288379,0.81484962406015,0.564480471628592
-1.0246274,383,569,21,2219,0.402310924369748,0.948019801980198,0.795911047345768,0.81516290726817,0.564896755162242
-1.0241575,383,568,21,2220,0.40273396424816,0.948019801980198,0.796269727403156,0.81547619047619,0.565313653136531
-1.0226486,383,567,21,2221,0.403157894736842,0.948019801980198,0.796628407460545,0.815789473684211,0.565731166912851
-1.0218667,383,566,21,2222,0.403582718651212,0.948019801980198,0.796987087517934,0.816102756892231,0.566149297856615
-1.0218115,382,566,22,2222,0.40295358649789,0.945544554455445,0.796987087517934,0.815789473684211,0.56508875739645
-1.0217433,382,565,22,2223,0.40337909186906,0.945544554455445,0.797345767575323,0.816102756892231,0.565507031828275
-1.0215068,382,564,22,2224,0.403805496828753,0.945544554455445,0.797704447632712,0.816416040100251,0.565925925925926
-1.0210171,382,563,22,2225,0.404232804232804,0.945544554455445,0.7980631276901,0.816729323308271,0.566345441067457
-1.0205693,382,562,22,2226,0.404661016949153,0.945544554455445,0.798421807747489,0.817042606516291,0.566765578635015
-1.0188938,382,561,22,2227,0.4050901378579,0.945544554455445,0.798780487804878,0.817355889724311,0.567186340014848
-1.0187038,382,560,22,2228,0.40552016985138,0.945544554455445,0.799139167862267,0.817669172932331,0.567607726597325
-1.0178176,382,559,22,2229,0.405951115834219,0.945544554455445,0.799497847919656,0.817982456140351,0.568029739776952
-1.0177562,382,558,22,2230,0.406382978723404,0.945544554455445,0.799856527977044,0.818295739348371,0.568452380952381
-1.0176108,382,557,22,2231,0.406815761448349,0.945544554455445,0.800215208034433,0.818609022556391,0.568875651526433
-1.0173193,382,556,22,2232,0.407249466950959,0.945544554455445,0.800573888091822,0.818922305764411,0.56929955290611
-1.0161414,382,555,22,2233,0.407684098185699,0.945544554455445,0.800932568149211,0.819235588972431,0.56972408650261
-1.0160025,382,554,22,2234,0.408119658119658,0.945544554455445,0.8012912482066,0.819548872180451,0.570149253731343
-1.0154217,382,553,22,2235,0.40855614973262,0.945544554455445,0.801649928263989,0.819862155388471,0.570575056011949
-1.0151439,382,552,22,2236,0.408993576017131,0.945544554455445,0.802008608321377,0.820175438596491,0.571001494768311
-1.0149275,382,551,22,2237,0.409431939978564,0.945544554455445,0.802367288378766,0.820488721804511,0.571428571428571
-1.014691,382,550,22,2238,0.409871244635193,0.945544554455445,0.802725968436155,0.820802005012531,0.57185628742515
-1.014389,382,549,22,2239,0.41031149301826,0.945544554455445,0.803084648493544,0.821115288220551,0.572284644194757
-1.0141895,382,548,22,2240,0.410752688172043,0.945544554455445,0.803443328550933,0.821428571428571,0.572713643178411
-1.0138578,382,547,22,2241,0.411194833153929,0.945544554455445,0.803802008608321,0.821741854636591,0.573143285821455
-1.0137751,382,546,22,2242,0.411637931034483,0.945544554455445,0.80416068866571,0.822055137844611,0.573573573573574
-1.0127296,382,545,22,2243,0.412081984897519,0.945544554455445,0.804519368723099,0.822368421052632,0.574004507888805
-1.0126545,382,544,22,2244,0.412526997840173,0.945544554455445,0.804878048780488,0.822681704260652,0.574436090225564
-1.0110682,382,543,22,2245,0.412972972972973,0.945544554455445,0.805236728837877,0.822994987468672,0.574868322046652
-1.0110126,382,542,22,2246,0.413419913419913,0.945544554455445,0.805595408895265,0.823308270676692,0.575301204819277
-1.009913,382,541,22,2247,0.413867822318527,0.945544554455445,0.805954088952654,0.823621553884712,0.575734740015072
-1.0098449,382,540,22,2248,0.414316702819957,0.945544554455445,0.806312769010043,0.823934837092732,0.576168929110106
-1.0092424,382,539,22,2249,0.414766558089034,0.945544554455445,0.806671449067432,0.824248120300752,0.576603773584906
-1.0085963,382,538,22,2250,0.415217391304348,0.945544554455445,0.807030129124821,0.824561403508772,0.577039274924471
-1.0082226,382,537,22,2251,0.415669205658324,0.945544554455445,0.807388809182209,0.824874686716792,0.577475434618292
-1.0074742,382,536,22,2252,0.416122004357298,0.945544554455445,0.807747489239598,0.825187969924812,0.577912254160363
-1.0068312,382,535,22,2253,0.416575790621592,0.945544554455445,0.808106169296987,0.825501253132832,0.578349735049205
-1.0061868,382,534,22,2254,0.417030567685589,0.945544554455445,0.808464849354376,0.825814536340852,0.578787878787879
-1.0058519,382,533,22,2255,0.417486338797814,0.945544554455445,0.808823529411765,0.826127819548872,0.579226686884003
-1.0057304,382,532,22,2256,0.417943107221007,0.945544554455445,0.809182209469154,0.826441102756892,0.579666160849772
-1.005381,381,532,23,2256,0.417305585980285,0.943069306930693,0.809182209469154,0.826127819548872,0.578587699316629
-1.0046068,381,531,23,2257,0.417763157894737,0.943069306930693,0.809540889526542,0.826441102756892,0.5790273556231
-1.0039682,381,530,23,2258,0.418221734357849,0.943069306930693,0.809899569583931,0.826754385964912,0.579467680608365
-1.0030735,381,529,23,2259,0.418681318681319,0.943069306930693,0.81025824964132,0.827067669172932,0.579908675799087
-1.002366,381,528,23,2260,0.419141914191419,0.943069306930693,0.810616929698709,0.827380952380952,0.58035034272658
-1.0022724,381,527,23,2261,0.419603524229075,0.943069306930693,0.810975609756098,0.827694235588972,0.580792682926829
-1.0018784,381,526,23,2262,0.420066152149945,0.943069306930693,0.811334289813486,0.828007518796993,0.581235697940503
-1.0011976,381,525,23,2263,0.420529801324503,0.943069306930693,0.811692969870875,0.828320802005013,0.581679389312977
-1.000408,381,524,23,2264,0.420994475138122,0.943069306930693,0.812051649928264,0.828634085213033,0.582123758594347
-1.0003644,381,523,23,2265,0.42146017699115,0.943069306930693,0.812410329985653,0.828947368421053,0.582568807339449
-0.9989668,381,522,23,2266,0.421926910299003,0.943069306930693,0.812769010043042,0.829260651629073,0.583014537107881
-0.9985395,381,521,23,2267,0.422394678492239,0.943069306930693,0.81312769010043,0.829573934837093,0.583460949464012
-0.99852484,381,520,23,2268,0.422863485016648,0.943069306930693,0.813486370157819,0.829887218045113,0.583908045977012
-0.9967509,381,519,23,2269,0.423333333333333,0.943069306930693,0.813845050215208,0.830200501253133,0.584355828220859
-0.99555284,380,519,24,2269,0.422691879866518,0.940594059405941,0.813845050215208,0.829887218045113,0.583269378357636
-0.99547297,380,518,24,2270,0.423162583518931,0.940594059405941,0.814203730272597,0.830200501253133,0.583717357910906
-0.99499243,380,517,24,2271,0.423634336677815,0.940594059405941,0.814562410329986,0.830513784461153,0.584166026133743
-0.9939901,380,516,24,2272,0.424107142857143,0.940594059405941,0.814921090387374,0.830827067669173,0.584615384615385
-0.9938348,380,515,24,2273,0.424581005586592,0.940594059405941,0.815279770444763,0.831140350877193,0.585065434949962
-0.993513,380,514,24,2274,0.425055928411633,0.940594059405941,0.815638450502152,0.831453634085213,0.585516178736518
-0.99269515,380,513,24,2275,0.425531914893617,0.940594059405941,0.815997130559541,0.831766917293233,0.585967617579028
-0.9925446,380,512,24,2276,0.426008968609865,0.940594059405941,0.81635581061693,0.832080200501253,0.58641975308642
-0.9923014,380,511,24,2277,0.42648709315376,0.940594059405941,0.816714490674319,0.832393483709273,0.586872586872587
-0.9919813,380,510,24,2278,0.426966292134831,0.940594059405941,0.817073170731707,0.832706766917293,0.587326120556414
-0.9919669,380,509,24,2279,0.427446569178853,0.940594059405941,0.817431850789096,0.833020050125313,0.587780355761794
-0.99174935,380,508,24,2280,0.427927927927928,0.940594059405941,0.817790530846485,0.833333333333333,0.588235294117647
-0.9908316,380,507,24,2281,0.428410372040586,0.940594059405941,0.818149210903874,0.833646616541353,0.58869093725794
-0.99003994,380,506,24,2282,0.428893905191874,0.940594059405941,0.818507890961263,0.833959899749373,0.589147286821705
-0.98908526,380,505,24,2283,0.429378531073446,0.940594059405941,0.818866571018651,0.834273182957393,0.589604344453064
-0.9889914,380,504,24,2284,0.429864253393665,0.940594059405941,0.81922525107604,0.834586466165414,0.590062111801242
-0.988612,380,503,24,2285,0.43035107587769,0.940594059405941,0.819583931133429,0.834899749373434,0.59052059052059
-0.9884762,380,502,24,2286,0.430839002267574,0.940594059405941,0.819942611190818,0.835213032581454,0.590979782270607
-0.9873592,380,501,24,2287,0.431328036322361,0.940594059405941,0.820301291248207,0.835526315789474,0.591439688715953
-0.9869033,380,500,24,2288,0.431818181818182,0.940594059405941,0.820659971305595,0.835839598997494,0.59190031152648
-0.98688155,380,499,24,2289,0.43230944254835,0.940594059405941,0.821018651362984,0.836152882205514,0.592361652377241
-0.98674005,379,499,25,2289,0.431662870159453,0.938118811881188,0.821018651362984,0.835839598997494,0.591263650546022
-0.9866175,379,498,25,2290,0.432155074116306,0.938118811881188,0.821377331420373,0.836152882205514,0.591725214676034
-0.9864386,379,497,25,2291,0.432648401826484,0.938118811881188,0.821736011477762,0.836466165413534,0.5921875
-0.9860044,379,496,25,2292,0.433142857142857,0.938118811881188,0.822094691535151,0.836779448621554,0.592650508209539
-0.9859702,379,495,25,2293,0.433638443935927,0.938118811881188,0.82245337159254,0.837092731829574,0.593114241001565
-0.98569167,379,494,25,2294,0.434135166093929,0.938118811881188,0.822812051649928,0.837406015037594,0.593578700078308
-0.98535067,379,493,25,2295,0.434633027522936,0.938118811881188,0.823170731707317,0.837719298245614,0.594043887147335
-0.9850931,379,492,25,2296,0.435132032146958,0.938118811881188,0.823529411764706,0.838032581453634,0.594509803921568
-0.98366636,379,491,25,2297,0.435632183908046,0.938118811881188,0.823888091822095,0.838345864661654,0.594976452119309
-0.9828194,379,490,25,2298,0.436133486766398,0.938118811881188,0.824246771879483,0.838659147869674,0.595443833464258
-0.9828104,379,489,25,2299,0.436635944700461,0.938118811881188,0.824605451936872,0.838972431077694,0.595911949685535
-0.98163503,379,488,25,2300,0.437139561707036,0.938118811881188,0.824964131994261,0.839285714285714,0.596380802517703
-0.98128885,379,487,25,2301,0.437644341801386,0.938118811881188,0.82532281205165,0.839598997493734,0.596850393700787
-0.9802246,378,487,26,2301,0.436994219653179,0.935643564356436,0.82532281205165,0.839285714285714,0.595744680851064
-0.97988033,378,486,26,2302,0.4375,0.935643564356436,0.825681492109039,0.839598997493734,0.59621451104101
-0.97986406,378,485,26,2303,0.438006952491309,0.935643564356436,0.826040172166428,0.839912280701754,0.596685082872928
-0.97758293,378,484,26,2304,0.438515081206497,0.935643564356436,0.826398852223816,0.840225563909774,0.597156398104265
-0.9770882,378,483,26,2305,0.439024390243902,0.935643564356436,0.826757532281205,0.840538847117794,0.597628458498024
-0.9769884,378,482,26,2306,0.43953488372093,0.935643564356436,0.827116212338594,0.840852130325815,0.598101265822785
-0.9766556,378,481,26,2307,0.440046565774156,0.935643564356436,0.827474892395983,0.841165413533835,0.598574821852732
-0.9756252,378,480,26,2308,0.440559440559441,0.935643564356436,0.827833572453372,0.841478696741855,0.59904912836767
-0.97282714,378,479,26,2309,0.441073512252042,0.935643564356436,0.82819225251076,0.841791979949875,0.599524187153053
-0.9727703,378,478,26,2310,0.441588785046729,0.935643564356436,0.828550932568149,0.842105263157895,0.6
-0.97260183,377,478,27,2310,0.44093567251462,0.933168316831683,0.828550932568149,0.841791979949875,0.598888006354249
-0.9724089,377,477,27,2311,0.441451990632318,0.933168316831683,0.828909612625538,0.842105263157895,0.599364069952305
-0.9717872,377,476,27,2312,0.441969519343494,0.933168316831683,0.829268292682927,0.842418546365915,0.599840891010342
-0.9706871,376,476,28,2312,0.44131455399061,0.930693069306931,0.829268292682927,0.842105263157895,0.598726114649682
-0.97015566,376,475,28,2313,0.441833137485311,0.930693069306931,0.829626972740316,0.842418546365915,0.599203187250996
-0.9696863,376,474,28,2314,0.442352941176471,0.930693069306931,0.829985652797704,0.842731829573935,0.599681020733652
-0.9696577,376,473,28,2315,0.442873969375736,0.930693069306931,0.830344332855093,0.843045112781955,0.600159616919393
-0.96963227,376,472,28,2316,0.443396226415094,0.930693069306931,0.830703012912482,0.843358395989975,0.600638977635783
-0.9690327,376,471,28,2317,0.443919716646989,0.930693069306931,0.831061692969871,0.843671679197995,0.601119104716227
-0.96795434,376,470,28,2318,0.444444444444444,0.930693069306931,0.83142037302726,0.843984962406015,0.6016
-0.9678816,376,469,28,2319,0.444970414201183,0.930693069306931,0.831779053084649,0.844298245614035,0.602081665332266
-0.96745414,376,468,28,2320,0.445497630331754,0.930693069306931,0.832137733142037,0.844611528822055,0.602564102564103
-0.96741474,376,467,28,2321,0.446026097271649,0.930693069306931,0.832496413199426,0.844924812030075,0.603047313552526
-0.9659085,376,466,28,2322,0.446555819477435,0.930693069306931,0.832855093256815,0.845238095238095,0.603531300160514
-0.9654897,376,465,28,2323,0.447086801426873,0.930693069306931,0.833213773314204,0.845551378446115,0.604016064257028
-0.9650801,375,465,29,2323,0.446428571428571,0.928217821782178,0.833213773314204,0.845238095238095,0.602893890675241
-0.9640674,375,464,29,2324,0.446960667461263,0.928217821782178,0.833572453371593,0.845551378446115,0.603378921962993
-0.96365315,375,463,29,2325,0.447494033412888,0.928217821782178,0.833931133428981,0.845864661654135,0.603864734299517
-0.96356493,375,462,29,2326,0.448028673835125,0.928217821782178,0.83428981348637,0.846177944862155,0.604351329572925
-0.9617799,375,461,29,2327,0.448564593301435,0.928217821782178,0.834648493543759,0.846491228070175,0.604838709677419
-0.9611893,375,460,29,2328,0.449101796407186,0.928217821782178,0.835007173601148,0.846804511278195,0.605326876513317
-0.95772165,375,459,29,2329,0.449640287769784,0.928217821782178,0.835365853658537,0.847117794486215,0.605815831987076
-0.95687455,375,458,29,2330,0.450180072028812,0.928217821782178,0.835724533715925,0.847431077694236,0.606305578011318
-0.95669276,375,457,29,2331,0.450721153846154,0.928217821782178,0.836083213773314,0.847744360902256,0.606796116504854
-0.9566906,375,456,29,2332,0.451263537906137,0.928217821782178,0.836441893830703,0.848057644110276,0.607287449392713
-0.95661014,375,455,29,2333,0.451807228915663,0.928217821782178,0.836800573888092,0.848370927318296,0.607779578606159
-0.9550459,375,454,29,2334,0.452352231604343,0.928217821782178,0.837159253945481,0.848684210526316,0.608272506082725
-0.9548156,375,453,29,2335,0.452898550724638,0.928217821782178,0.837517934002869,0.848997493734336,0.608766233766234
-0.9540053,375,452,29,2336,0.453446191051995,0.928217821782178,0.837876614060258,0.849310776942356,0.609260763606824
-0.9532133,375,451,29,2337,0.453995157384988,0.928217821782178,0.838235294117647,0.849624060150376,0.609756097560976
-0.9522379,375,450,29,2338,0.454545454545455,0.928217821782178,0.838593974175036,0.849937343358396,0.610252237591538
-0.950698,375,449,29,2339,0.455097087378641,0.928217821782178,0.838952654232425,0.850250626566416,0.610749185667752
-0.9492424,375,448,29,2340,0.455650060753341,0.928217821782178,0.839311334289814,0.850563909774436,0.611246943765281
-0.9489514,375,447,29,2341,0.456204379562044,0.928217821782178,0.839670014347202,0.850877192982456,0.611745513866232
-0.94877106,375,446,29,2342,0.456760048721072,0.928217821782178,0.840028694404591,0.851190476190476,0.612244897959184
-0.9481892,375,445,29,2343,0.457317073170732,0.928217821782178,0.84038737446198,0.851503759398496,0.612745098039216
-0.9474104,375,444,29,2344,0.457875457875458,0.928217821782178,0.840746054519369,0.851817042606516,0.613246116107931
-0.94733924,375,443,29,2345,0.458435207823961,0.928217821782178,0.841104734576757,0.852130325814536,0.613747954173486
-0.9471113,375,442,29,2346,0.458996328029376,0.928217821782178,0.841463414634146,0.852443609022556,0.614250614250614
-0.9453524,375,441,29,2347,0.459558823529412,0.928217821782178,0.841822094691535,0.852756892230576,0.614754098360656
-0.9447937,375,440,29,2348,0.460122699386503,0.928217821782178,0.842180774748924,0.853070175438597,0.615258408531583
-0.94409376,375,439,29,2349,0.460687960687961,0.928217821782178,0.842539454806313,0.853383458646617,0.61576354679803
-0.9439029,375,438,29,2350,0.461254612546125,0.928217821782178,0.842898134863702,0.853696741854637,0.616269515201315
-0.94385856,375,437,29,2351,0.461822660098522,0.928217821782178,0.84325681492109,0.854010025062657,0.616776315789474
-0.943604,375,436,29,2352,0.462392108508015,0.928217821782178,0.843615494978479,0.854323308270677,0.617283950617284
-0.94215804,375,435,29,2353,0.462962962962963,0.928217821782178,0.843974175035868,0.854636591478697,0.617792421746293
-0.9420236,375,434,29,2354,0.46353522867738,0.928217821782178,0.844332855093257,0.854949874686717,0.618301731244848
-0.9408242,375,433,29,2355,0.464108910891089,0.928217821782178,0.844691535150646,0.855263157894737,0.618811881188119
-0.9399509,375,432,29,2356,0.464684014869888,0.928217821782178,0.845050215208034,0.855576441102757,0.619322873658134
-0.9391826,375,431,29,2357,0.465260545905707,0.928217821782178,0.845408895265423,0.855889724310777,0.619834710743802
-0.9383419,375,430,29,2358,0.46583850931677,0.928217821782178,0.845767575322812,0.856203007518797,0.620347394540943
-0.93790966,375,429,29,2359,0.466417910447761,0.928217821782178,0.846126255380201,0.856516290726817,0.620860927152318
-0.93693036,374,429,30,2359,0.465753424657534,0.925742574257426,0.846126255380201,0.856203007518797,0.619718309859155
-0.9340613,374,428,30,2360,0.466334164588529,0.925742574257426,0.84648493543759,0.856516290726817,0.620232172470978
-0.93159497,374,427,30,2361,0.466916354556804,0.925742574257426,0.846843615494978,0.856829573934837,0.620746887966805
-0.93121463,374,426,30,2362,0.4675,0.925742574257426,0.847202295552367,0.857142857142857,0.621262458471761
-0.92846483,373,426,31,2362,0.466833541927409,0.923267326732673,0.847202295552367,0.856829573934837,0.620116375727348
-0.92831564,373,425,31,2363,0.467418546365915,0.923267326732673,0.847560975609756,0.857142857142857,0.62063227953411
-0.9275233,373,424,31,2364,0.468005018820577,0.923267326732673,0.847919655667145,0.857456140350877,0.621149042464613
-0.9258996,373,423,31,2365,0.468592964824121,0.923267326732673,0.848278335724534,0.857769423558897,0.621666666666667
-0.9250985,373,422,31,2366,0.469182389937107,0.923267326732673,0.848637015781923,0.858082706766917,0.622185154295246
-0.9242938,373,421,31,2367,0.469773299748111,0.923267326732673,0.848995695839311,0.858395989974937,0.622704507512521
-0.92382675,373,420,31,2368,0.470365699873897,0.923267326732673,0.8493543758967,0.858709273182957,0.623224728487886
-0.9231953,373,419,31,2369,0.470959595959596,0.923267326732673,0.849713055954089,0.859022556390977,0.623745819397993
-0.92284113,373,418,31,2370,0.471554993678887,0.923267326732673,0.850071736011478,0.859335839598998,0.624267782426778
-0.92246014,373,417,31,2371,0.472151898734177,0.923267326732673,0.850430416068867,0.859649122807018,0.624790619765494
-0.922414,373,416,31,2372,0.472750316856781,0.923267326732673,0.850789096126255,0.859962406015038,0.625314333612741
-0.92232645,373,415,31,2373,0.473350253807107,0.923267326732673,0.851147776183644,0.860275689223058,0.625838926174497
-0.92143756,373,414,31,2374,0.473951715374841,0.923267326732673,0.851506456241033,0.860588972431078,0.626364399664148
-0.92107314,373,413,31,2375,0.474554707379135,0.923267326732673,0.851865136298422,0.860902255639098,0.626890756302521
-0.92072934,373,412,31,2376,0.47515923566879,0.923267326732673,0.852223816355811,0.861215538847118,0.627417998317914
-0.9206132,372,412,32,2376,0.474489795918367,0.920792079207921,0.852223816355811,0.860902255639098,0.626262626262626
-0.9203186,372,411,32,2377,0.475095785440613,0.920792079207921,0.852582496413199,0.861215538847118,0.626790227464196
-0.91976535,372,410,32,2378,0.475703324808184,0.920792079207921,0.852941176470588,0.861528822055138,0.627318718381113
-0.919386,372,409,32,2379,0.476312419974392,0.920792079207921,0.853299856527977,0.861842105263158,0.627848101265823
-0.91905314,372,408,32,2380,0.476923076923077,0.920792079207921,0.853658536585366,0.862155388471178,0.628378378378378
-0.91834384,372,407,32,2381,0.477535301668806,0.920792079207921,0.854017216642755,0.862468671679198,0.628909551986475
-0.9170349,372,406,32,2382,0.478149100257069,0.920792079207921,0.854375896700143,0.862781954887218,0.629441624365482
-0.9169909,372,405,32,2383,0.478764478764479,0.920792079207921,0.854734576757532,0.863095238095238,0.629974597798476
-0.9162712,372,404,32,2384,0.479381443298969,0.920792079207921,0.855093256814921,0.863408521303258,0.630508474576271
-0.9152634,371,404,33,2384,0.478709677419355,0.918316831683168,0.855093256814921,0.863095238095238,0.629346904156064
-0.91408277,371,403,33,2385,0.479328165374677,0.918316831683168,0.85545193687231,0.863408521303258,0.629881154499151
-0.9133601,371,402,33,2386,0.479948253557568,0.918316831683168,0.855810616929699,0.863721804511278,0.630416312659303
-0.91328675,371,401,33,2387,0.480569948186528,0.918316831683168,0.856169296987088,0.864035087719298,0.630952380952381
-0.9129078,371,400,33,2388,0.481193255512322,0.918316831683168,0.856527977044476,0.864348370927318,0.631489361702128
-0.91263264,371,399,33,2389,0.481818181818182,0.918316831683168,0.856886657101865,0.864661654135338,0.632027257240204
-0.91233677,371,398,33,2390,0.482444733420026,0.918316831683168,0.857245337159254,0.864974937343358,0.632566069906223
-0.91223264,371,397,33,2391,0.483072916666667,0.918316831683168,0.857604017216643,0.865288220551378,0.633105802047782
-0.9114642,371,396,33,2392,0.483702737940026,0.918316831683168,0.857962697274032,0.865601503759398,0.633646456020495
-0.9107615,370,396,34,2392,0.483028720626632,0.915841584158416,0.857962697274032,0.865288220551378,0.632478632478633
-0.90852565,370,395,34,2393,0.483660130718954,0.915841584158416,0.85832137733142,0.865601503759398,0.633019674935843
-0.90826666,370,394,34,2394,0.484293193717277,0.915841584158416,0.858680057388809,0.865914786967419,0.633561643835616
-0.9078368,370,393,34,2395,0.484927916120577,0.915841584158416,0.859038737446198,0.866228070175439,0.634104541559554
-0.90777266,370,392,34,2396,0.485564304461942,0.915841584158416,0.859397417503587,0.866541353383459,0.634648370497427
-0.9064423,370,391,34,2397,0.486202365308804,0.915841584158416,0.859756097560976,0.866854636591479,0.63519313304721
-0.90503854,370,390,34,2398,0.486842105263158,0.915841584158416,0.860114777618364,0.867167919799499,0.63573883161512
-0.9036904,370,389,34,2399,0.487483530961792,0.915841584158416,0.860473457675753,0.867481203007519,0.636285468615649
-0.90340334,370,388,34,2400,0.488126649076517,0.915841584158416,0.860832137733142,0.867794486215539,0.636833046471601
-0.9014968,369,388,35,2400,0.487450462351387,0.913366336633663,0.860832137733142,0.867481203007519,0.635658914728682
-0.9011316,369,387,35,2401,0.488095238095238,0.913366336633663,0.861190817790531,0.867794486215539,0.636206896551724
-0.900697,369,386,35,2402,0.488741721854305,0.913366336633663,0.86154949784792,0.868107769423559,0.636755823986195
-0.9001691,369,385,35,2403,0.489389920424403,0.913366336633663,0.861908177905308,0.868421052631579,0.637305699481865
-0.89950794,369,384,35,2404,0.49003984063745,0.913366336633663,0.862266857962697,0.868734335839599,0.637856525496975
-0.89940006,369,383,35,2405,0.490691489361702,0.913366336633663,0.862625538020086,0.869047619047619,0.63840830449827
-0.8967689,369,382,35,2406,0.491344873501997,0.913366336633663,0.862984218077475,0.869360902255639,0.638961038961039
-0.8962193,369,381,35,2407,0.492,0.913366336633663,0.863342898134864,0.869674185463659,0.639514731369151
-0.8960524,369,380,35,2408,0.492656875834446,0.913366336633663,0.863701578192252,0.869987468671679,0.640069384215091
-0.89589936,369,379,35,2409,0.49331550802139,0.913366336633663,0.864060258249641,0.870300751879699,0.640625
-0.8957688,369,378,35,2410,0.493975903614458,0.913366336633663,0.86441893830703,0.870614035087719,0.64118158123371
-0.8949103,369,377,35,2411,0.494638069705094,0.913366336633663,0.864777618364419,0.870927318295739,0.641739130434783
-0.8928867,369,376,35,2412,0.495302013422819,0.913366336633663,0.865136298421808,0.871240601503759,0.642297650130548
-0.89261085,368,376,36,2412,0.494623655913978,0.910891089108911,0.865136298421808,0.870927318295739,0.641114982578397
-0.8917008,368,375,36,2413,0.49528936742934,0.910891089108911,0.865494978479197,0.871240601503759,0.641673931996513
-0.88990444,367,375,37,2413,0.494609164420485,0.908415841584158,0.865494978479197,0.870927318295739,0.640488656195462
-0.8880207,367,374,37,2414,0.49527665317139,0.908415841584158,0.865853658536585,0.871240601503759,0.641048034934498
-0.88688904,367,373,37,2415,0.495945945945946,0.908415841584158,0.866212338593974,0.871553884711779,0.641608391608392
-0.88636357,367,372,37,2416,0.496617050067659,0.908415841584158,0.866571018651363,0.871867167919799,0.642169728783902
-0.8862141,367,371,37,2417,0.497289972899729,0.908415841584158,0.866929698708752,0.87218045112782,0.642732049036778
-0.8854154,367,370,37,2418,0.497964721845319,0.908415841584158,0.867288378766141,0.87249373433584,0.643295354951797
-0.88461137,367,369,37,2419,0.498641304347826,0.908415841584158,0.867647058823529,0.87280701754386,0.643859649122807
-0.88453287,367,368,37,2420,0.499319727891156,0.908415841584158,0.868005738880918,0.87312030075188,0.644424934152766
-0.88357115,367,367,37,2421,0.5,0.908415841584158,0.868364418938307,0.8734335839599,0.644991212653779
-0.88342816,367,366,37,2422,0.500682128240109,0.908415841584158,0.868723098995696,0.87374686716792,0.645558487247142
-0.8827154,367,365,37,2423,0.501366120218579,0.908415841584158,0.869081779053085,0.87406015037594,0.64612676056338
-0.8823822,367,364,37,2424,0.502051983584131,0.908415841584158,0.869440459110473,0.87437343358396,0.646696035242291
-0.88034284,367,363,37,2425,0.502739726027397,0.908415841584158,0.869799139167862,0.87468671679198,0.647266313932981
-0.8802642,367,362,37,2426,0.503429355281207,0.908415841584158,0.870157819225251,0.875,0.64783759929391
-0.87991136,367,361,37,2427,0.504120879120879,0.908415841584158,0.87051649928264,0.87531328320802,0.648409893992933
-0.87956077,367,360,37,2428,0.504814305364512,0.908415841584158,0.870875179340029,0.87562656641604,0.648983200707339
-0.87956053,367,359,37,2429,0.505509641873278,0.908415841584158,0.871233859397417,0.87593984962406,0.649557522123894
-0.8788316,366,359,38,2429,0.504827586206897,0.905940594059406,0.871233859397417,0.87562656641604,0.648361381753764
-0.87872756,366,358,38,2430,0.505524861878453,0.905940594059406,0.871592539454806,0.87593984962406,0.648936170212766
-0.87757,365,358,39,2430,0.504840940525588,0.903465346534653,0.871592539454806,0.87562656641604,0.64773735581189
-0.8772629,365,357,39,2431,0.505540166204986,0.903465346534653,0.871951219512195,0.87593984962406,0.648312611012433
-0.87687206,365,356,39,2432,0.50624133148405,0.903465346534653,0.872309899569584,0.87625313283208,0.648888888888889
-0.8762652,365,355,39,2433,0.506944444444444,0.903465346534653,0.872668579626973,0.8765664160401,0.649466192170819
-0.8746125,365,354,39,2434,0.507649513212796,0.903465346534653,0.873027259684362,0.87687969924812,0.650044523597507
-0.87436515,365,353,39,2435,0.508356545961003,0.903465346534653,0.87338593974175,0.87719298245614,0.650623885918004
-0.8738426,365,352,39,2436,0.509065550906555,0.903465346534653,0.873744619799139,0.87750626566416,0.651204281891169
-0.87351984,365,351,39,2437,0.509776536312849,0.903465346534653,0.874103299856528,0.87781954887218,0.651785714285714
-0.8727746,365,350,39,2438,0.510489510489511,0.903465346534653,0.874461979913917,0.878132832080201,0.65236818588025
-0.8727192,364,350,40,2438,0.509803921568627,0.900990099009901,0.874461979913917,0.87781954887218,0.651162790697674
-0.8722351,364,349,40,2439,0.510518934081346,0.900990099009901,0.874820659971306,0.878132832080201,0.651745747538048
-0.871072,364,348,40,2440,0.51123595505618,0.900990099009901,0.875179340028694,0.878446115288221,0.652329749103943
-0.8700523,364,347,40,2441,0.511954992967651,0.900990099009901,0.875538020086083,0.878759398496241,0.652914798206278
-0.8698991,364,346,40,2442,0.512676056338028,0.900990099009901,0.875896700143472,0.879072681704261,0.653500897666068
-0.8695051,364,345,40,2443,0.513399153737659,0.900990099009901,0.876255380200861,0.879385964912281,0.654088050314465
-0.86703724,364,344,40,2444,0.514124293785311,0.900990099009901,0.87661406025825,0.879699248120301,0.654676258992806
-0.86688644,364,343,40,2445,0.514851485148515,0.900990099009901,0.876972740315638,0.880012531328321,0.655265526552655
-0.86649984,364,342,40,2446,0.515580736543909,0.900990099009901,0.877331420373027,0.880325814536341,0.655855855855856
-0.86646533,364,341,40,2447,0.516312056737589,0.900990099009901,0.877690100430416,0.880639097744361,0.656447249774572
-0.8658803,364,340,40,2448,0.517045454545455,0.900990099009901,0.878048780487805,0.880952380952381,0.657039711191336
-0.8650782,364,339,40,2449,0.51778093883357,0.900990099009901,0.878407460545194,0.881265664160401,0.657633242999097
-0.8641467,364,338,40,2450,0.518518518518518,0.900990099009901,0.878766140602583,0.881578947368421,0.658227848101266
-0.8641107,364,337,40,2451,0.51925820256776,0.900990099009901,0.879124820659971,0.881892230576441,0.658823529411765
-0.8636859,364,336,40,2452,0.52,0.900990099009901,0.87948350071736,0.882205513784461,0.659420289855073
-0.86160785,364,335,40,2453,0.520743919885551,0.900990099009901,0.879842180774749,0.882518796992481,0.660018132366274
-0.86079395,364,334,40,2454,0.521489971346705,0.900990099009901,0.880200860832138,0.882832080200501,0.660617059891107
-0.8607599,364,333,40,2455,0.522238163558106,0.900990099009901,0.880559540889527,0.883145363408521,0.661217075386013
-0.85904634,364,332,40,2456,0.522988505747126,0.900990099009901,0.880918220946915,0.883458646616541,0.661818181818182
-0.85746056,364,331,40,2457,0.523741007194245,0.900990099009901,0.881276901004304,0.883771929824561,0.662420382165605
-0.8564561,363,331,41,2457,0.523054755043228,0.898514851485149,0.881276901004304,0.883458646616541,0.66120218579235
-0.85426074,363,330,41,2458,0.523809523809524,0.898514851485149,0.881635581061693,0.883771929824561,0.661804922515953
-0.85363543,363,329,41,2459,0.524566473988439,0.898514851485149,0.881994261119082,0.884085213032581,0.662408759124087
-0.8533209,362,329,42,2459,0.523878437047757,0.896039603960396,0.881994261119082,0.883771929824561,0.661187214611872
-0.8514777,362,328,42,2460,0.52463768115942,0.896039603960396,0.882352941176471,0.884085213032581,0.661791590493601
-0.84939903,362,327,42,2461,0.525399129172714,0.896039603960396,0.882711621233859,0.884398496240602,0.662397072278134
-0.849257,362,326,42,2462,0.526162790697674,0.896039603960396,0.883070301291248,0.884711779448622,0.663003663003663
-0.8469519,362,325,42,2463,0.526928675400291,0.896039603960396,0.883428981348637,0.885025062656642,0.663611365719523
-0.84306264,361,325,43,2463,0.526239067055394,0.893564356435644,0.883428981348637,0.884711779448622,0.662385321100917
-0.8418202,361,324,43,2464,0.527007299270073,0.893564356435644,0.883787661406026,0.885025062656642,0.662993572084481
-0.84057814,361,323,43,2465,0.527777777777778,0.893564356435644,0.884146341463415,0.885338345864662,0.663602941176471
-0.83941156,361,322,43,2466,0.528550512445095,0.893564356435644,0.884505021520803,0.885651629072682,0.664213431462742
-0.83931154,361,321,43,2467,0.529325513196481,0.893564356435644,0.884863701578192,0.885964912280702,0.664825046040516
-0.8388771,361,320,43,2468,0.530102790014684,0.893564356435644,0.885222381635581,0.886278195488722,0.665437788018433
-0.83617574,361,319,43,2469,0.530882352941176,0.893564356435644,0.88558106169297,0.886591478696742,0.666051660516605
-0.8355696,361,318,43,2470,0.531664212076583,0.893564356435644,0.885939741750359,0.886904761904762,0.666666666666667
-0.83435297,361,317,43,2471,0.532448377581121,0.893564356435644,0.886298421807748,0.887218045112782,0.66728280961183
-0.8334463,361,316,43,2472,0.533234859675037,0.893564356435644,0.886657101865136,0.887531328320802,0.667900092506938
-0.8329641,361,315,43,2473,0.534023668639053,0.893564356435644,0.887015781922525,0.887844611528822,0.668518518518519
-0.83218557,361,314,43,2474,0.534814814814815,0.893564356435644,0.887374461979914,0.888157894736842,0.669138090824838
-0.82930285,361,313,43,2475,0.535608308605341,0.893564356435644,0.887733142037303,0.888471177944862,0.669758812615955
-0.82675797,361,312,43,2476,0.536404160475483,0.893564356435644,0.888091822094692,0.888784461152882,0.670380687093779
-0.826348,361,311,43,2477,0.537202380952381,0.893564356435644,0.88845050215208,0.889097744360902,0.671003717472119
-0.82219213,361,310,43,2478,0.538002980625931,0.893564356435644,0.888809182209469,0.889411027568922,0.671627906976744
-0.8217948,361,309,43,2479,0.538805970149254,0.893564356435644,0.889167862266858,0.889724310776942,0.672253258845438
-0.8201769,361,308,43,2480,0.539611360239163,0.893564356435644,0.889526542324247,0.890037593984962,0.672879776328052
-0.81950945,360,308,44,2480,0.538922155688623,0.891089108910891,0.889526542324247,0.889724310776942,0.671641791044776
-0.81907874,359,308,45,2480,0.538230884557721,0.888613861386139,0.889526542324247,0.889411027568922,0.670401493930906
-0.8162791,359,307,45,2481,0.539039039039039,0.888613861386139,0.889885222381636,0.889724310776942,0.671028037383178
-0.814582,359,306,45,2482,0.53984962406015,0.888613861386139,0.890243902439024,0.890037593984962,0.671655753040225
-0.81398696,359,305,45,2483,0.54066265060241,0.888613861386139,0.890602582496413,0.890350877192982,0.672284644194757
-0.81341827,359,304,45,2484,0.541478129713424,0.888613861386139,0.890961262553802,0.890664160401002,0.672914714151828
-0.8115341,359,303,45,2485,0.542296072507553,0.888613861386139,0.891319942611191,0.890977443609023,0.673545966228893
-0.81096965,359,302,45,2486,0.543116490166415,0.888613861386139,0.89167862266858,0.891290726817043,0.674178403755868
-0.8103122,359,301,45,2487,0.543939393939394,0.888613861386139,0.892037302725968,0.891604010025063,0.674812030075188
-0.81029755,359,300,45,2488,0.544764795144158,0.888613861386139,0.892395982783357,0.891917293233083,0.675446848541863
-0.8093987,359,299,45,2489,0.545592705167173,0.888613861386139,0.892754662840746,0.892230576441103,0.676082862523541
-0.8075031,359,298,45,2490,0.546423135464231,0.888613861386139,0.893113342898135,0.892543859649123,0.676720075400566
-0.8051699,359,297,45,2491,0.547256097560976,0.888613861386139,0.893472022955524,0.892857142857143,0.677358490566038
-0.8050558,359,296,45,2492,0.548091603053435,0.888613861386139,0.893830703012912,0.893170426065163,0.677998111425873
-0.8043662,359,295,45,2493,0.548929663608563,0.888613861386139,0.894189383070301,0.893483709273183,0.678638941398866
-0.8037848,359,294,45,2494,0.549770290964778,0.888613861386139,0.89454806312769,0.893796992481203,0.679280983916746
-0.8018903,359,293,45,2495,0.550613496932515,0.888613861386139,0.894906743185079,0.894110275689223,0.679924242424242
-0.80186695,359,292,45,2496,0.551459293394777,0.888613861386139,0.895265423242468,0.894423558897243,0.680568720379147
-0.8006781,358,292,46,2496,0.550769230769231,0.886138613861386,0.895265423242468,0.894110275689223,0.679316888045541
-0.8003052,358,291,46,2497,0.551617873651772,0.886138613861386,0.895624103299857,0.894423558897243,0.679962013295347
-0.7976435,358,290,46,2498,0.552469135802469,0.886138613861386,0.895982783357245,0.894736842105263,0.680608365019011
-0.7970696,358,289,46,2499,0.553323029366306,0.886138613861386,0.896341463414634,0.895050125313283,0.681255946717412
-0.79560035,358,288,46,2500,0.554179566563467,0.886138613861386,0.896700143472023,0.895363408521303,0.681904761904762
-0.79521495,357,288,47,2500,0.553488372093023,0.883663366336634,0.896700143472023,0.895050125313283,0.680648236415634
-0.7945816,357,287,47,2501,0.554347826086957,0.883663366336634,0.897058823529412,0.895363408521303,0.681297709923664
-0.7943209,357,286,47,2502,0.555209953343701,0.883663366336634,0.897417503586801,0.895676691729323,0.681948424068768
-0.79221946,357,285,47,2503,0.55607476635514,0.883663366336634,0.897776183644189,0.895989974937343,0.682600382409178
-0.7910803,357,284,47,2504,0.556942277691108,0.883663366336634,0.898134863701578,0.896303258145363,0.683253588516746
-0.7906073,357,283,47,2505,0.5578125,0.883663366336634,0.898493543758967,0.896616541353383,0.683908045977012
-0.78886276,357,282,47,2506,0.55868544600939,0.883663366336634,0.898852223816356,0.896929824561403,0.684563758389262
-0.7859319,357,281,47,2507,0.559561128526646,0.883663366336634,0.899210903873745,0.897243107769424,0.685220729366603
-0.78582174,357,280,47,2508,0.56043956043956,0.883663366336634,0.899569583931133,0.897556390977444,0.685878962536023
-0.78489596,357,279,47,2509,0.561320754716981,0.883663366336634,0.899928263988522,0.897869674185464,0.686538461538462
-0.7825929,357,278,47,2510,0.562204724409449,0.883663366336634,0.900286944045911,0.898182957393484,0.687199230028874
-0.7811907,357,277,47,2511,0.563091482649842,0.883663366336634,0.9006456241033,0.898496240601504,0.687861271676301
-0.781,356,277,48,2511,0.562401263823065,0.881188118811881,0.9006456241033,0.898182957393484,0.686595949855352
-0.7797306,356,276,48,2512,0.563291139240506,0.881188118811881,0.901004304160689,0.898496240601504,0.687258687258687
-0.77962357,356,275,48,2513,0.56418383518225,0.881188118811881,0.901362984218077,0.898809523809524,0.68792270531401
-0.77815384,356,274,48,2514,0.565079365079365,0.881188118811881,0.901721664275466,0.899122807017544,0.688588007736944
-0.7779693,356,273,48,2515,0.565977742448331,0.881188118811881,0.902080344332855,0.899436090225564,0.689254598257502
-0.7765978,356,272,48,2516,0.56687898089172,0.881188118811881,0.902439024390244,0.899749373433584,0.689922480620155
-0.7762559,356,271,48,2517,0.567783094098884,0.881188118811881,0.902797704447633,0.900062656641604,0.690591658583899
-0.7758272,356,270,48,2518,0.568690095846645,0.881188118811881,0.903156384505022,0.900375939849624,0.69126213592233
-0.7756733,356,269,48,2519,0.5696,0.881188118811881,0.90351506456241,0.900689223057644,0.691933916423712
-0.77289075,355,269,49,2519,0.568910256410256,0.878712871287129,0.90351506456241,0.900375939849624,0.690661478599222
-0.7724998,355,268,49,2520,0.569823434991974,0.878712871287129,0.903873744619799,0.900689223057644,0.691333982473223
-0.77232325,355,267,49,2521,0.570739549839228,0.878712871287129,0.904232424677188,0.901002506265664,0.692007797270955
-0.7719261,355,266,49,2522,0.571658615136876,0.878712871287129,0.904591104734577,0.901315789473684,0.692682926829268
-0.77183324,355,265,49,2523,0.57258064516129,0.878712871287129,0.904949784791966,0.901629072681704,0.693359375
-0.7704744,355,264,49,2524,0.573505654281099,0.878712871287129,0.905308464849354,0.901942355889724,0.694037145650049
-0.7702113,355,263,49,2525,0.574433656957929,0.878712871287129,0.905667144906743,0.902255639097744,0.694716242661448
-0.77019304,355,262,49,2526,0.575364667747164,0.878712871287129,0.906025824964132,0.902568922305764,0.69539666993144
-0.76729625,355,261,49,2527,0.576298701298701,0.878712871287129,0.906384505021521,0.902882205513785,0.696078431372549
-0.7652881,355,260,49,2528,0.577235772357724,0.878712871287129,0.90674318507891,0.903195488721805,0.696761530912659
-0.765159,355,259,49,2529,0.578175895765472,0.878712871287129,0.907101865136298,0.903508771929825,0.697445972495088
-0.76490456,355,258,49,2530,0.579119086460033,0.878712871287129,0.907460545193687,0.903822055137845,0.698131760078663
-0.764095,354,258,50,2530,0.57843137254902,0.876237623762376,0.907460545193687,0.903508771929825,0.696850393700787
-0.76243687,354,257,50,2531,0.579378068739771,0.876237623762376,0.907819225251076,0.903822055137845,0.697536945812808
-0.76241046,354,256,50,2532,0.580327868852459,0.876237623762376,0.908177905308465,0.904135338345865,0.698224852071006
-0.76177615,354,255,50,2533,0.58128078817734,0.876237623762376,0.908536585365854,0.904448621553885,0.698914116485686
-0.7600257,354,254,50,2534,0.582236842105263,0.876237623762376,0.908895265423243,0.904761904761905,0.699604743083004
-0.7598653,353,254,51,2534,0.581548599670511,0.873762376237624,0.908895265423243,0.904448621553885,0.698318496538081
-0.75848144,353,253,51,2535,0.582508250825083,0.873762376237624,0.909253945480631,0.904761904761905,0.699009900990099
-0.7535051,353,252,51,2536,0.583471074380165,0.873762376237624,0.90961262553802,0.905075187969925,0.699702675916749
-0.7509045,353,251,51,2537,0.584437086092715,0.873762376237624,0.909971305595409,0.905388471177945,0.700396825396825
-0.7495398,353,250,51,2538,0.585406301824212,0.873762376237624,0.910329985652798,0.905701754385965,0.701092353525323
-0.7491932,353,249,51,2539,0.586378737541528,0.873762376237624,0.910688665710186,0.906015037593985,0.701789264413519
-0.74907005,353,248,51,2540,0.587354409317804,0.873762376237624,0.911047345767575,0.906328320802005,0.702487562189055
-0.7482899,352,248,52,2540,0.586666666666667,0.871287128712871,0.911047345767575,0.906015037593985,0.701195219123506
-0.74775344,352,247,52,2541,0.587646076794658,0.871287128712871,0.911406025824964,0.906328320802005,0.701894317048854
-0.7468769,352,246,52,2542,0.588628762541806,0.871287128712871,0.911764705882353,0.906641604010025,0.702594810379242
-0.7465934,351,246,53,2542,0.587939698492462,0.868811881188119,0.911764705882353,0.906328320802005,0.701298701298701
-0.7456152,351,245,53,2543,0.588926174496644,0.868811881188119,0.912123385939742,0.906641604010025,0.702
-0.7444586,350,245,54,2543,0.588235294117647,0.866336633663366,0.912123385939742,0.906328320802005,0.700700700700701
-0.7429907,350,244,54,2544,0.589225589225589,0.866336633663366,0.912482065997131,0.906641604010025,0.701402805611222
-0.7404546,349,244,55,2544,0.588532883642496,0.863861386138614,0.912482065997131,0.906328320802005,0.700100300902708
-0.74011916,349,243,55,2545,0.589527027027027,0.863861386138614,0.912840746054519,0.906641604010025,0.700803212851406
-0.73805374,349,242,55,2546,0.590524534686971,0.863861386138614,0.913199426111908,0.906954887218045,0.701507537688442
-0.73653716,349,241,55,2547,0.591525423728814,0.863861386138614,0.913558106169297,0.907268170426065,0.702213279678068
-0.7350872,349,240,55,2548,0.592529711375212,0.863861386138614,0.913916786226686,0.907581453634085,0.702920443101712
-0.7321051,349,239,55,2549,0.593537414965986,0.863861386138614,0.914275466284075,0.907894736842105,0.703629032258065
-0.73067755,349,238,55,2550,0.594548551959114,0.863861386138614,0.914634146341463,0.908208020050125,0.704339051463169
-0.7305539,348,238,56,2550,0.593856655290102,0.861386138613861,0.914634146341463,0.907894736842105,0.703030303030303
-0.7286388,348,237,56,2551,0.594871794871795,0.861386138613861,0.914992826398852,0.908208020050125,0.703741152679474
-0.7263545,348,236,56,2552,0.595890410958904,0.861386138613861,0.915351506456241,0.908521303258145,0.704453441295547
-0.7252551,348,235,56,2553,0.596912521440823,0.861386138613861,0.91571018651363,0.908834586466165,0.70516717325228
-0.72442144,348,234,56,2554,0.597938144329897,0.861386138613861,0.916068866571019,0.909147869674185,0.705882352941177
-0.7244111,347,234,57,2554,0.597246127366609,0.858910891089109,0.916068866571019,0.908834586466165,0.704568527918782
-0.72412705,347,233,57,2555,0.598275862068966,0.858910891089109,0.916427546628407,0.909147869674185,0.705284552845528
-0.7217933,346,233,58,2555,0.597582037996546,0.856435643564356,0.916427546628407,0.908834586466165,0.703967446592065
-0.72066647,346,232,58,2556,0.598615916955017,0.856435643564356,0.916786226685796,0.909147869674185,0.704684317718941
-0.7198348,346,231,58,2557,0.599653379549393,0.856435643564356,0.917144906743185,0.909461152882206,0.705402650356779
-0.7182607,346,230,58,2558,0.600694444444444,0.856435643564356,0.917503586800574,0.909774436090226,0.706122448979592
-0.717428,346,229,58,2559,0.601739130434783,0.856435643564356,0.917862266857963,0.910087719298246,0.706843718079673
-0.7172707,346,228,58,2560,0.602787456445993,0.856435643564356,0.918220946915351,0.910401002506266,0.707566462167689
-0.71678734,346,227,58,2561,0.603839441535777,0.856435643564356,0.91857962697274,0.910714285714286,0.708290685772774
-0.71433127,346,226,58,2562,0.604895104895105,0.856435643564356,0.918938307030129,0.911027568922306,0.709016393442623
-0.7131194,346,225,58,2563,0.605954465849387,0.856435643564356,0.919296987087518,0.911340852130326,0.70974358974359
-0.7124917,345,225,59,2563,0.605263157894737,0.853960396039604,0.919296987087518,0.911027568922306,0.708418891170431
-0.71113455,345,224,59,2564,0.606326889279438,0.853960396039604,0.919655667144907,0.911340852130326,0.709146968139774
-0.7097197,345,223,59,2565,0.607394366197183,0.853960396039604,0.920014347202296,0.911654135338346,0.709876543209877
-0.7089357,345,222,59,2566,0.608465608465608,0.853960396039604,0.920373027259684,0.911967418546366,0.710607621009269
-0.7080111,345,221,59,2567,0.609540636042403,0.853960396039604,0.920731707317073,0.912280701754386,0.711340206185567
-0.70740694,345,220,59,2568,0.610619469026549,0.853960396039604,0.921090387374462,0.912593984962406,0.712074303405573
-0.7069709,345,219,59,2569,0.611702127659574,0.853960396039604,0.921449067431851,0.912907268170426,0.712809917355372
-0.7053133,345,218,59,2570,0.612788632326821,0.853960396039604,0.92180774748924,0.913220551378446,0.713547052740434
-0.704543,345,217,59,2571,0.613879003558719,0.853960396039604,0.922166427546628,0.913533834586466,0.714285714285714
-0.7033812,345,216,59,2572,0.614973262032086,0.853960396039604,0.922525107604017,0.913847117794486,0.715025906735751
-0.7008131,345,215,59,2573,0.616071428571429,0.853960396039604,0.922883787661406,0.914160401002506,0.715767634854772
-0.700588,345,214,59,2574,0.617173524150268,0.853960396039604,0.923242467718795,0.914473684210526,0.716510903426791
-0.69828933,345,213,59,2575,0.618279569892473,0.853960396039604,0.923601147776184,0.914786967418546,0.717255717255717
-0.6974846,345,212,59,2576,0.619389587073609,0.853960396039604,0.923959827833572,0.915100250626566,0.718002081165453
-0.6968836,345,211,59,2577,0.620503597122302,0.853960396039604,0.924318507890961,0.915413533834586,0.71875
-0.69515365,345,210,59,2578,0.621621621621622,0.853960396039604,0.92467718794835,0.915726817042607,0.719499478623566
-0.6940934,345,209,59,2579,0.622743682310469,0.853960396039604,0.925035868005739,0.916040100250627,0.720250521920668
-0.69240075,344,209,60,2579,0.622061482820977,0.851485148514851,0.925035868005739,0.915726817042607,0.718913270637409
-0.69091004,344,208,60,2580,0.623188405797101,0.851485148514851,0.925394548063128,0.916040100250627,0.719665271966527
-0.690764,344,207,60,2581,0.62431941923775,0.851485148514851,0.925753228120517,0.916353383458647,0.720418848167539
-0.68979615,344,206,60,2582,0.625454545454545,0.851485148514851,0.926111908177905,0.916666666666667,0.721174004192872
-0.6878552,344,205,60,2583,0.626593806921676,0.851485148514851,0.926470588235294,0.916979949874687,0.72193074501574
-0.6872016,343,205,61,2583,0.625912408759124,0.849009900990099,0.926470588235294,0.916666666666667,0.720588235294118
-0.68293035,343,204,61,2584,0.627056672760512,0.849009900990099,0.926829268292683,0.916979949874687,0.721345951629863
-0.6828414,343,203,61,2585,0.628205128205128,0.849009900990099,0.927187948350072,0.917293233082707,0.722105263157895
-0.68017226,342,203,62,2585,0.627522935779817,0.846534653465347,0.927187948350072,0.916979949874687,0.720758693361433
-0.6799429,342,202,62,2586,0.628676470588235,0.846534653465347,0.92754662840746,0.917293233082707,0.721518987341772
-0.67606,342,201,62,2587,0.629834254143646,0.846534653465347,0.927905308464849,0.917606516290727,0.722280887011616
-0.6744056,342,200,62,2588,0.6309963099631,0.846534653465347,0.928263988522238,0.917919799498747,0.723044397463002
-0.6739691,342,199,62,2589,0.632162661737523,0.846534653465347,0.928622668579627,0.918233082706767,0.723809523809524
-0.6732849,341,199,63,2589,0.631481481481482,0.844059405940594,0.928622668579627,0.917919799498747,0.722457627118644
-0.6722276,340,199,64,2589,0.630797773654917,0.841584158415842,0.928622668579627,0.917606516290727,0.721102863202545
-0.67170763,340,198,64,2590,0.631970260223048,0.841584158415842,0.928981348637016,0.917919799498747,0.721868365180467
-0.6713197,340,197,64,2591,0.633147113594041,0.841584158415842,0.929340028694405,0.918233082706767,0.722635494155154
-0.6707559,340,196,64,2592,0.634328358208955,0.841584158415842,0.929698708751793,0.918546365914787,0.723404255319149
-0.6687451,340,195,64,2593,0.635514018691589,0.841584158415842,0.930057388809182,0.918859649122807,0.724174653887114
-0.6683623,340,194,64,2594,0.636704119850187,0.841584158415842,0.930416068866571,0.919172932330827,0.724946695095949
-0.6676646,340,193,64,2595,0.637898686679174,0.841584158415842,0.93077474892396,0.919486215538847,0.725720384204909
-0.6669825,340,192,64,2596,0.639097744360902,0.841584158415842,0.931133428981349,0.919799498746867,0.726495726495727
-0.6662287,340,191,64,2597,0.64030131826742,0.841584158415842,0.931492109038737,0.920112781954887,0.727272727272727
-0.66353816,340,190,64,2598,0.641509433962264,0.841584158415842,0.931850789096126,0.920426065162907,0.728051391862955
-0.6622854,340,189,64,2599,0.642722117202268,0.841584158415842,0.932209469153515,0.920739348370927,0.728831725616292
-0.6621403,340,188,64,2600,0.643939393939394,0.841584158415842,0.932568149210904,0.921052631578947,0.729613733905579
-0.66208494,340,187,64,2601,0.645161290322581,0.841584158415842,0.932926829268293,0.921365914786967,0.730397422126745
-0.6607085,340,186,64,2602,0.64638783269962,0.841584158415842,0.933285509325681,0.921679197994987,0.731182795698925
-0.65614533,340,185,64,2603,0.647619047619048,0.841584158415842,0.93364418938307,0.921992481203007,0.731969860064586
-0.6555468,339,185,65,2603,0.646946564885496,0.839108910891089,0.93364418938307,0.921679197994987,0.730603448275862
-0.6535811,338,185,66,2603,0.646271510516252,0.836633663366337,0.93364418938307,0.921365914786967,0.72923408845739
-0.6530617,338,184,66,2604,0.647509578544061,0.836633663366337,0.934002869440459,0.921679197994987,0.730021598272138
-0.65282315,338,183,66,2605,0.648752399232246,0.836633663366337,0.934361549497848,0.921992481203007,0.730810810810811
-0.65084666,338,182,66,2606,0.65,0.836633663366337,0.934720229555237,0.922305764411028,0.731601731601732
-0.6505571,338,181,66,2607,0.651252408477842,0.836633663366337,0.935078909612626,0.922619047619048,0.732394366197183
-0.6439778,338,180,66,2608,0.652509652509653,0.836633663366337,0.935437589670014,0.922932330827068,0.733188720173536
-0.6438773,338,179,66,2609,0.653771760154739,0.836633663366337,0.935796269727403,0.923245614035088,0.733984799131379
-0.643313,338,178,66,2610,0.655038759689923,0.836633663366337,0.936154949784792,0.923558897243108,0.734782608695652
-0.6427087,337,178,67,2610,0.654368932038835,0.834158415841584,0.936154949784792,0.923245614035088,0.733405875952122
-0.64139664,337,177,67,2611,0.655642023346304,0.834158415841584,0.936513629842181,0.923558897243108,0.734204793028322
-0.64070934,337,176,67,2612,0.65692007797271,0.834158415841584,0.93687230989957,0.923872180451128,0.735005452562704
-0.6392617,337,175,67,2613,0.658203125,0.834158415841584,0.937230989956958,0.924185463659148,0.735807860262009
-0.637155,337,174,67,2614,0.659491193737769,0.834158415841584,0.937589670014347,0.924498746867168,0.736612021857924
-0.6336908,337,173,67,2615,0.66078431372549,0.834158415841584,0.937948350071736,0.924812030075188,0.737417943107221
-0.6317026,337,172,67,2616,0.662082514734774,0.834158415841584,0.938307030129125,0.925125313283208,0.738225629791895
-0.630349,337,171,67,2617,0.663385826771654,0.834158415841584,0.938665710186514,0.925438596491228,0.739035087719298
-0.6298326,337,170,67,2618,0.664694280078895,0.834158415841584,0.939024390243902,0.925751879699248,0.739846322722283
-0.6290514,337,169,67,2619,0.66600790513834,0.834158415841584,0.939383070301291,0.926065162907268,0.740659340659341
-0.62842846,336,169,68,2619,0.665346534653465,0.831683168316832,0.939383070301291,0.925751879699248,0.739273927392739
-0.62735456,336,168,68,2620,0.666666666666667,0.831683168316832,0.93974175035868,0.926065162907268,0.740088105726872
-0.6249415,336,167,68,2621,0.667992047713718,0.831683168316832,0.940100430416069,0.926378446115288,0.74090407938258
-0.6237282,336,166,68,2622,0.669322709163347,0.831683168316832,0.940459110473458,0.926691729323308,0.741721854304636
-0.6235507,336,165,68,2623,0.67065868263473,0.831683168316832,0.940817790530846,0.927005012531328,0.742541436464088
-0.6224092,336,164,68,2624,0.672,0.831683168316832,0.941176470588235,0.927318295739348,0.743362831858407
-0.6217424,335,164,69,2624,0.671342685370741,0.829207920792079,0.941176470588235,0.927005012531328,0.741971207087486
-0.62135065,335,163,69,2625,0.672690763052209,0.829207920792079,0.941535150645624,0.927318295739348,0.742793791574279
-0.620075,335,162,69,2626,0.674044265593561,0.829207920792079,0.941893830703013,0.927631578947368,0.74361820199778
-0.61985785,334,162,70,2626,0.673387096774194,0.826732673267327,0.941893830703013,0.927318295739348,0.742222222222222
-0.619109,334,161,70,2627,0.674747474747475,0.826732673267327,0.942252510760402,0.927631578947368,0.743047830923248
-0.61760896,333,161,71,2627,0.674089068825911,0.824257425742574,0.942252510760402,0.927318295739348,0.741648106904232
-0.61705846,332,161,72,2627,0.67342799188641,0.821782178217822,0.942252510760402,0.927005012531328,0.740245261984392
-0.6169029,332,160,72,2628,0.67479674796748,0.821782178217822,0.942611190817791,0.927318295739348,0.741071428571429
-0.61548454,332,159,72,2629,0.676171079429735,0.821782178217822,0.942969870875179,0.927631578947368,0.741899441340782
-0.6147115,332,158,72,2630,0.677551020408163,0.821782178217822,0.943328550932568,0.927944862155389,0.742729306487696
-0.61319244,331,158,73,2630,0.676891615541922,0.819306930693069,0.943328550932568,0.927631578947368,0.741321388577828
-0.60837847,331,157,73,2631,0.67827868852459,0.819306930693069,0.943687230989957,0.927944862155389,0.742152466367713
-0.6073975,330,157,74,2631,0.677618069815195,0.816831683168317,0.943687230989957,0.927631578947368,0.740740740740741
-0.6073466,330,156,74,2632,0.679012345679012,0.816831683168317,0.944045911047346,0.927944862155389,0.741573033707865
-0.60731524,330,155,74,2633,0.680412371134021,0.816831683168317,0.944404591104735,0.928258145363409,0.742407199100112
-0.6064521,330,154,74,2634,0.681818181818182,0.816831683168317,0.944763271162123,0.928571428571429,0.743243243243243
-0.60579765,329,154,75,2634,0.681159420289855,0.814356435643564,0.944763271162123,0.928258145363409,0.741826381059752
-0.6030007,328,154,76,2634,0.680497925311203,0.811881188118812,0.944763271162123,0.927944862155389,0.740406320541761
-0.6028736,328,153,76,2635,0.681912681912682,0.811881188118812,0.945121951219512,0.928258145363409,0.741242937853107
-0.6024129,328,152,76,2636,0.683333333333333,0.811881188118812,0.945480631276901,0.928571428571429,0.742081447963801
-0.6013536,328,151,76,2637,0.684759916492693,0.811881188118812,0.94583931133429,0.928884711779449,0.742921857304643
-0.6004408,328,150,76,2638,0.686192468619247,0.811881188118812,0.946197991391679,0.929197994987469,0.743764172335601
-0.60042864,328,149,76,2639,0.687631027253669,0.811881188118812,0.946556671449067,0.929511278195489,0.74460839954597
-0.6002191,328,148,76,2640,0.689075630252101,0.811881188118812,0.946915351506456,0.929824561403509,0.745454545454545
-0.5986013,328,147,76,2641,0.690526315789474,0.811881188118812,0.947274031563845,0.930137844611529,0.746302616609784
-0.5963416,328,146,76,2642,0.691983122362869,0.811881188118812,0.947632711621234,0.930451127819549,0.747152619589977
-0.5946302,328,145,76,2643,0.693446088794926,0.811881188118812,0.947991391678623,0.930764411027569,0.748004561003421
-0.5932761,328,144,76,2644,0.694915254237288,0.811881188118812,0.948350071736011,0.931077694235589,0.748858447488584
-0.5913812,328,143,76,2645,0.696390658174098,0.811881188118812,0.9487087517934,0.931390977443609,0.749714285714286
-0.59017915,328,142,76,2646,0.697872340425532,0.811881188118812,0.949067431850789,0.931704260651629,0.750572082379863
-0.58772564,327,142,77,2646,0.697228144989339,0.809405940594059,0.949067431850789,0.931390977443609,0.74914089347079
-0.5867994,326,142,78,2646,0.696581196581197,0.806930693069307,0.949067431850789,0.931077694235589,0.747706422018349
-0.583327,326,141,78,2647,0.698072805139186,0.806930693069307,0.949426111908178,0.931390977443609,0.748564867967853
-0.58289725,325,141,79,2647,0.697424892703863,0.804455445544555,0.949426111908178,0.931077694235589,0.747126436781609
-0.5805284,325,140,79,2648,0.698924731182796,0.804455445544555,0.949784791965567,0.931390977443609,0.747986191024166
-0.5782782,325,139,79,2649,0.700431034482759,0.804455445544555,0.950143472022956,0.931704260651629,0.748847926267281
-0.577242,325,138,79,2650,0.701943844492441,0.804455445544555,0.950502152080344,0.932017543859649,0.749711649365629
-0.57703346,325,137,79,2651,0.703463203463203,0.804455445544555,0.950860832137733,0.932330827067669,0.750577367205543
-0.57541114,325,136,79,2652,0.704989154013015,0.804455445544555,0.951219512195122,0.932644110275689,0.751445086705202
-0.57438666,324,136,80,2652,0.704347826086957,0.801980198019802,0.951219512195122,0.932330827067669,0.75
-0.57367367,323,136,81,2652,0.703703703703704,0.79950495049505,0.951219512195122,0.932017543859649,0.748551564310545
-0.5703156,323,135,81,2653,0.705240174672489,0.79950495049505,0.951578192252511,0.932330827067669,0.749419953596288
-0.56930727,323,134,81,2654,0.706783369803063,0.79950495049505,0.9519368723099,0.932644110275689,0.750290360046458
-0.5677035,323,133,81,2655,0.708333333333333,0.79950495049505,0.952295552367288,0.932957393483709,0.751162790697674
-0.5650099,323,132,81,2656,0.70989010989011,0.79950495049505,0.952654232424677,0.933270676691729,0.752037252619325
-0.5608856,323,131,81,2657,0.711453744493392,0.79950495049505,0.953012912482066,0.933583959899749,0.752913752913753
-0.56040585,323,130,81,2658,0.713024282560706,0.79950495049505,0.953371592539455,0.933897243107769,0.753792298716453
-0.56013334,323,129,81,2659,0.714601769911504,0.79950495049505,0.953730272596844,0.934210526315789,0.754672897196262
-0.5539207,322,129,82,2659,0.713968957871397,0.797029702970297,0.953730272596844,0.933897243107769,0.753216374269006
-0.54959255,322,128,82,2660,0.715555555555556,0.797029702970297,0.954088952654232,0.934210526315789,0.754098360655738
-0.5488889,321,128,83,2660,0.714922048997773,0.794554455445545,0.954088952654232,0.933897243107769,0.75263774912075
-0.54829794,320,128,84,2660,0.714285714285714,0.792079207920792,0.954088952654232,0.933583959899749,0.751173708920188
-0.5481965,319,128,85,2660,0.713646532438479,0.78960396039604,0.954088952654232,0.933270676691729,0.749706227967098
-0.5473078,319,127,85,2661,0.7152466367713,0.78960396039604,0.954447632711621,0.933583959899749,0.750588235294118
-0.54338366,318,127,86,2661,0.714606741573034,0.787128712871287,0.954447632711621,0.933270676691729,0.749116607773852
-0.5414211,317,127,87,2661,0.713963963963964,0.784653465346535,0.954447632711621,0.932957393483709,0.747641509433962
-0.5397856,317,126,87,2662,0.715575620767494,0.784653465346535,0.95480631276901,0.933270676691729,0.748524203069658
-0.53968936,317,125,87,2663,0.717194570135747,0.784653465346535,0.955164992826399,0.933583959899749,0.749408983451537
-0.53946716,317,124,87,2664,0.718820861678005,0.784653465346535,0.955523672883788,0.933897243107769,0.750295857988166
-0.5384748,317,123,87,2665,0.720454545454545,0.784653465346535,0.955882352941177,0.934210526315789,0.751184834123223
-0.53609955,316,123,88,2665,0.719817767653758,0.782178217821782,0.955882352941177,0.933897243107769,0.749703440094899
-0.53158474,316,122,88,2666,0.721461187214612,0.782178217821782,0.956241032998565,0.934210526315789,0.750593824228028
-0.52885485,316,121,88,2667,0.723112128146453,0.782178217821782,0.956599713055954,0.93452380952381,0.751486325802616
-0.5280056,315,121,89,2667,0.722477064220184,0.77970297029703,0.956599713055954,0.934210526315789,0.75
-0.5240779,314,121,90,2667,0.72183908045977,0.777227722772277,0.956599713055954,0.933897243107769,0.748510131108463
-0.52370113,314,120,90,2668,0.723502304147465,0.777227722772277,0.956958393113343,0.934210526315789,0.749403341288783
-0.52309793,314,119,90,2669,0.725173210161663,0.777227722772277,0.957317073170732,0.93452380952381,0.750298685782557
-0.5193253,313,119,91,2669,0.724537037037037,0.774752475247525,0.957317073170732,0.934210526315789,0.748803827751196
-0.51798683,312,119,92,2669,0.723897911832947,0.772277227722772,0.957317073170732,0.933897243107769,0.747305389221557
-0.51056165,312,118,92,2670,0.725581395348837,0.772277227722772,0.95767575322812,0.934210526315789,0.748201438848921
-0.5058699,312,117,92,2671,0.727272727272727,0.772277227722772,0.958034433285509,0.93452380952381,0.749099639855942
-0.50287616,312,116,92,2672,0.728971962616822,0.772277227722772,0.958393113342898,0.93483709273183,0.75
-0.5020784,312,115,92,2673,0.730679156908665,0.772277227722772,0.958751793400287,0.93515037593985,0.750902527075812
-0.4972688,311,115,93,2673,0.730046948356808,0.76980198019802,0.958751793400287,0.93483709273183,0.749397590361446
-0.49476826,311,114,93,2674,0.731764705882353,0.76980198019802,0.959110473457676,0.93515037593985,0.750301568154403
-0.4877231,310,114,94,2674,0.731132075471698,0.767326732673267,0.959110473457676,0.93483709273183,0.748792270531401
-0.48310083,310,113,94,2675,0.732860520094563,0.767326732673267,0.959469153515065,0.93515037593985,0.749697702539299
-0.48075783,310,112,94,2676,0.734597156398104,0.767326732673267,0.959827833572453,0.93546365914787,0.750605326876513
-0.4724604,310,111,94,2677,0.736342042755344,0.767326732673267,0.960186513629842,0.93577694235589,0.751515151515151
-0.47172976,309,111,95,2677,0.735714285714286,0.764851485148515,0.960186513629842,0.93546365914787,0.75
-0.46630585,308,111,96,2677,0.73508353221957,0.762376237623762,0.960186513629842,0.93515037593985,0.748481166464156
-0.46498907,307,111,97,2677,0.73444976076555,0.75990099009901,0.960186513629842,0.93483709273183,0.746958637469586
-0.45985812,307,110,97,2678,0.73621103117506,0.75990099009901,0.960545193687231,0.93515037593985,0.747868453105968
-0.45120537,306,110,98,2678,0.735576923076923,0.757425742574257,0.960545193687231,0.93483709273183,0.746341463414634
-0.44712776,306,109,98,2679,0.737349397590361,0.757425742574257,0.96090387374462,0.93515037593985,0.747252747252747
-0.44505697,306,108,98,2680,0.739130434782609,0.757425742574257,0.961262553802009,0.93546365914787,0.748166259168704
-0.44179708,306,107,98,2681,0.7409200968523,0.757425742574257,0.961621233859397,0.93577694235589,0.749082007343941
-0.43976498,305,107,99,2681,0.740291262135922,0.754950495049505,0.961621233859397,0.93546365914787,0.747549019607843
-0.42208147,304,107,100,2681,0.739659367396594,0.752475247524752,0.961621233859397,0.93515037593985,0.74601226993865
-0.42188197,304,106,100,2682,0.741463414634146,0.752475247524752,0.961979913916786,0.93546365914787,0.746928746928747
-0.42030144,303,106,101,2682,0.740831295843521,0.75,0.961979913916786,0.93515037593985,0.745387453874539
-0.40994275,302,106,102,2682,0.740196078431373,0.747524752475248,0.961979913916786,0.93483709273183,0.74384236453202
-0.4067126,302,105,102,2683,0.742014742014742,0.747524752475248,0.962338593974175,0.93515037593985,0.744759556103576
-0.40425992,302,104,102,2684,0.74384236453202,0.747524752475248,0.962697274031564,0.93546365914787,0.745679012345679
-0.39774454,301,104,103,2684,0.74320987654321,0.745049504950495,0.962697274031564,0.93515037593985,0.744128553770087
-0.39424306,301,103,103,2685,0.745049504950495,0.745049504950495,0.963055954088953,0.93546365914787,0.745049504950495
-0.39292037,301,102,103,2686,0.746898263027295,0.745049504950495,0.963414634146341,0.93577694235589,0.745972738537794
-0.39048678,300,102,104,2686,0.746268656716418,0.742574257425743,0.963414634146341,0.93546365914787,0.744416873449132
-0.38370228,299,102,105,2686,0.745635910224439,0.74009900990099,0.963414634146341,0.93515037593985,0.742857142857143
-0.38147283,299,101,105,2687,0.7475,0.74009900990099,0.96377331420373,0.93546365914787,0.743781094527363
-0.38113254,298,101,106,2687,0.746867167919799,0.737623762376238,0.96377331420373,0.93515037593985,0.742216687422167
-0.37670612,298,100,106,2688,0.748743718592965,0.737623762376238,0.964131994261119,0.93546365914787,0.743142144638404
-0.3766939,298,99,106,2689,0.750629722921914,0.737623762376238,0.964490674318508,0.93577694235589,0.744069912609238
-0.3749568,298,98,106,2690,0.752525252525252,0.737623762376238,0.964849354375897,0.93609022556391,0.745
-0.34902185,298,97,106,2691,0.754430379746835,0.737623762376238,0.965208034433286,0.93640350877193,0.745932415519399
-0.34565592,298,96,106,2692,0.756345177664975,0.737623762376238,0.965566714490674,0.93671679197995,0.7468671679198
-0.345631,298,95,106,2693,0.758269720101781,0.737623762376238,0.965925394548063,0.93703007518797,0.747804265997491
-0.34448463,297,95,107,2693,0.75765306122449,0.735148514851485,0.965925394548063,0.93671679197995,0.746231155778894
-0.34269983,297,94,107,2694,0.759590792838875,0.735148514851485,0.966284074605452,0.93703007518797,0.747169811320755
-0.34106085,296,94,108,2694,0.758974358974359,0.732673267326733,0.966284074605452,0.93671679197995,0.7455919395466
-0.32640618,295,94,109,2694,0.758354755784062,0.73019801980198,0.966284074605452,0.93640350877193,0.744010088272383
-0.32149494,294,94,110,2694,0.757731958762887,0.727722772277228,0.966284074605452,0.93609022556391,0.742424242424242
-0.31465024,294,93,110,2695,0.75968992248062,0.727722772277228,0.966642754662841,0.93640350877193,0.743362831858407
-0.3139701,293,93,111,2695,0.759067357512953,0.725247524752475,0.966642754662841,0.93609022556391,0.741772151898734
-0.31380033,293,92,111,2696,0.761038961038961,0.725247524752475,0.96700143472023,0.93640350877193,0.742712294043093
-0.31317014,292,92,112,2696,0.760416666666667,0.722772277227723,0.96700143472023,0.93609022556391,0.741116751269035
-0.3109123,292,91,112,2697,0.762402088772846,0.722772277227723,0.967360114777618,0.93640350877193,0.742058449809403
-0.3099845,292,90,112,2698,0.764397905759162,0.722772277227723,0.967718794835007,0.93671679197995,0.743002544529262
-0.30997723,291,90,113,2698,0.763779527559055,0.72029702970297,0.967718794835007,0.93640350877193,0.74140127388535
-0.30688077,290,90,114,2698,0.763157894736842,0.717821782178218,0.967718794835007,0.93609022556391,0.739795918367347
-0.3035096,290,89,114,2699,0.765171503957784,0.717821782178218,0.968077474892396,0.93640350877193,0.740740740740741
-0.30300575,289,89,115,2699,0.764550264550265,0.715346534653465,0.968077474892396,0.93609022556391,0.739130434782609
-0.30092412,289,88,115,2700,0.76657824933687,0.715346534653465,0.968436154949785,0.93640350877193,0.740076824583867
-0.2987152,289,87,115,2701,0.768617021276596,0.715346534653465,0.968794835007174,0.93671679197995,0.741025641025641
-0.29846638,289,86,115,2702,0.770666666666667,0.715346534653465,0.969153515064562,0.93703007518797,0.741976893453145
-0.29569256,288,86,116,2702,0.770053475935829,0.712871287128713,0.969153515064562,0.93671679197995,0.740359897172236
-0.2956609,287,86,117,2702,0.769436997319035,0.71039603960396,0.969153515064562,0.93640350877193,0.738738738738739
-0.2953043,286,86,118,2702,0.768817204301075,0.707920792079208,0.969153515064562,0.93609022556391,0.737113402061856
-0.29399598,286,85,118,2703,0.77088948787062,0.707920792079208,0.969512195121951,0.93640350877193,0.738064516129032
-0.28971195,286,84,118,2704,0.772972972972973,0.707920792079208,0.96987087517934,0.93671679197995,0.739018087855297
-0.28861976,286,83,118,2705,0.775067750677507,0.707920792079208,0.970229555236729,0.93703007518797,0.739974126778784
-0.2880937,286,82,118,2706,0.777173913043478,0.707920792079208,0.970588235294118,0.93734335839599,0.740932642487047
-0.28304058,286,81,118,2707,0.779291553133515,0.707920792079208,0.970946915351506,0.93765664160401,0.74189364461738
-0.28126675,285,81,119,2707,0.778688524590164,0.705445544554455,0.970946915351506,0.93734335839599,0.74025974025974
-0.27709574,284,81,120,2707,0.778082191780822,0.702970297029703,0.970946915351506,0.93703007518797,0.738621586475943
-0.27354428,284,80,120,2708,0.78021978021978,0.702970297029703,0.971305595408895,0.93734335839599,0.739583333333333
-0.27141684,284,79,120,2709,0.78236914600551,0.702970297029703,0.971664275466284,0.93765664160401,0.740547588005215
-0.26833832,284,78,120,2710,0.784530386740331,0.702970297029703,0.972022955523673,0.93796992481203,0.741514360313316
-0.25576884,283,78,121,2710,0.78393351800554,0.70049504950495,0.972022955523673,0.93765664160401,0.739869281045752
-0.2527322,283,77,121,2711,0.786111111111111,0.70049504950495,0.972381635581062,0.93796992481203,0.740837696335079
-0.25050315,282,77,122,2711,0.785515320334262,0.698019801980198,0.972381635581062,0.93765664160401,0.739187418086501
-0.2482093,281,77,123,2711,0.784916201117318,0.695544554455445,0.972381635581062,0.93734335839599,0.73753280839895
-0.24325736,280,77,124,2711,0.784313725490196,0.693069306930693,0.972381635581062,0.93703007518797,0.735873850197109
-0.2418371,279,77,125,2711,0.783707865168539,0.690594059405941,0.972381635581062,0.93671679197995,0.73421052631579
-0.23833826,278,77,126,2711,0.783098591549296,0.688118811881188,0.972381635581062,0.93640350877193,0.732542819499341
-0.23303266,277,77,127,2711,0.782485875706215,0.685643564356436,0.972381635581062,0.93609022556391,0.730870712401055
-0.22349161,276,77,128,2711,0.781869688385269,0.683168316831683,0.972381635581062,0.93577694235589,0.729194187582563
-0.22338024,275,77,129,2711,0.78125,0.680693069306931,0.972381635581062,0.93546365914787,0.727513227513228
-0.2227568,275,76,129,2712,0.783475783475784,0.680693069306931,0.972740315638451,0.93577694235589,0.728476821192053
-0.2151996,274,76,130,2712,0.782857142857143,0.678217821782178,0.972740315638451,0.93546365914787,0.726790450928382
-0.21449012,274,75,130,2713,0.785100286532951,0.678217821782178,0.973098995695839,0.93577694235589,0.727755644090306
-0.20398073,273,75,131,2713,0.78448275862069,0.675742574257426,0.973098995695839,0.93546365914787,0.726063829787234
-0.19754365,272,75,132,2713,0.783861671469741,0.673267326732673,0.973098995695839,0.93515037593985,0.724367509986684
-0.1951281,272,74,132,2714,0.786127167630058,0.673267326732673,0.973457675753228,0.93546365914787,0.725333333333333
-0.18775108,272,73,132,2715,0.788405797101449,0.673267326732673,0.973816355810617,0.93577694235589,0.72630173564753
-0.18402348,272,72,132,2716,0.790697674418605,0.673267326732673,0.974175035868006,0.93609022556391,0.727272727272727
-0.16009717,271,72,133,2716,0.790087463556851,0.670792079207921,0.974175035868006,0.93577694235589,0.725568942436412
-0.15994655,270,72,134,2716,0.789473684210526,0.668316831683168,0.974175035868006,0.93546365914787,0.723860589812332
-0.15774341,269,72,135,2716,0.788856304985337,0.665841584158416,0.974175035868006,0.93515037593985,0.722147651006711
-0.1544932,268,72,136,2716,0.788235294117647,0.663366336633663,0.974175035868006,0.93483709273183,0.720430107526882
-0.14930482,267,72,137,2716,0.787610619469027,0.660891089108911,0.974175035868006,0.93452380952381,0.718707940780619
-0.14634384,267,71,137,2717,0.789940828402367,0.660891089108911,0.974533715925395,0.93483709273183,0.719676549865229
-0.1452901,267,70,137,2718,0.792284866468843,0.660891089108911,0.974892395982783,0.93515037593985,0.720647773279352
-0.1354545,266,70,138,2718,0.791666666666667,0.658415841584158,0.974892395982783,0.93483709273183,0.718918918918919
-0.13348632,266,69,138,2719,0.794029850746269,0.658415841584158,0.975251076040172,0.93515037593985,0.719891745602165
-0.13053244,266,68,138,2720,0.796407185628742,0.658415841584158,0.975609756097561,0.93546365914787,0.720867208672087
-0.12921287,265,68,139,2720,0.795795795795796,0.655940594059406,0.975609756097561,0.93515037593985,0.719131614654003
-0.12516078,264,68,140,2720,0.795180722891566,0.653465346534653,0.975609756097561,0.93483709273183,0.717391304347826
-0.121745825,264,67,140,2721,0.797583081570997,0.653465346534653,0.97596843615495,0.93515037593985,0.718367346938776
-0.11895971,264,66,140,2722,0.8,0.653465346534653,0.976327116212339,0.93546365914787,0.719346049046322
-0.117317215,264,65,140,2723,0.802431610942249,0.653465346534653,0.976685796269727,0.93577694235589,0.720327421555252
-0.11234951,264,64,140,2724,0.804878048780488,0.653465346534653,0.977044476327116,0.93609022556391,0.721311475409836
-0.112279244,263,64,141,2724,0.804281345565749,0.650990099009901,0.977044476327116,0.93577694235589,0.719562243502052
-0.09691227,263,63,141,2725,0.806748466257669,0.650990099009901,0.977403156384505,0.93609022556391,0.720547945205479
-0.08570123,262,63,142,2725,0.806153846153846,0.648514851485149,0.977403156384505,0.93577694235589,0.718792866941015
-0.078804,261,63,143,2725,0.805555555555556,0.646039603960396,0.977403156384505,0.93546365914787,0.717032967032967
-0.07378348,261,62,143,2726,0.808049535603715,0.646039603960396,0.977761836441894,0.93577694235589,0.718019257221458
-0.067706965,260,62,144,2726,0.807453416149068,0.643564356435644,0.977761836441894,0.93546365914787,0.716253443526171
-0.06606518,260,61,144,2727,0.809968847352025,0.643564356435644,0.978120516499283,0.93577694235589,0.717241379310345
-0.064052194,260,60,144,2728,0.8125,0.643564356435644,0.978479196556671,0.93609022556391,0.718232044198895
-0.057109326,260,59,144,2729,0.815047021943574,0.643564356435644,0.97883787661406,0.93640350877193,0.719225449515906
-0.051937833,260,58,144,2730,0.817610062893082,0.643564356435644,0.979196556671449,0.93671679197995,0.720221606648199
-0.044648066,259,58,145,2730,0.817034700315457,0.641089108910891,0.979196556671449,0.93640350877193,0.718446601941748
-0.042165596,258,58,146,2730,0.816455696202532,0.638613861386139,0.979196556671449,0.93609022556391,0.716666666666667
-0.037933215,257,58,147,2730,0.815873015873016,0.636138613861386,0.979196556671449,0.93577694235589,0.714881780250348
-0.035720155,256,58,148,2730,0.815286624203822,0.633663366336634,0.979196556671449,0.93546365914787,0.713091922005571
-0.023219734,255,58,149,2730,0.814696485623003,0.631188118811881,0.979196556671449,0.93515037593985,0.711297071129707
-0.022810832,254,58,150,2730,0.814102564102564,0.628712871287129,0.979196556671449,0.93483709273183,0.709497206703911
-0.02058559,253,58,151,2730,0.813504823151125,0.626237623762376,0.979196556671449,0.93452380952381,0.707692307692308
-0.020098746,252,58,152,2730,0.812903225806452,0.623762376237624,0.979196556671449,0.934210526315789,0.705882352941177
-0.017454758,252,57,152,2731,0.815533980582524,0.623762376237624,0.979555236728838,0.93452380952381,0.70687237026648
-0.009266093,251,57,153,2731,0.814935064935065,0.621287128712871,0.979555236728838,0.934210526315789,0.705056179775281
-0.007741086,251,56,153,2732,0.817589576547231,0.621287128712871,0.979913916786227,0.93452380952381,0.70604781997187
-0.006997541,250,56,154,2732,0.816993464052288,0.618811881188119,0.979913916786227,0.934210526315789,0.704225352112676
-0.004197381,250,55,154,2733,0.819672131147541,0.618811881188119,0.980272596843615,0.93452380952381,0.705218617771509
0.002132326,250,54,154,2734,0.822368421052632,0.618811881188119,0.980631276901004,0.93483709273183,0.706214689265537
0.005993709,249,54,155,2734,0.821782178217822,0.616336633663366,0.980631276901004,0.93452380952381,0.704384724186704
0.006038562,248,54,156,2734,0.821192052980132,0.613861386138614,0.980631276901004,0.934210526315789,0.702549575070822
0.008998647,248,53,156,2735,0.823920265780731,0.613861386138614,0.980989956958393,0.93452380952381,0.70354609929078
0.012804017,247,53,157,2735,0.823333333333333,0.611386138613861,0.980989956958393,0.934210526315789,0.701704545454545
0.014383316,247,52,157,2736,0.826086956521739,0.611386138613861,0.981348637015782,0.93452380952381,0.702702702702703
0.01977849,247,51,157,2737,0.828859060402685,0.611386138613861,0.981707317073171,0.93483709273183,0.703703703703704
0.019932508,246,51,158,2737,0.828282828282828,0.608910891089109,0.981707317073171,0.93452380952381,0.701854493580599
0.020228416,245,51,159,2737,0.827702702702703,0.606435643564356,0.981707317073171,0.934210526315789,0.7
0.02206406,244,51,160,2737,0.827118644067797,0.603960396039604,0.981707317073171,0.933897243107769,0.698140200286123
0.03389977,244,50,160,2738,0.829931972789116,0.603960396039604,0.98206599713056,0.934210526315789,0.699140401146132
0.039611235,244,49,160,2739,0.832764505119454,0.603960396039604,0.982424677187948,0.93452380952381,0.700143472022955
0.040252075,243,49,161,2739,0.832191780821918,0.601485148514851,0.982424677187948,0.934210526315789,0.698275862068966
0.044927955,242,49,162,2739,0.831615120274914,0.599009900990099,0.982424677187948,0.933897243107769,0.696402877697842
0.046768695,241,49,163,2739,0.831034482758621,0.596534653465347,0.982424677187948,0.933583959899749,0.694524495677233
0.053493187,240,49,164,2739,0.830449826989619,0.594059405940594,0.982424677187948,0.933270676691729,0.692640692640693
0.053773567,239,49,165,2739,0.829861111111111,0.591584158415842,0.982424677187948,0.932957393483709,0.690751445086705
0.07163304,239,48,165,2740,0.832752613240418,0.591584158415842,0.982783357245337,0.933270676691729,0.691751085383502
0.07174656,238,48,166,2740,0.832167832167832,0.589108910891089,0.982783357245337,0.932957393483709,0.689855072463768
0.07580119,238,47,166,2741,0.835087719298246,0.589108910891089,0.983142037302726,0.933270676691729,0.690856313497823
0.07773532,238,46,166,2742,0.838028169014085,0.589108910891089,0.983500717360115,0.933583959899749,0.691860465116279
0.079795584,237,46,167,2742,0.837455830388693,0.586633663366337,0.983500717360115,0.933270676691729,0.689956331877729
0.08080174,236,46,168,2742,0.836879432624113,0.584158415841584,0.983500717360115,0.932957393483709,0.688046647230321
0.08437823,235,46,169,2742,0.836298932384342,0.581683168316832,0.983500717360115,0.932644110275689,0.686131386861314
0.08906956,234,46,170,2742,0.835714285714286,0.579207920792079,0.983500717360115,0.932330827067669,0.684210526315789
0.089074686,234,45,170,2743,0.838709677419355,0.579207920792079,0.983859397417504,0.932644110275689,0.685212298682284
0.097018406,233,45,171,2743,0.838129496402878,0.576732673267327,0.983859397417504,0.932330827067669,0.683284457478006
0.103587,232,45,172,2743,0.837545126353791,0.574257425742574,0.983859397417504,0.932017543859649,0.681350954478708
0.109026015,231,45,173,2743,0.83695652173913,0.571782178217822,0.983859397417504,0.931704260651629,0.679411764705882
0.11786814,231,44,173,2744,0.84,0.571782178217822,0.984218077474892,0.932017543859649,0.680412371134021
0.12414846,231,43,173,2745,0.843065693430657,0.571782178217822,0.984576757532281,0.932330827067669,0.68141592920354
0.12427355,230,43,174,2745,0.842490842490842,0.569306930693069,0.984576757532281,0.932017543859649,0.679468242245199
0.12978238,229,43,175,2745,0.841911764705882,0.566831683168317,0.984576757532281,0.931704260651629,0.677514792899408
0.13191535,229,42,175,2746,0.845018450184502,0.566831683168317,0.98493543758967,0.932017543859649,0.678518518518518
0.13447121,228,42,176,2746,0.844444444444444,0.564356435643564,0.98493543758967,0.931704260651629,0.676557863501484
0.13797969,227,42,177,2746,0.843866171003718,0.561881188118812,0.98493543758967,0.931390977443609,0.674591381872214
0.15106101,226,42,178,2746,0.843283582089552,0.559405940594059,0.98493543758967,0.931077694235589,0.672619047619048
0.15141755,225,42,179,2746,0.842696629213483,0.556930693069307,0.98493543758967,0.930764411027569,0.670640834575261
0.15163757,225,41,179,2747,0.845864661654135,0.556930693069307,0.985294117647059,0.931077694235589,0.671641791044776
0.1523863,224,41,180,2747,0.845283018867925,0.554455445544555,0.985294117647059,0.930764411027569,0.66965620328849
0.15925764,223,41,181,2747,0.84469696969697,0.551980198019802,0.985294117647059,0.930451127819549,0.667664670658683
0.15982653,223,40,181,2748,0.847908745247148,0.551980198019802,0.985652797704448,0.930764411027569,0.668665667166417
0.17567088,223,39,181,2749,0.851145038167939,0.551980198019802,0.986011477761836,0.931077694235589,0.66966966966967
0.17772491,222,39,182,2749,0.850574712643678,0.54950495049505,0.986011477761836,0.930764411027569,0.667669172932331
0.17777686,221,39,183,2749,0.85,0.547029702970297,0.986011477761836,0.930451127819549,0.66566265060241
0.18237801,220,39,184,2749,0.849420849420849,0.544554455445545,0.986011477761836,0.930137844611529,0.663650075414781
0.18241526,220,38,184,2750,0.852713178294574,0.544554455445545,0.986370157819225,0.930451127819549,0.664652567975831
0.18563785,219,38,185,2750,0.852140077821012,0.542079207920792,0.986370157819225,0.930137844611529,0.662632375189107
0.18682535,219,37,185,2751,0.85546875,0.542079207920792,0.986728837876614,0.930451127819549,0.663636363636364
0.18749703,218,37,186,2751,0.854901960784314,0.53960396039604,0.986728837876614,0.930137844611529,0.661608497723824
0.19032957,218,36,186,2752,0.858267716535433,0.53960396039604,0.987087517934003,0.930451127819549,0.662613981762918
0.20055564,217,36,187,2752,0.857707509881423,0.537128712871287,0.987087517934003,0.930137844611529,0.660578386605784
0.20233552,217,35,187,2753,0.861111111111111,0.537128712871287,0.987446197991392,0.930451127819549,0.661585365853659
0.20259829,216,35,188,2753,0.860557768924303,0.534653465346535,0.987446197991392,0.930137844611529,0.659541984732824
0.21317936,216,34,188,2754,0.864,0.534653465346535,0.98780487804878,0.930451127819549,0.660550458715596
0.21542029,215,34,189,2754,0.863453815261044,0.532178217821782,0.98780487804878,0.930137844611529,0.658499234303216
0.21607216,214,34,190,2754,0.862903225806452,0.52970297029703,0.98780487804878,0.929824561403509,0.656441717791411
0.22431959,214,33,190,2755,0.866396761133603,0.52970297029703,0.988163558106169,0.930137844611529,0.657450076804916
0.22680466,214,32,190,2756,0.869918699186992,0.52970297029703,0.988522238163558,0.930451127819549,0.658461538461538
0.22856165,213,32,191,2756,0.869387755102041,0.527227722772277,0.988522238163558,0.930137844611529,0.656394453004623
0.22912069,212,32,192,2756,0.868852459016393,0.524752475247525,0.988522238163558,0.929824561403509,0.654320987654321
0.23109855,211,32,193,2756,0.868312757201646,0.522277227722772,0.988522238163558,0.929511278195489,0.652241112828439
0.2321419,210,32,194,2756,0.867768595041322,0.51980198019802,0.988522238163558,0.929197994987469,0.65015479876161
0.23876311,209,32,195,2756,0.867219917012448,0.517326732673267,0.988522238163558,0.928884711779449,0.648062015503876
0.24630998,209,31,195,2757,0.870833333333333,0.517326732673267,0.988880918220947,0.929197994987469,0.649068322981367
0.25876653,208,31,196,2757,0.870292887029289,0.514851485148515,0.988880918220947,0.928884711779449,0.64696734059098
0.25960505,208,30,196,2758,0.873949579831933,0.514851485148515,0.989239598278336,0.929197994987469,0.64797507788162
0.2705391,207,30,197,2758,0.873417721518987,0.512376237623762,0.989239598278336,0.928884711779449,0.645865834633385
0.28226286,207,29,197,2759,0.877118644067797,0.512376237623762,0.989598278335725,0.929197994987469,0.646875
0.2883504,206,29,198,2759,0.876595744680851,0.50990099009901,0.989598278335725,0.928884711779449,0.644757433489828
0.28852206,205,29,199,2759,0.876068376068376,0.507425742574257,0.989598278335725,0.928571428571429,0.642633228840125
0.29213923,204,29,200,2759,0.875536480686695,0.504950495049505,0.989598278335725,0.928258145363409,0.640502354788069
0.29695398,203,29,201,2759,0.875,0.502475247524752,0.989598278335725,0.927944862155389,0.638364779874214
0.29966056,202,29,202,2759,0.874458874458874,0.5,0.989598278335725,0.927631578947368,0.636220472440945
0.31152052,201,29,203,2759,0.873913043478261,0.497524752475248,0.989598278335725,0.927318295739348,0.634069400630915
0.32808447,200,29,204,2759,0.873362445414847,0.495049504950495,0.989598278335725,0.927005012531328,0.631911532385466
0.33069676,199,29,205,2759,0.87280701754386,0.492574257425743,0.989598278335725,0.926691729323308,0.629746835443038
0.33993423,198,29,206,2759,0.872246696035242,0.49009900990099,0.989598278335725,0.926378446115288,0.627575277337559
0.34060544,197,29,207,2759,0.871681415929204,0.487623762376238,0.989598278335725,0.926065162907268,0.625396825396825
0.34137565,196,29,208,2759,0.871111111111111,0.485148514851485,0.989598278335725,0.925751879699248,0.623211446740858
0.34294504,195,29,209,2759,0.870535714285714,0.482673267326733,0.989598278335725,0.925438596491228,0.621019108280255
0.34796184,194,29,210,2759,0.869955156950673,0.48019801980198,0.989598278335725,0.925125313283208,0.618819776714514
0.34841222,193,29,211,2759,0.869369369369369,0.477722772277228,0.989598278335725,0.924812030075188,0.616613418530351
0.35206908,193,28,211,2760,0.873303167420814,0.477722772277228,0.989956958393113,0.925125313283208,0.6176
0.35394132,193,27,211,2761,0.877272727272727,0.477722772277228,0.990315638450502,0.925438596491228,0.618589743589744
0.37526536,193,26,211,2762,0.881278538812785,0.477722772277228,0.990674318507891,0.925751879699248,0.619582664526485
0.3764956,192,26,212,2762,0.880733944954128,0.475247524752475,0.990674318507891,0.925438596491228,0.617363344051447
0.3861695,191,26,213,2762,0.880184331797235,0.472772277227723,0.990674318507891,0.925125313283208,0.615136876006441
0.3862943,190,26,214,2762,0.87962962962963,0.47029702970297,0.990674318507891,0.924812030075188,0.612903225806452
0.3929155,189,26,215,2762,0.87906976744186,0.467821782178218,0.990674318507891,0.924498746867168,0.610662358642973
0.39735252,188,26,216,2762,0.878504672897196,0.465346534653465,0.990674318507891,0.924185463659148,0.608414239482201
0.3990144,187,26,217,2762,0.877934272300469,0.462871287128713,0.990674318507891,0.923872180451128,0.606158833063209
0.40622586,186,26,218,2762,0.877358490566038,0.46039603960396,0.990674318507891,0.923558897243108,0.603896103896104
0.41056073,186,25,218,2763,0.881516587677725,0.46039603960396,0.99103299856528,0.923872180451128,0.604878048780488
0.42912394,186,24,218,2764,0.885714285714286,0.46039603960396,0.991391678622669,0.924185463659148,0.60586319218241
0.4367851,186,23,218,2765,0.889952153110048,0.46039603960396,0.991750358680057,0.924498746867168,0.606851549755302
0.44217294,185,23,219,2765,0.889423076923077,0.457920792079208,0.991750358680057,0.924185463659148,0.604575163398693
0.46035898,184,23,220,2765,0.888888888888889,0.455445544554455,0.991750358680057,0.923872180451128,0.602291325695581
0.46465188,183,23,221,2765,0.888349514563107,0.452970297029703,0.991750358680057,0.923558897243108,0.6
0.47087318,182,23,222,2765,0.88780487804878,0.450495049504951,0.991750358680057,0.923245614035088,0.597701149425287
0.47329158,181,23,223,2765,0.887254901960784,0.448019801980198,0.991750358680057,0.922932330827068,0.595394736842105
0.47635674,181,22,223,2766,0.891625615763547,0.448019801980198,0.992109038737446,0.923245614035088,0.596375617792422
0.49645323,180,22,224,2766,0.891089108910891,0.445544554455446,0.992109038737446,0.922932330827068,0.594059405940594
0.4978599,179,22,225,2766,0.890547263681592,0.443069306930693,0.992109038737446,0.922619047619048,0.591735537190083
0.509764,179,21,225,2767,0.895,0.443069306930693,0.992467718794835,0.922932330827068,0.592715231788079
0.51049477,178,21,226,2767,0.894472361809045,0.440594059405941,0.992467718794835,0.922619047619048,0.590381426202322
0.5207823,177,21,227,2767,0.893939393939394,0.438118811881188,0.992467718794835,0.922305764411028,0.588039867109635
0.527453,176,21,228,2767,0.893401015228426,0.435643564356436,0.992467718794835,0.921992481203007,0.585690515806988
0.52910167,175,21,229,2767,0.892857142857143,0.433168316831683,0.992467718794835,0.921679197994987,0.583333333333333
0.5321376,174,21,230,2767,0.892307692307692,0.430693069306931,0.992467718794835,0.921365914786967,0.580968280467446
0.53799486,174,20,230,2768,0.896907216494845,0.430693069306931,0.992826398852224,0.921679197994987,0.581939799331104
0.54314655,173,20,231,2768,0.896373056994819,0.428217821782178,0.992826398852224,0.921365914786967,0.579564489112228
0.54487795,172,20,232,2768,0.895833333333333,0.425742574257426,0.992826398852224,0.921052631578947,0.577181208053691
0.5449229,172,19,232,2769,0.900523560209424,0.425742574257426,0.993185078909613,0.921365914786967,0.578151260504202
0.5577021,171,19,233,2769,0.9,0.423267326732673,0.993185078909613,0.921052631578947,0.575757575757576
0.5619659,171,18,233,2770,0.904761904761905,0.423267326732673,0.993543758967001,0.921365914786967,0.57672849915683
0.56596553,171,17,233,2771,0.909574468085106,0.423267326732673,0.99390243902439,0.921679197994987,0.577702702702703
0.5956228,170,17,234,2771,0.909090909090909,0.420792079207921,0.99390243902439,0.921365914786967,0.575296108291032
0.6093555,169,17,235,2771,0.908602150537634,0.418316831683168,0.99390243902439,0.921052631578947,0.572881355932203
0.6166473,168,17,236,2771,0.908108108108108,0.415841584158416,0.99390243902439,0.920739348370927,0.570458404074703
0.6268118,168,16,236,2772,0.91304347826087,0.415841584158416,0.994261119081779,0.921052631578947,0.571428571428571
0.62766594,167,16,237,2772,0.912568306010929,0.413366336633663,0.994261119081779,0.920739348370927,0.568994889267462
0.6315343,166,16,238,2772,0.912087912087912,0.410891089108911,0.994261119081779,0.920426065162907,0.566552901023891
0.6391919,165,16,239,2772,0.911602209944751,0.408415841584158,0.994261119081779,0.920112781954887,0.564102564102564
0.6429009,164,16,240,2772,0.911111111111111,0.405940594059406,0.994261119081779,0.919799498746867,0.561643835616438
0.64471346,163,16,241,2772,0.910614525139665,0.403465346534653,0.994261119081779,0.919486215538847,0.55917667238422
0.6528122,163,15,241,2773,0.915730337078652,0.403465346534653,0.994619799139168,0.919799498746867,0.560137457044674
0.6560506,163,14,241,2774,0.92090395480226,0.403465346534653,0.994978479196557,0.920112781954887,0.561101549053356
0.6601307,162,14,242,2774,0.920454545454545,0.400990099009901,0.994978479196557,0.919799498746867,0.558620689655173
0.67517215,162,13,242,2775,0.925714285714286,0.400990099009901,0.995337159253946,0.920112781954887,0.559585492227979
0.69565636,161,13,243,2775,0.925287356321839,0.398514851485149,0.995337159253946,0.919799498746867,0.557093425605536
0.6967202,160,13,244,2775,0.92485549132948,0.396039603960396,0.995337159253946,0.919486215538847,0.554592720970537
0.70383304,159,13,245,2775,0.924418604651163,0.393564356435644,0.995337159253946,0.919172932330827,0.552083333333333
0.7095757,158,13,246,2775,0.923976608187134,0.391089108910891,0.995337159253946,0.918859649122807,0.549565217391304
0.715334,157,13,247,2775,0.923529411764706,0.388613861386139,0.995337159253946,0.918546365914787,0.547038327526132
0.7162275,156,13,248,2775,0.923076923076923,0.386138613861386,0.995337159253946,0.918233082706767,0.544502617801047
0.7163097,155,13,249,2775,0.922619047619048,0.383663366336634,0.995337159253946,0.917919799498747,0.541958041958042
0.7378815,154,13,250,2775,0.922155688622755,0.381188118811881,0.995337159253946,0.917606516290727,0.539404553415061
0.74467736,154,12,250,2776,0.927710843373494,0.381188118811881,0.995695839311334,0.917919799498747,0.540350877192982
0.7546272,153,12,251,2776,0.927272727272727,0.378712871287129,0.995695839311334,0.917606516290727,0.537785588752197
0.7682658,152,12,252,2776,0.926829268292683,0.376237623762376,0.995695839311334,0.917293233082707,0.535211267605634
0.77324325,151,12,253,2776,0.926380368098159,0.373762376237624,0.995695839311334,0.916979949874687,0.532627865961199
0.7768995,150,12,254,2776,0.925925925925926,0.371287128712871,0.995695839311334,0.916666666666667,0.530035335689046
0.77999836,149,12,255,2776,0.925465838509317,0.368811881188119,0.995695839311334,0.916353383458647,0.527433628318584
0.788684,148,12,256,2776,0.925,0.366336633663366,0.995695839311334,0.916040100250627,0.524822695035461
0.79532784,147,12,257,2776,0.924528301886792,0.363861386138614,0.995695839311334,0.915726817042607,0.522202486678508
0.7982279,146,12,258,2776,0.924050632911392,0.361386138613861,0.995695839311334,0.915413533834586,0.519572953736655
0.79865617,145,12,259,2776,0.923566878980892,0.358910891089109,0.995695839311334,0.915100250626566,0.516934046345811
0.8085142,144,12,260,2776,0.923076923076923,0.356435643564356,0.995695839311334,0.914786967418546,0.514285714285714
0.8185647,143,12,261,2776,0.92258064516129,0.353960396039604,0.995695839311334,0.914473684210526,0.511627906976744
0.82714254,142,12,262,2776,0.922077922077922,0.351485148514851,0.995695839311334,0.914160401002506,0.508960573476702
0.8285615,141,12,263,2776,0.92156862745098,0.349009900990099,0.995695839311334,0.913847117794486,0.506283662477558
0.8299516,140,12,264,2776,0.921052631578947,0.346534653465347,0.995695839311334,0.913533834586466,0.503597122302158
0.8349323,139,12,265,2776,0.920529801324503,0.344059405940594,0.995695839311334,0.913220551378446,0.500900900900901
0.83532554,138,12,266,2776,0.92,0.341584158415842,0.995695839311334,0.912907268170426,0.498194945848376
0.8568348,138,11,266,2777,0.926174496644295,0.341584158415842,0.996054519368723,0.913220551378446,0.499095840867993
0.8676919,137,11,267,2777,0.925675675675676,0.339108910891089,0.996054519368723,0.912907268170426,0.496376811594203
0.87316346,136,11,268,2777,0.925170068027211,0.336633663366337,0.996054519368723,0.912593984962406,0.493647912885663
0.8762391,135,11,269,2777,0.924657534246575,0.334158415841584,0.996054519368723,0.912280701754386,0.490909090909091
0.8819297,135,10,269,2778,0.931034482758621,0.334158415841584,0.996413199426112,0.912593984962406,0.491803278688525
0.8955502,135,9,269,2779,0.9375,0.334158415841584,0.996771879483501,0.912907268170426,0.492700729927007
0.903776,135,8,269,2780,0.944055944055944,0.334158415841584,0.997130559540889,0.913220551378446,0.493601462522852
0.91093475,134,8,270,2780,0.943661971830986,0.331683168316832,0.997130559540889,0.912907268170426,0.490842490842491
0.92269975,133,8,271,2780,0.943262411347518,0.329207920792079,0.997130559540889,0.912593984962406,0.488073394495413
0.9313466,132,8,272,2780,0.942857142857143,0.326732673267327,0.997130559540889,0.912280701754386,0.485294117647059
0.9315719,131,8,273,2780,0.942446043165468,0.324257425742574,0.997130559540889,0.911967418546366,0.482504604051565
0.93649465,130,8,274,2780,0.942028985507246,0.321782178217822,0.997130559540889,0.911654135338346,0.47970479704797
0.93949527,130,7,274,2781,0.948905109489051,0.321782178217822,0.997489239598278,0.911967418546366,0.480591497227357
0.9419746,130,6,274,2782,0.955882352941177,0.321782178217822,0.997847919655667,0.912280701754386,0.481481481481482
0.94808453,130,5,274,2783,0.962962962962963,0.321782178217822,0.998206599713056,0.912593984962406,0.482374768089054
0.95779985,129,5,275,2783,0.962686567164179,0.319306930693069,0.998206599713056,0.912280701754386,0.479553903345725
0.9610576,128,5,276,2783,0.962406015037594,0.316831683168317,0.998206599713056,0.911967418546366,0.476722532588454
0.97027737,127,5,277,2783,0.962121212121212,0.314356435643564,0.998206599713056,0.911654135338346,0.473880597014925
0.9710303,126,5,278,2783,0.961832061068702,0.311881188118812,0.998206599713056,0.911340852130326,0.471028037383178
0.98481435,125,5,279,2783,0.961538461538462,0.309405940594059,0.998206599713056,0.911027568922306,0.468164794007491
0.99764735,124,5,280,2783,0.961240310077519,0.306930693069307,0.998206599713056,0.910714285714286,0.465290806754221
1.0067654,123,5,281,2783,0.9609375,0.304455445544554,0.998206599713056,0.910401002506266,0.462406015037594
1.0177982,122,5,282,2783,0.960629921259842,0.301980198019802,0.998206599713056,0.910087719298246,0.459510357815443
1.0231153,121,5,283,2783,0.96031746031746,0.299504950495049,0.998206599713056,0.909774436090226,0.456603773584906
1.0232558,120,5,284,2783,0.96,0.297029702970297,0.998206599713056,0.909461152882206,0.453686200378072
1.0299263,119,5,285,2783,0.959677419354839,0.294554455445545,0.998206599713056,0.909147869674185,0.450757575757576
1.0373614,118,5,286,2783,0.959349593495935,0.292079207920792,0.998206599713056,0.908834586466165,0.447817836812144
1.0445025,118,4,286,2784,0.967213114754098,0.292079207920792,0.998565279770445,0.909147869674185,0.448669201520912
1.0461643,117,4,287,2784,0.966942148760331,0.28960396039604,0.998565279770445,0.908834586466165,0.445714285714286
1.0466864,117,3,287,2785,0.975,0.28960396039604,0.998923959827834,0.909147869674185,0.446564885496183
1.0476708,116,3,288,2785,0.974789915966387,0.287128712871287,0.998923959827834,0.908834586466165,0.443594646271511
1.0714402,115,3,289,2785,0.974576271186441,0.284653465346535,0.998923959827834,0.908521303258145,0.440613026819923
1.077072,114,3,290,2785,0.974358974358974,0.282178217821782,0.998923959827834,0.908208020050125,0.437619961612284
1.0885904,113,3,291,2785,0.974137931034483,0.27970297029703,0.998923959827834,0.907894736842105,0.434615384615385
1.115817,112,3,292,2785,0.973913043478261,0.277227722772277,0.998923959827834,0.907581453634085,0.431599229287091
1.1215794,111,3,293,2785,0.973684210526316,0.274752475247525,0.998923959827834,0.907268170426065,0.428571428571429
1.134932,110,3,294,2785,0.973451327433628,0.272277227722772,0.998923959827834,0.906954887218045,0.425531914893617
1.1373372,109,3,295,2785,0.973214285714286,0.26980198019802,0.998923959827834,0.906641604010025,0.422480620155039
1.1379453,108,3,296,2785,0.972972972972973,0.267326732673267,0.998923959827834,0.906328320802005,0.419417475728155
1.1400006,107,3,297,2785,0.972727272727273,0.264851485148515,0.998923959827834,0.906015037593985,0.416342412451362
1.1436801,106,3,298,2785,0.972477064220184,0.262376237623762,0.998923959827834,0.905701754385965,0.413255360623782
1.1474901,105,3,299,2785,0.972222222222222,0.25990099009901,0.998923959827834,0.905388471177945,0.41015625
1.1491861,104,3,300,2785,0.97196261682243,0.257425742574257,0.998923959827834,0.905075187969925,0.407045009784736
1.1528488,103,3,301,2785,0.971698113207547,0.254950495049505,0.998923959827834,0.904761904761905,0.403921568627451
1.155869,102,3,302,2785,0.971428571428571,0.252475247524752,0.998923959827834,0.904448621553885,0.400785854616896
1.1568544,101,3,303,2785,0.971153846153846,0.25,0.998923959827834,0.904135338345865,0.397637795275591
1.1798495,100,3,304,2785,0.970873786407767,0.247524752475248,0.998923959827834,0.903822055137845,0.394477317554241
1.1850246,99,3,305,2785,0.970588235294118,0.245049504950495,0.998923959827834,0.903508771929825,0.391304347826087
1.1889632,98,3,306,2785,0.97029702970297,0.242574257425743,0.998923959827834,0.903195488721805,0.388118811881188
1.193796,98,2,306,2786,0.98,0.242574257425743,0.999282639885222,0.903508771929825,0.388888888888889
1.1984499,97,2,307,2786,0.97979797979798,0.24009900990099,0.999282639885222,0.903195488721805,0.385685884691849
1.2002797,96,2,308,2786,0.979591836734694,0.237623762376238,0.999282639885222,0.902882205513785,0.382470119521912
1.2068819,96,1,308,2787,0.989690721649485,0.237623762376238,0.999641319942611,0.903195488721805,0.383233532934132
1.2138011,95,1,309,2787,0.989583333333333,0.235148514851485,0.999641319942611,0.902882205513785,0.38
1.2191164,94,1,310,2787,0.989473684210526,0.232673267326733,0.999641319942611,0.902568922305764,0.376753507014028
1.2298596,93,1,311,2787,0.98936170212766,0.23019801980198,0.999641319942611,0.902255639097744,0.373493975903614
1.2393898,92,1,312,2787,0.989247311827957,0.227722772277228,0.999641319942611,0.901942355889724,0.370221327967807
1.25481,91,1,313,2787,0.989130434782609,0.225247524752475,0.999641319942611,0.901629072681704,0.366935483870968
1.2553853,90,1,314,2787,0.989010989010989,0.222772277227723,0.999641319942611,0.901315789473684,0.363636363636364
1.2678475,89,1,315,2787,0.988888888888889,0.22029702970297,0.999641319942611,0.901002506265664,0.360323886639676
1.2724459,88,1,316,2787,0.98876404494382,0.217821782178218,0.999641319942611,0.900689223057644,0.356997971602434
1.2912719,87,1,317,2787,0.988636363636364,0.215346534653465,0.999641319942611,0.900375939849624,0.353658536585366
1.3207483,86,1,318,2787,0.988505747126437,0.212871287128713,0.999641319942611,0.900062656641604,0.35030549898167
1.3276567,85,1,319,2787,0.988372093023256,0.21039603960396,0.999641319942611,0.899749373433584,0.346938775510204
1.3284795,84,1,320,2787,0.988235294117647,0.207920792079208,0.999641319942611,0.899436090225564,0.343558282208589
1.333039,83,1,321,2787,0.988095238095238,0.205445544554455,0.999641319942611,0.899122807017544,0.340163934426229
1.33884,82,1,322,2787,0.987951807228916,0.202970297029703,0.999641319942611,0.898809523809524,0.336755646817248
1.3615768,82,0,322,2788,1,0.202970297029703,1,0.899122807017544,0.337448559670782
1.365918,81,0,323,2788,1,0.200495049504951,1,0.898809523809524,0.334020618556701
1.3983148,80,0,324,2788,1,0.198019801980198,1,0.898496240601504,0.330578512396694
1.4246271,79,0,325,2788,1,0.195544554455446,1,0.898182957393484,0.32712215320911
1.4411639,78,0,326,2788,1,0.193069306930693,1,0.897869674185464,0.323651452282158
1.4609835,77,0,327,2788,1,0.190594059405941,1,0.897556390977444,0.32016632016632
1.4759727,76,0,328,2788,1,0.188118811881188,1,0.897243107769424,0.316666666666667
1.4784317,75,0,329,2788,1,0.185643564356436,1,0.896929824561403,0.313152400835073
1.4800341,74,0,330,2788,1,0.183168316831683,1,0.896616541353383,0.309623430962343
1.480705,73,0,331,2788,1,0.180693069306931,1,0.896303258145363,0.306079664570231
1.4908893,72,0,332,2788,1,0.178217821782178,1,0.895989974937343,0.302521008403361
1.4927993,71,0,333,2788,1,0.175742574257426,1,0.895676691729323,0.298947368421053
1.4974737,70,0,334,2788,1,0.173267326732673,1,0.895363408521303,0.29535864978903
1.4998,69,0,335,2788,1,0.170792079207921,1,0.895050125313283,0.291754756871036
1.5077413,68,0,336,2788,1,0.168316831683168,1,0.894736842105263,0.288135593220339
1.5241368,67,0,337,2788,1,0.165841584158416,1,0.894423558897243,0.284501061571125
1.5298986,66,0,338,2788,1,0.163366336633663,1,0.894110275689223,0.280851063829787
1.5328294,65,0,339,2788,1,0.160891089108911,1,0.893796992481203,0.277185501066098
1.5370343,64,0,340,2788,1,0.158415841584158,1,0.893483709273183,0.273504273504274
1.5547035,63,0,341,2788,1,0.155940594059406,1,0.893170426065163,0.269807280513919
1.5726964,62,0,342,2788,1,0.153465346534653,1,0.892857142857143,0.266094420600858
1.5999999,61,0,343,2788,1,0.150990099009901,1,0.892543859649123,0.262365591397849
1.6002139,60,0,344,2788,1,0.148514851485149,1,0.892230576441103,0.258620689655172
1.6105976,59,0,345,2788,1,0.146039603960396,1,0.891917293233083,0.254859611231102
1.6215575,58,0,346,2788,1,0.143564356435644,1,0.891604010025063,0.251082251082251
1.6262765,57,0,347,2788,1,0.141089108910891,1,0.891290726817043,0.247288503253796
1.6363585,56,0,348,2788,1,0.138613861386139,1,0.890977443609023,0.243478260869565
1.6657987,55,0,349,2788,1,0.136138613861386,1,0.890664160401002,0.239651416122004
1.6661351,54,0,350,2788,1,0.133663366336634,1,0.890350877192982,0.235807860262009
1.6661787,53,0,351,2788,1,0.131188118811881,1,0.890037593984962,0.231947483588621
1.67236,52,0,352,2788,1,0.128712871287129,1,0.889724310776942,0.228070175438596
1.6860595,51,0,353,2788,1,0.126237623762376,1,0.889411027568922,0.224175824175824
1.6890321,50,0,354,2788,1,0.123762376237624,1,0.889097744360902,0.220264317180617
1.7146611,49,0,355,2788,1,0.121287128712871,1,0.888784461152882,0.216335540838852
1.7502761,48,0,356,2788,1,0.118811881188119,1,0.888471177944862,0.212389380530973
1.766176,47,0,357,2788,1,0.116336633663366,1,0.888157894736842,0.208425720620843
1.7842717,46,0,358,2788,1,0.113861386138614,1,0.887844611528822,0.204444444444444
1.7873157,45,0,359,2788,1,0.111386138613861,1,0.887531328320802,0.200445434298441
1.7896316,44,0,360,2788,1,0.108910891089109,1,0.887218045112782,0.196428571428571
1.8033836,43,0,361,2788,1,0.106435643564356,1,0.886904761904762,0.192393736017897
1.8141519,42,0,362,2788,1,0.103960396039604,1,0.886591478696742,0.188340807174888
1.8339739,41,0,363,2788,1,0.101485148514851,1,0.886278195488722,0.184269662921348
1.836289,40,0,364,2788,1,0.099009900990099,1,0.885964912280702,0.18018018018018
1.8465699,39,0,365,2788,1,0.0965346534653465,1,0.885651629072682,0.17607223476298
1.8488907,38,0,366,2788,1,0.0940594059405941,1,0.885338345864662,0.171945701357466
1.8523196,37,0,367,2788,1,0.0915841584158416,1,0.885025062656642,0.167800453514739
1.8710074,36,0,368,2788,1,0.0891089108910891,1,0.884711779448622,0.163636363636364
1.8949575,35,0,369,2788,1,0.0866336633663366,1,0.884398496240602,0.159453302961276
1.9051063,34,0,370,2788,1,0.0841584158415842,1,0.884085213032581,0.155251141552511
1.9692702,33,0,371,2788,1,0.0816831683168317,1,0.883771929824561,0.151029748283753
1.9941487,32,0,372,2788,1,0.0792079207920792,1,0.883458646616541,0.146788990825688
1.9987864,31,0,373,2788,1,0.0767326732673267,1,0.883145363408521,0.142528735632184
2.0065207,30,0,374,2788,1,0.0742574257425743,1,0.882832080200501,0.138248847926267
2.0544803,29,0,375,2788,1,0.0717821782178218,1,0.882518796992481,0.133949191685912
2.0577488,28,0,376,2788,1,0.0693069306930693,1,0.882205513784461,0.12962962962963
2.063449,27,0,377,2788,1,0.0668316831683168,1,0.881892230576441,0.125290023201856
2.082624,26,0,378,2788,1,0.0643564356435644,1,0.881578947368421,0.12093023255814
2.126696,25,0,379,2788,1,0.0618811881188119,1,0.881265664160401,0.116550116550117
2.1860843,24,0,380,2788,1,0.0594059405940594,1,0.880952380952381,0.11214953271028
2.1967492,23,0,381,2788,1,0.0569306930693069,1,0.880639097744361,0.107728337236534
2.2159128,22,0,382,2788,1,0.0544554455445545,1,0.880325814536341,0.103286384976526
2.243608,21,0,383,2788,1,0.051980198019802,1,0.880012531328321,0.0988235294117647
2.2488863,20,0,384,2788,1,0.0495049504950495,1,0.879699248120301,0.0943396226415094
2.2642531,19,0,385,2788,1,0.047029702970297,1,0.879385964912281,0.0898345153664303
2.2663832,18,0,386,2788,1,0.0445544554455446,1,0.879072681704261,0.0853080568720379
2.2904189,17,0,387,2788,1,0.0420792079207921,1,0.878759398496241,0.0807600950118765
2.3312106,16,0,388,2788,1,0.0396039603960396,1,0.878446115288221,0.0761904761904762
2.3488035,15,0,389,2788,1,0.0371287128712871,1,0.878132832080201,0.071599045346062
2.3561788,14,0,390,2788,1,0.0346534653465347,1,0.87781954887218,0.0669856459330144
2.3564155,13,0,391,2788,1,0.0321782178217822,1,0.87750626566416,0.0623501199040767
2.365291,12,0,392,2788,1,0.0297029702970297,1,0.87719298245614,0.0576923076923077
2.3903708,11,0,393,2788,1,0.0272277227722772,1,0.87687969924812,0.0530120481927711
2.3921847,10,0,394,2788,1,0.0247524752475248,1,0.8765664160401,0.0483091787439614
2.3969905,9,0,395,2788,1,0.0222772277227723,1,0.87625313283208,0.0435835351089588
2.4527183,8,0,396,2788,1,0.0198019801980198,1,0.87593984962406,0.0388349514563107
2.5152316,7,0,397,2788,1,0.0173267326732673,1,0.87562656641604,0.0340632603406326
2.5466547,6,0,398,2788,1,0.0148514851485149,1,0.87531328320802,0.0292682926829268
2.6670003,5,0,399,2788,1,0.0123762376237624,1,0.875,0.0244498777506112
2.692822,4,0,400,2788,1,0.0099009900990099,1,0.87468671679198,0.0196078431372549
2.8391593,3,0,401,2788,1,0.00742574257425743,1,0.87437343358396,0.0147420147420147
2.9739847,2,0,402,2788,1,0.00495049504950495,1,0.87406015037594,0.00985221674876847
3.021716,1,0,403,2788,1,0.00247524752475248,1,0.87374686716792,0.00493827160493827
