"x","predicted","std.error","conf.low","conf.high","group","group_col","variable"
-1.042,0.00707061126639512,0.178928638211103,0.00498955600945001,0.0100109049865712,"Mar-Aug (Reproductive)","Mar-Aug (Reproductive)","mature_forest_area"
-1.042,0.00201151754300766,0.277256710323408,0.00116920020095929,0.00345855748977132,"Set-Feb (Non-Reproductive)","Set-Feb (Non-Reproductive)","mature_forest_area"
-1.034,0.00701720120593193,0.178343891322534,0.00495743771257617,0.00992423929715231,"Mar-Aug (Reproductive)","Mar-Aug (Reproductive)","mature_forest_area"
-1.034,0.00201101228822405,0.275702907496828,0.00117246730261941,0.00344721224654123,"Set-Feb (Non-Reproductive)","Set-Feb (Non-Reproductive)","mature_forest_area"
-1.028,0.00697740672969145,0.177908787203232,0.00493345081559981,0.00985979397649201,"Mar-Aug (Reproductive)","Mar-Aug (Reproductive)","mature_forest_area"
-1.028,0.00201063343025521,0.274541082903396,0.00117491549786945,0.00343875135275491,"Set-Feb (Non-Reproductive)","Set-Feb (Non-Reproductive)","mature_forest_area"
-1.026,0.00696419176525829,0.177764415095525,0.00492547450979892,0.00983841706107687,"Mar-Aug (Reproductive)","Mar-Aug (Reproductive)","mature_forest_area"
-1.026,0.00201050716009513,0.27415448754687,0.00117573113307909,0.00343594021651358,"Set-Feb (Non-Reproductive)","Set-Feb (Non-Reproductive)","mature_forest_area"
-1.025,0.00695759360598004,0.177692353733818,0.0049214899733988,0.0098277481954531,"Mar-Aug (Reproductive)","Mar-Aug (Reproductive)","mature_forest_area"
-1.025,0.00201044402798284,0.273961318085844,0.00117613886752442,0.00343453636745425,"Set-Feb (Non-Reproductive)","Set-Feb (Non-Reproductive)","mature_forest_area"
-1.02,0.0069246958086284,0.177333297896842,0.00490160339247442,0.009774599178748,"Mar-Aug (Reproductive)","Mar-Aug (Reproductive)","mature_forest_area"
-1.02,0.00201012839709655,0.272996760208668,0.00117817668519429,0.0034275343240962,"Set-Feb (Non-Reproductive)","Set-Feb (Non-Reproductive)","mature_forest_area"
-1.019,0.00691813480873744,0.177261737633258,0.00489763328534881,0.00976400833129644,"Mar-Aug (Reproductive)","Mar-Aug (Reproductive)","mature_forest_area"
-1.019,0.00201006527685388,0.272804107795359,0.00117858407377338,0.00342613735782356,"Set-Feb (Non-Reproductive)","Set-Feb (Non-Reproductive)","mature_forest_area"
-1.018,0.00691157998198756,0.177190261240992,0.00489366557753359,0.0097534304337526,"Mar-Aug (Reproductive)","Mar-Aug (Reproductive)","mature_forest_area"
-1.018,0.00201000215858927,0.272611542196961,0.00117899140267882,0.00342474153969637,"Set-Feb (Non-Reproductive)","Set-Feb (Non-Reproductive)","mature_forest_area"
-1.01,0.00685936291499725,0.176621481664191,0.0048620101003166,0.00966927163735028,"Mar-Aug (Reproductive)","Mar-Aug (Reproductive)","mature_forest_area"
-1.01,0.00200949728367485,0.271074164930855,0.00118224781523899,0.00341361636368834,"Set-Feb (Non-Reproductive)","Set-Feb (Non-Reproductive)","mature_forest_area"
-1.009,0.00685286338945303,0.176550764688279,0.0048580639151765,0.00965880960986576,"Mar-Aug (Reproductive)","Mar-Aug (Reproductive)","mature_forest_area"
-1.009,0.00200943418320994,0.270882389003909,0.00118265458060229,0.00341223089236316,"Set-Feb (Non-Reproductive)","Set-Feb (Non-Reproductive)","mature_forest_area"
-0.998,0.00678177102577508,0.175778503056535,0.00481481284902168,0.00954456877422888,"Mar-Aug (Reproductive)","Mar-Aug (Reproductive)","mature_forest_area"
-0.998,0.00200874020859306,0.268778748101175,0.00118712453787049,0.00339706675556033,"Set-Feb (Non-Reproductive)","Set-Feb (Non-Reproductive)","mature_forest_area"
-0.996,0.00676892406283304,0.175639206024009,0.00480697984287887,0.00952396255329016,"Mar-Aug (Reproductive)","Mar-Aug (Reproductive)","mature_forest_area"
-0.996,0.00200861405709024,0.268397440514294,0.00118793634158938,0.0033943246385351,"Set-Feb (Non-Reproductive)","Set-Feb (Non-Reproductive)","mature_forest_area"
-0.987,0.00671141119819589,0.175016648971778,0.00477184812353503,0.00943185684709426,"Mar-Aug (Reproductive)","Mar-Aug (Reproductive)","mature_forest_area"
-0.987,0.00200804647316379,0.266686091424991,0.00119158574663308,0.00338204234421178,"Set-Feb (Non-Reproductive)","Set-Feb (Non-Reproductive)","mature_forest_area"
-0.984,0.00669234830802003,0.1748106947889,0.00476017989758721,0.00940137999663633,"Mar-Aug (Reproductive)","Mar-Aug (Reproductive)","mature_forest_area"
-0.984,0.00200785731409327,0.266117307333098,0.00119280081239078,0.00337796908702498,"Set-Feb (Non-Reproductive)","Set-Feb (Non-Reproductive)","mature_forest_area"
-0.983,0.00668600597022425,0.174742218155377,0.0047562951809792,0.00939124592530856,"Mar-Aug (Reproductive)","Mar-Aug (Reproductive)","mature_forest_area"
-0.983,0.00200779426502164,0.265927899419926,0.00119320567295429,0.00337661365336227,"Set-Feb (Non-Reproductive)","Set-Feb (Non-Reproductive)","mature_forest_area"
-0.969,0.00659783759807496,0.173792785068909,0.0047021545298798,0.00925066590542351,"Mar-Aug (Reproductive)","Mar-Aug (Reproductive)","mature_forest_area"
-0.969,0.002006911785453,0.263286121611883,0.00119886484153608,0.00335775954761273,"Set-Feb (Non-Reproductive)","Set-Feb (Non-Reproductive)","mature_forest_area"
-0.964,0.00656662959739032,0.173457914367338,0.00468292911480932,0.00920104090780698,"Mar-Aug (Reproductive)","Mar-Aug (Reproductive)","mature_forest_area"
-0.964,0.00200659670799828,0.262347187635119,0.00120088174797487,0.0033510812336299,"Set-Feb (Non-Reproductive)","Set-Feb (Non-Reproductive)","mature_forest_area"
-0.963,0.00656040561630696,0.173391208346587,0.0046790909830211,0.00919115238838186,"Mar-Aug (Reproductive)","Mar-Aug (Reproductive)","mature_forest_area"
-0.963,0.00200653369843157,0.262159692850666,0.00120128484906027,0.00334974907097719,"Set-Feb (Non-Reproductive)","Set-Feb (Non-Reproductive)","mature_forest_area"
-0.956,0.00651700153237172,0.172926781191241,0.00465228875997778,0.00912227150204169,"Mar-Aug (Reproductive)","Mar-Aug (Reproductive)","mature_forest_area"
-0.956,0.00200609268674987,0.260849980254943,0.00120410385897888,0.00334045664951736,"Set-Feb (Non-Reproductive)","Set-Feb (Non-Reproductive)","mature_forest_area"
-0.949,0.00647388274142438,0.172466780613512,0.00462559940288085,0.00905397995007929,"Mar-Aug (Reproductive)","Mar-Aug (Reproductive)","mature_forest_area"
-0.949,0.00200565177180237,0.259545133740977,0.00120691797921291,0.00333122158470205,"Set-Feb (Non-Reproductive)","Set-Feb (Non-Reproductive)","mature_forest_area"
-0.943,0.00643714944463015,0.172076044517265,0.00460281226597882,0.00899590972610879,"Mar-Aug (Reproductive)","Mar-Aug (Reproductive)","mature_forest_area"
-0.943,0.00200527392168102,0.258430622755301,0.00120932600887517,0.00332335157687541,"Set-Feb (Non-Reproductive)","Set-Feb (Non-Reproductive)","mature_forest_area"
-0.933,0.00637638690231691,0.171432163533169,0.00456501632166687,0.00890007208014585,"Mar-Aug (Reproductive)","Mar-Aug (Reproductive)","mature_forest_area"
-0.933,0.00200464432934154,0.256581297832557,0.00121333059893431,0.00331032903915921,"Set-Feb (Non-Reproductive)","Set-Feb (Non-Reproductive)","mature_forest_area"
-0.923,0.00631619427306186,0.170797554725811,0.00452744742055601,0.00880540497710229,"Mar-Aug (Reproductive)","Mar-Aug (Reproductive)","mature_forest_area"
-0.923,0.00200401493427712,0.254742407848212,0.00121732356694904,0.0032974245775853,"Set-Feb (Non-Reproductive)","Set-Feb (Non-Reproductive)","mature_forest_area"
-0.922,0.00631020615178077,0.170734607808479,0.00452370296381316,0.00879600211588763,"Mar-Aug (Reproductive)","Mar-Aug (Reproductive)","mature_forest_area"
-0.922,0.00200395200561844,0.254559101488914,0.00121772219599894,0.00329614064389237,"Set-Feb (Non-Reproductive)","Set-Feb (Non-Reproductive)","mature_forest_area"
-0.917,0.00628035005660577,0.170421283239398,0.00450501447817992,0.008749160848271,"Mar-Aug (Reproductive)","Mar-Aug (Reproductive)","mature_forest_area"
-0.917,0.00200363739190489,0.253644177095397,0.00121971345979061,0.00328973877581897,"Set-Feb (Non-Reproductive)","Set-Feb (Non-Reproductive)","mature_forest_area"
-0.915,0.00626844695938627,0.170296613356288,0.00449755483062139,0.0087305048381041,"Mar-Aug (Reproductive)","Mar-Aug (Reproductive)","mature_forest_area"
-0.915,0.00200351156022226,0.25327896179423,0.00122050907305398,0.00328718634475491,"Set-Feb (Non-Reproductive)","Set-Feb (Non-Reproductive)","mature_forest_area"
-0.906,0.00621515984112858,0.169740293012244,0.00446409740658911,0.00864711843824651,"Mar-Aug (Reproductive)","Mar-Aug (Reproductive)","mature_forest_area"
-0.906,0.00200294541523965,0.251640889929785,0.00122408281961032,0.00327575934640908,"Set-Feb (Non-Reproductive)","Set-Feb (Non-Reproductive)","mature_forest_area"
-0.898,0.00616817155691763,0.169252279185174,0.00443450936086744,0.00857376843578619,"Mar-Aug (Reproductive)","Mar-Aug (Reproductive)","mature_forest_area"
-0.898,0.00200244230929054,0.250192342482967,0.00122725019852315,0.0032656832094951,"Set-Feb (Non-Reproductive)","Set-Feb (Non-Reproductive)","mature_forest_area"
-0.894,0.00614480997494137,0.169010581374215,0.0044197687192618,0.00853736338578006,"Mar-Aug (Reproductive)","Mar-Aug (Reproductive)","mature_forest_area"
-0.894,0.00200219080361227,0.249470762083921,0.00122883047746647,0.00326067388800888,"Set-Feb (Non-Reproductive)","Set-Feb (Non-Reproductive)","mature_forest_area"
-0.887,0.00610413860483764,0.168591339625033,0.00439405790485441,0.00847408435048194,"Mar-Aug (Reproductive)","Mar-Aug (Reproductive)","mature_forest_area"
-0.887,0.00200175074453145,0.248212376597392,0.00123159029723729,0.00325195382479107,"Set-Feb (Non-Reproductive)","Set-Feb (Non-Reproductive)","mature_forest_area"
-0.884,0.00608679002352695,0.168413124847571,0.0043830721292598,0.00844713129318192,"Mar-Aug (Reproductive)","Mar-Aug (Reproductive)","mature_forest_area"
-0.884,0.00200156217733255,0.247674792452041,0.00123277081122732,0.0032482347135729,"Set-Feb (Non-Reproductive)","Set-Feb (Non-Reproductive)","mature_forest_area"
-0.875,0.00603503776504663,0.167883772757349,0.00435023367800411,0.00836686712852911,"Mar-Aug (Reproductive)","Mar-Aug (Reproductive)","mature_forest_area"
-0.875,0.00200099658209498,0.246068331971822,0.00123630391110984,0.00323714258890748,"Set-Feb (Non-Reproductive)","Set-Feb (Non-Reproductive)","mature_forest_area"
-0.865,0.00597804806010816,0.167304985993066,0.00431395474553492,0.00827872240095169,"Mar-Aug (Reproductive)","Mar-Aug (Reproductive)","mature_forest_area"
-0.865,0.00200036833001251,0.244294622792131,0.00124021413499808,0.00322493313982102,"Set-Feb (Non-Reproductive)","Set-Feb (Non-Reproductive)","mature_forest_area"
-0.855,0.00592159331079297,0.166736174631472,0.00427789378064232,0.00819165745008582,"Mar-Aug (Reproductive)","Mar-Aug (Reproductive)","mature_forest_area"
-0.855,0.00199974027478686,0.242533003506788,0.00124410726713341,0.0032128454776946,"Set-Feb (Non-Reproductive)","Set-Feb (Non-Reproductive)","mature_forest_area"
-0.848,0.00588239062629047,0.166343996913998,0.00425278012656973,0.00813134758235359,"Mar-Aug (Reproductive)","Mar-Aug (Reproductive)","mature_forest_area"
-0.848,0.0019993007532258,0.241307205357012,0.00124682181631955,0.00320445691779356,"Set-Feb (Non-Reproductive)","Set-Feb (Non-Reproductive)","mature_forest_area"
-0.845,0.00586566855581021,0.166177441107482,0.00424204953504863,0.00810565945800381,"Mar-Aug (Reproductive)","Mar-Aug (Reproductive)","mature_forest_area"
-0.845,0.00199911241635657,0.240783739471785,0.00124798242125453,0.00320088023992065,"Set-Feb (Non-Reproductive)","Set-Feb (Non-Reproductive)","mature_forest_area"
-0.838,0.00582683393942043,0.165792378589628,0.0042170868538127,0.00804608890484,"Mar-Aug (Reproductive)","Mar-Aug (Reproductive)","mature_forest_area"
-0.838,0.00199867303251573,0.239566751028992,0.00125068384677916,0.00319257776937492,"Set-Feb (Non-Reproductive)","Set-Feb (Non-Reproductive)","mature_forest_area"
-0.834,0.00580475760237499,0.165574595843549,0.0042028697134128,0.00801227886582532,"Mar-Aug (Reproductive)","Mar-Aug (Reproductive)","mature_forest_area"
-0.834,0.00199842199930861,0.238874143243028,0.00125222324160745,0.00318786066909201,"Set-Feb (Non-Reproductive)","Set-Feb (Non-Reproductive)","mature_forest_area"
-0.827,0.00576632391778649,0.165197442139997,0.00417807212741766,0.00795351139335857,"Mar-Aug (Reproductive)","Mar-Aug (Reproductive)","mature_forest_area"
-0.827,0.00199798276691037,0.237667069018371,0.00125490948100065,0.00317965344951834,"Set-Feb (Non-Reproductive)","Set-Feb (Non-Reproductive)","mature_forest_area"
-0.76,0.00541102356779174,0.161849349686889,0.00394595629567008,0.00741599575394173,"Mar-Aug (Reproductive)","Mar-Aug (Reproductive)","mature_forest_area"
-0.76,0.00199378355663847,0.22645376640692,0.00128006106618293,0.00310421874437905,"Set-Feb (Non-Reproductive)","Set-Feb (Non-Reproductive)","mature_forest_area"
-0.745,0.00533451080856122,0.16116651168694,0.00389526823308651,0.00730163366816243,"Mar-Aug (Reproductive)","Mar-Aug (Reproductive)","mature_forest_area"
-0.745,0.00199284464229706,0.224033305304105,0.00128553419584504,0.00308811919848969,"Set-Feb (Non-Reproductive)","Set-Feb (Non-Reproductive)","mature_forest_area"
-0.743,0.00532439074785463,0.161077356814527,0.00388854466120132,0.00728654505137981,"Mar-Aug (Reproductive)","Mar-Aug (Reproductive)","mature_forest_area"
-0.743,0.00199271948706325,0.223713217323459,0.00128625906274217,0.00308599481057281,"Set-Feb (Non-Reproductive)","Set-Feb (Non-Reproductive)","mature_forest_area"
-0.711,0.00516504276421928,0.159712183540865,0.00378207362959101,0.00705013547102669,"Mar-Aug (Reproductive)","Mar-Aug (Reproductive)","mature_forest_area"
-0.711,0.00199071806982025,0.21867931224903,0.0012976903178416,0.00305272397339981,"Set-Feb (Non-Reproductive)","Set-Feb (Non-Reproductive)","mature_forest_area"
-0.659,0.00491616002172165,0.157745432692584,0.00361344161375424,0.0066853834093135,"Mar-Aug (Reproductive)","Mar-Aug (Reproductive)","mature_forest_area"
-0.659,0.0019874700446465,0.21087276448814,0.00131552066837766,0.00300161009489861,"Set-Feb (Non-Reproductive)","Set-Feb (Non-Reproductive)","mature_forest_area"
-0.635,0.00480535186501771,0.156945540304085,0.00353741385783921,0.00652478916780764,"Mar-Aug (Reproductive)","Mar-Aug (Reproductive)","mature_forest_area"
-0.635,0.00198597274045183,0.207437949793003,0.00132339658669988,0.0029792868622893,"Set-Feb (Non-Reproductive)","Set-Feb (Non-Reproductive)","mature_forest_area"
-0.632,0.00479167677134331,0.156850426531186,0.00352798958448875,0.0065050479904934,"Mar-Aug (Reproductive)","Mar-Aug (Reproductive)","mature_forest_area"
-0.632,0.00198578565660148,0.20701648209285,0.00132436394378557,0.00297655398027352,"Set-Feb (Non-Reproductive)","Set-Feb (Non-Reproductive)","mature_forest_area"
-0.631,0.00478712701877888,0.156818963963016,0.00352485205698248,0.0064984838556129,"Mar-Aug (Reproductive)","Mar-Aug (Reproductive)","mature_forest_area"
-0.631,0.00198572329922672,0.206876389661734,0.00132468552418025,0.00297564588245807,"Set-Feb (Non-Reproductive)","Set-Feb (Non-Reproductive)","mature_forest_area"
-0.629,0.00477804040747373,0.156756402298476,0.00351858284298932,0.00648537991093576,"Mar-Aug (Reproductive)","Mar-Aug (Reproductive)","mature_forest_area"
-0.629,0.00198559859033986,0.206596802425389,0.00132532736860206,0.002973833988367,"Set-Feb (Non-Reproductive)","Set-Feb (Non-Reproductive)","mature_forest_area"
-0.519,0.0043038419258111,0.154077154928869,0.00318561337302944,0.00581230740026842,"Mar-Aug (Reproductive)","Mar-Aug (Reproductive)","mature_forest_area"
-0.519,0.00197875162542637,0.192543420486925,0.00135758879968862,0.0028833060345373,"Set-Feb (Non-Reproductive)","Set-Feb (Non-Reproductive)","mature_forest_area"
-0.511,0.00427124161461908,0.153941759937661,0.00316229282498566,0.00576682539792739,"Mar-Aug (Reproductive)","Mar-Aug (Reproductive)","mature_forest_area"
-0.511,0.00197825458450118,0.191630894650066,0.00135967390591035,0.00287744631491182,"Set-Feb (Non-Reproductive)","Set-Feb (Non-Reproductive)","mature_forest_area"
-0.468,0.00410018200883456,0.153354901818741,0.00303899318436095,0.00552987295251764,"Mar-Aug (Reproductive)","Mar-Aug (Reproductive)","mature_forest_area"
-0.468,0.00197558512356584,0.187006378848599,0.00137018431520826,0.00284771281460615,"Set-Feb (Non-Reproductive)","Set-Feb (Non-Reproductive)","mature_forest_area"
-0.198,0.00317160911600107,0.1551581266663,0.00234190972785525,0.00429399192356865,"Mar-Aug (Reproductive)","Mar-Aug (Reproductive)","mature_forest_area"
-0.198,0.00195890535587713,0.170626221355048,0.00140287197526285,0.00273472103720024,"Set-Feb (Non-Reproductive)","Set-Feb (Non-Reproductive)","mature_forest_area"
-0.187,0.00313858580297416,0.155429963663686,0.00231627373884925,0.00425158697437433,"Mar-Aug (Reproductive)","Mar-Aug (Reproductive)","mature_forest_area"
-0.187,0.00195822879756525,0.170477333346889,0.00140279591088684,0.00273298180369887,"Set-Feb (Non-Reproductive)","Set-Feb (Non-Reproductive)","mature_forest_area"
-0.026,0.00269268678103408,0.161082447596704,0.00196511932476131,0.00368863385048041,"Mar-Aug (Reproductive)","Mar-Aug (Reproductive)","mature_forest_area"
-0.026,0.00194835308847861,0.173211899667739,0.00138826724404611,0.00273378270958993,"Set-Feb (Non-Reproductive)","Set-Feb (Non-Reproductive)","mature_forest_area"
0.104,0.00237920006428114,0.167773882475894,0.00171360701509881,0.00330246511948136,"Mar-Aug (Reproductive)","Mar-Aug (Reproductive)","mature_forest_area"
0.104,0.00194041519812103,0.181825772535389,0.0013594930683765,0.00276888168145636,"Set-Feb (Non-Reproductive)","Set-Feb (Non-Reproductive)","mature_forest_area"
0.109,0.00236789880187036,0.168066055275798,0.00170448724633439,0.00328866929591169,"Mar-Aug (Reproductive)","Mar-Aug (Reproductive)","mature_forest_area"
0.109,0.00194011054008062,0.182261526874015,0.00135812065626194,0.00277080619318558,"Set-Feb (Non-Reproductive)","Set-Feb (Non-Reproductive)","mature_forest_area"
0.141,0.00229682818164404,0.169993666849523,0.00164707122554069,0.00320208714330353,"Mar-Aug (Reproductive)","Mar-Aug (Reproductive)","mature_forest_area"
0.141,0.0019381618587962,0.185220426725326,0.00134892081163199,0.00278407998919724,"Set-Feb (Non-Reproductive)","Set-Feb (Non-Reproductive)","mature_forest_area"
0.148,0.00228156742849324,0.170428430232892,0.00163472925520993,0.00318353375266756,"Mar-Aug (Reproductive)","Mar-Aug (Reproductive)","mature_forest_area"
0.148,0.00193773584523509,0.185906040802516,0.00134681554349978,0.00278720100733628,"Set-Feb (Non-Reproductive)","Set-Feb (Non-Reproductive)","mature_forest_area"
0.178,0.00221730181275616,0.172343635640014,0.00158271153345095,0.0031055404767953,"Mar-Aug (Reproductive)","Mar-Aug (Reproductive)","mature_forest_area"
0.178,0.00193591113112342,0.188994766268989,0.00133743634378105,0.00280143962276819,"Set-Feb (Non-Reproductive)","Set-Feb (Non-Reproductive)","mature_forest_area"
0.201,0.00216925744596499,0.173867729505606,0.00154378480411048,0.00304737022346998,"Mar-Aug (Reproductive)","Mar-Aug (Reproductive)","mature_forest_area"
0.201,0.00193451334512789,0.191522552835138,0.00132987388684796,0.00281328330813664,"Set-Feb (Non-Reproductive)","Set-Feb (Non-Reproductive)","mature_forest_area"
0.289,0.00199483369867191,0.1801222911474,0.00140231019513744,0.00283700715600582,"Mar-Aug (Reproductive)","Mar-Aug (Reproductive)","mature_forest_area"
0.289,0.00192917458788308,0.202372895849637,0.00129833219195012,0.00286565542216295,"Set-Feb (Non-Reproductive)","Set-Feb (Non-Reproductive)","mature_forest_area"
0.313,0.00194974197933271,0.181938407128753,0.00136573029688105,0.00278279201299427,"Mar-Aug (Reproductive)","Mar-Aug (Reproductive)","mature_forest_area"
0.313,0.00192772111702012,0.205630200754527,0.00128910785179574,0.00288178519221409,"Set-Feb (Non-Reproductive)","Set-Feb (Non-Reproductive)","mature_forest_area"
0.326,0.00192574353424518,0.182940878810337,0.00134626627400001,0.00275395902133785,"Mar-Aug (Reproductive)","Mar-Aug (Reproductive)","mature_forest_area"
0.326,0.00192693427670143,0.207443691891258,0.00128401523479184,0.00289083739585961,"Set-Feb (Non-Reproductive)","Set-Feb (Non-Reproductive)","mature_forest_area"
0.36,0.0018643630668739,0.185623152783325,0.00129650675571707,0.00268026697646765,"Mar-Aug (Reproductive)","Mar-Aug (Reproductive)","mature_forest_area"
0.36,0.0019248779017858,0.212342210482152,0.00127040401806011,0.0029155327500311,"Set-Feb (Non-Reproductive)","Set-Feb (Non-Reproductive)","mature_forest_area"
0.383,0.00182395217672143,0.187485741263111,0.00126377265453553,0.00263178240944511,"Mar-Aug (Reproductive)","Mar-Aug (Reproductive)","mature_forest_area"
0.383,0.00192348806676047,0.215777536540255,0.00126097799403537,0.00293305462895391,"Set-Feb (Non-Reproductive)","Set-Feb (Non-Reproductive)","mature_forest_area"
0.405,0.00178611669986218,0.189302452673104,0.00123314970912913,0.00258640213337101,"Mar-Aug (Reproductive)","Mar-Aug (Reproductive)","mature_forest_area"
0.405,0.00192215959656201,0.219150416961085,0.00125181416400007,0.00295041400891512,"Set-Feb (Non-Reproductive)","Set-Feb (Non-Reproductive)","mature_forest_area"
0.416,0.00176749378160907,0.190223368115463,0.00121808734422134,0.00256406848117735,"Mar-Aug (Reproductive)","Mar-Aug (Reproductive)","mature_forest_area"
0.416,0.0019214957049088,0.220867491947404,0.00124718242800448,0.00295930922987281,"Set-Feb (Non-Reproductive)","Set-Feb (Non-Reproductive)","mature_forest_area"
0.458,0.001698153731464,0.19381410445255,0.00116207802069029,0.0024809111416457,"Mar-Aug (Reproductive)","Mar-Aug (Reproductive)","mature_forest_area"
0.458,0.00191896295031658,0.227601740861576,0.00122922577477266,0.00299456170052722,"Set-Feb (Non-Reproductive)","Set-Feb (Non-Reproductive)","mature_forest_area"
0.469,0.00168044641377573,0.194773502670201,0.00114779629028086,0.00245967121789041,"Mar-Aug (Reproductive)","Mar-Aug (Reproductive)","mature_forest_area"
0.469,0.00191830016062591,0.229410042598841,0.00122445882769142,0.00300412510144885,"Set-Feb (Non-Reproductive)","Set-Feb (Non-Reproductive)","mature_forest_area"
0.478,0.0016660958025156,0.195564160023273,0.00113622907046332,0.00244245528877439,"Mar-Aug (Reproductive)","Mar-Aug (Reproductive)","mature_forest_area"
0.478,0.00191775804809964,0.230902720302165,0.00122054089579255,0.00301204979006917,"Set-Feb (Non-Reproductive)","Set-Feb (Non-Reproductive)","mature_forest_area"
0.503,0.00162687171568487,0.197786785431275,0.0011046482291422,0.00239538481483804,"Mar-Aug (Reproductive)","Mar-Aug (Reproductive)","mature_forest_area"
0.503,0.0019162529821272,0.235109204201224,0.00120958087233526,0.00303452901789403,"Set-Feb (Non-Reproductive)","Set-Feb (Non-Reproductive)","mature_forest_area"
0.55,0.00155560920738908,0.202066480985597,0.00104742321310307,0.00230978542519338,"Mar-Aug (Reproductive)","Mar-Aug (Reproductive)","mature_forest_area"
0.55,0.0019134266489331,0.243243363472773,0.00118871548152521,0.0030786027202725,"Set-Feb (Non-Reproductive)","Set-Feb (Non-Reproductive)","mature_forest_area"
0.676,0.00137957049923852,0.214135560977367,0.000907145155155061,0.00209751018589909,"Mar-Aug (Reproductive)","Mar-Aug (Reproductive)","mature_forest_area"
0.676,0.00190587018200494,0.26631453953699,0.00113172962585275,0.0032078479230738,"Set-Feb (Non-Reproductive)","Set-Feb (Non-Reproductive)","mature_forest_area"
0.684,0.00136909020957008,0.21492880454678,0.000898853239274823,0.00208481930554967,"Mar-Aug (Reproductive)","Mar-Aug (Reproductive)","mature_forest_area"
0.684,0.00190539141315586,0.267833924289181,0.00112808453870453,0.00321657698772578,"Set-Feb (Non-Reproductive)","Set-Feb (Non-Reproductive)","mature_forest_area"
0.702,0.00134579934333023,0.216724562192284,0.000880453354968195,0.00205658837236895,"Mar-Aug (Reproductive)","Mar-Aug (Reproductive)","mature_forest_area"
0.702,0.00190431462209885,0.271273856378024,0.00111987917541584,0.00323643882288847,"Set-Feb (Non-Reproductive)","Set-Feb (Non-Reproductive)","mature_forest_area"
0.716,0.00132795813907326,0.218131561772334,0.000866385433166208,0.00203493599255382,"Mar-Aug (Reproductive)","Mar-Aug (Reproductive)","mature_forest_area"
0.716,0.00190347753786752,0.273969194793647,0.00111349522285403,0.00325209741120805,"Set-Feb (Non-Reproductive)","Set-Feb (Non-Reproductive)","mature_forest_area"
0.722,0.00132038440059986,0.218737272204675,0.000860420717438146,0.00202573692461625,"Mar-Aug (Reproductive)","Mar-Aug (Reproductive)","mature_forest_area"
0.722,0.00190311889991787,0.275129511872001,0.00111075913603591,0.00325886425675254,"Set-Feb (Non-Reproductive)","Set-Feb (Non-Reproductive)","mature_forest_area"
0.761,0.00127219571931005,0.222712969567597,0.000822575516528318,0.00196709472110733,"Mar-Aug (Reproductive)","Mar-Aug (Reproductive)","mature_forest_area"
0.761,0.00190078939660043,0.282744153121675,0.00109298221033347,0.0033036605037959,"Set-Feb (Non-Reproductive)","Set-Feb (Non-Reproductive)","mature_forest_area"
0.827,0.00119461353919345,0.229585855851349,0.000762064332423718,0.00187221851267075,"Mar-Aug (Reproductive)","Mar-Aug (Reproductive)","mature_forest_area"
0.827,0.00189685364187213,0.295895943852537,0.00106299058406076,0.00338262563825747,"Set-Feb (Non-Reproductive)","Set-Feb (Non-Reproductive)","mature_forest_area"
0.895,0.00111962015788935,0.236842859249567,0.000704125890143378,0.0017798547573624,"Mar-Aug (Reproductive)","Mar-Aug (Reproductive)","mature_forest_area"
0.895,0.00189280712900558,0.309756382619564,0.00103232276142235,0.003468051317823,"Set-Feb (Non-Reproductive)","Set-Feb (Non-Reproductive)","mature_forest_area"
0.915,0.00109847183052342,0.239008911519929,0.000687895772130766,0.00175367342897851,"Mar-Aug (Reproductive)","Mar-Aug (Reproductive)","mature_forest_area"
0.915,0.00189161861870371,0.31388691341352,0.00102336411362959,0.00349395125554592,"Set-Feb (Non-Reproductive)","Set-Feb (Non-Reproductive)","mature_forest_area"
1.026,0.000988147897340132,0.251269404603492,0.000604098794656245,0.00161595717134225,"Mar-Aug (Reproductive)","Mar-Aug (Reproductive)","mature_forest_area"
1.026,0.00188503591252507,0.337202458550851,0.000974290512444724,0.00364402079175989,"Set-Feb (Non-Reproductive)","Set-Feb (Non-Reproductive)","mature_forest_area"
1.055,0.000961195540440443,0.254534666265881,0.000583869035740109,0.00158198404676089,"Mar-Aug (Reproductive)","Mar-Aug (Reproductive)","mature_forest_area"
1.055,0.00188331987672243,0.343392412939689,0.000961675990070028,0.00368498398111633,"Set-Feb (Non-Reproductive)","Set-Feb (Non-Reproductive)","mature_forest_area"
1.058,0.000958449629705875,0.254873827578321,0.000581813769837579,0.0015785147935664,"Mar-Aug (Reproductive)","Mar-Aug (Reproductive)","mature_forest_area"
1.058,0.00188314244479502,0.344034876868093,0.000960376394705223,0.0036892629494947,"Set-Feb (Non-Reproductive)","Set-Feb (Non-Reproductive)","mature_forest_area"
1.072,0.000945738641026273,0.256459921678906,0.000572313976786572,0.00156243532974848,"Mar-Aug (Reproductive)","Mar-Aug (Reproductive)","mature_forest_area"
1.072,0.00188231464971783,0.347038157822742,0.000954325217442442,0.00370933406986101,"Set-Feb (Non-Reproductive)","Set-Feb (Non-Reproductive)","mature_forest_area"
1.277,0.000777788640583977,0.280257891791873,0.000449208984662668,0.00134638834591017,"Mar-Aug (Reproductive)","Mar-Aug (Reproductive)","mature_forest_area"
1.277,0.00187023487841664,0.391861364881084,0.000868517933189937,0.00402264408008615,"Set-Feb (Non-Reproductive)","Set-Feb (Non-Reproductive)","mature_forest_area"
1.293,0.000766009105669515,0.2821560622563,0.00044076144187826,0.00133094467159881,"Mar-Aug (Reproductive)","Mar-Aug (Reproductive)","mature_forest_area"
1.293,0.00186929532869751,0.395417775240138,0.000862056511659784,0.00404863714939325,"Set-Feb (Non-Reproductive)","Set-Feb (Non-Reproductive)","mature_forest_area"
1.312,0.000752252224530403,0.28441704612839,0.000430930152563113,0.00131285267058126,"Mar-Aug (Reproductive)","Mar-Aug (Reproductive)","mature_forest_area"
1.312,0.00186818022528823,0.399650476584961,0.000854430090696276,0.00407979663069051,"Set-Feb (Non-Reproductive)","Set-Feb (Non-Reproductive)","mature_forest_area"
1.323,0.000744400839620508,0.285729398405313,0.000425336054946014,0.00130249939942895,"Mar-Aug (Reproductive)","Mar-Aug (Reproductive)","mature_forest_area"
1.323,0.00186753494259933,0.402105564663553,0.000850038025573167,0.00409798198069982,"Set-Feb (Non-Reproductive)","Set-Feb (Non-Reproductive)","mature_forest_area"
1.383,0.000702994474064909,0.292929485482528,0.000396043838783013,0.00124754785527263,"Mar-Aug (Reproductive)","Mar-Aug (Reproductive)","mature_forest_area"
1.383,0.00186401913302311,0.41555317662686,0.000826384393233389,0.00419906588582499,"Set-Feb (Non-Reproductive)","Set-Feb (Non-Reproductive)","mature_forest_area"
1.443,0.000663889755604495,0.300196516579001,0.000368719822349267,0.00119506850945436,"Mar-Aug (Reproductive)","Mar-Aug (Reproductive)","mature_forest_area"
1.443,0.00186050992995051,0.429089301060085,0.000803249182022283,0.00430337570857299,"Set-Feb (Non-Reproductive)","Set-Feb (Non-Reproductive)","mature_forest_area"
1.578,0.000583669119298724,0.316768168334669,0.000313798178751797,0.00108538095637553,"Mar-Aug (Reproductive)","Mar-Aug (Reproductive)","mature_forest_area"
1.578,0.00185263831404197,0.459828635689165,0.000753116107809427,0.00455011343636845,"Set-Feb (Non-Reproductive)","Set-Feb (Non-Reproductive)","mature_forest_area"
1.632,0.000554362451322838,0.323474355735569,0.000294147386231282,0.0010445341133035,"Mar-Aug (Reproductive)","Mar-Aug (Reproductive)","mature_forest_area"
1.632,0.00184949898339621,0.472220934045925,0.00073381075575447,0.0046535835204941,"Set-Feb (Non-Reproductive)","Set-Feb (Non-Reproductive)","mature_forest_area"
1.654,0.00054284861250772,0.326218190305677,0.000286492122881596,0.00102835991211888,"Mar-Aug (Reproductive)","Mar-Aug (Reproductive)","mature_forest_area"
1.654,0.00184822151963647,0.477283866680119,0.00072606789216929,0.00469653666175698,"Set-Feb (Non-Reproductive)","Set-Feb (Non-Reproductive)","mature_forest_area"
1.687,0.000526024444520082,0.330346103966688,0.000275374494198933,0.00100459044276668,"Mar-Aug (Reproductive)","Mar-Aug (Reproductive)","mature_forest_area"
1.687,0.00184630697516113,0.48489290202426,0.000714585919328015,0.00476184327144626,"Set-Feb (Non-Reproductive)","Set-Feb (Non-Reproductive)","mature_forest_area"
1.7,0.000519540738106428,0.331976156158087,0.000271112114632381,0.000995385729094413,"Mar-Aug (Reproductive)","Mar-Aug (Reproductive)","mature_forest_area"
1.7,0.00184555330430581,0.487895068196071,0.000710106205127434,0.00478786114730313,"Set-Feb (Non-Reproductive)","Set-Feb (Non-Reproductive)","mature_forest_area"
1.748,0.000496285242188043,0.338013260654129,0.000255928338265885,0.000962157781396552,"Mar-Aug (Reproductive)","Mar-Aug (Reproductive)","mature_forest_area"
1.748,0.00184277317881702,0.499001848110165,0.000693777762651045,0.00488536686898848,"Set-Feb (Non-Reproductive)","Set-Feb (Non-Reproductive)","mature_forest_area"
1.764,0.000488766964039735,0.340031897576096,0.000251055328343452,0.000951341586429081,"Mar-Aug (Reproductive)","Mar-Aug (Reproductive)","mature_forest_area"
1.764,0.00184184739957171,0.502711481689798,0.000688408815129698,0.00491837662702255,"Set-Feb (Non-Reproductive)","Set-Feb (Non-Reproductive)","mature_forest_area"
1.769,0.000486440929736604,0.340663347997742,0.000249551313484611,0.000947987664783385,"Mar-Aug (Reproductive)","Mar-Aug (Reproductive)","mature_forest_area"
1.769,0.00184155818877364,0.503871474276898,0.000686738564354066,0.00492874465798112,"Set-Feb (Non-Reproductive)","Set-Feb (Non-Reproductive)","mature_forest_area"
1.782,0.000480444889858767,0.342306497525149,0.00024568223409539,0.000939325184893039,"Mar-Aug (Reproductive)","Mar-Aug (Reproductive)","mature_forest_area"
1.782,0.00184080645281943,0.506889061138157,0.00068241269355541,0.00495581895304,"Set-Feb (Non-Reproductive)","Set-Feb (Non-Reproductive)","mature_forest_area"
1.791,0.00047633711558977,0.343445217356545,0.000243038278515102,0.000933376563480657,"Mar-Aug (Reproductive)","Mar-Aug (Reproductive)","mature_forest_area"
1.791,0.0018402861996721,0.50897950203612,0.000679432035738088,0.0049746623557342,"Set-Feb (Non-Reproductive)","Set-Feb (Non-Reproductive)","mature_forest_area"
1.792,0.000475882868682562,0.343571799610321,0.000242746239752027,0.000932718038785387,"Mar-Aug (Reproductive)","Mar-Aug (Reproductive)","mature_forest_area"
1.792,0.00184022840282711,0.509211840328916,0.000679101566446238,0.0049767611138615,"Set-Feb (Non-Reproductive)","Set-Feb (Non-Reproductive)","mature_forest_area"
-1.081,0.00714172780505807,0.163342478732041,0.00519536977223518,0.00981006562062389,"Mar-Aug (Reproductive)","Mar-Aug (Reproductive)","secondary_forest_area"
-1.081,0.0029159307429939,0.235599713533807,0.00183951342336817,0.0046193139154021,"Set-Feb (Non-Reproductive)","Set-Feb (Non-Reproductive)","secondary_forest_area"
-1.073,0.00708867712355417,0.162687752818739,0.00516328941221944,0.00972502225570947,"Mar-Aug (Reproductive)","Mar-Aug (Reproductive)","secondary_forest_area"
-1.073,0.00290713905511806,0.23417548376926,0.00183907833683868,0.00459263132116085,"Set-Feb (Non-Reproductive)","Set-Feb (Non-Reproductive)","secondary_forest_area"
-1.072,0.00708207335892048,0.162606413505608,0.00515928820392338,0.0097144527484479,"Mar-Aug (Reproductive)","Mar-Aug (Reproductive)","secondary_forest_area"
-1.072,0.00290604195414037,0.233997935887961,0.00183902222828644,0.00458931110743345,"Set-Feb (Non-Reproductive)","Set-Feb (Non-Reproductive)","secondary_forest_area"
-1.07,0.00706888414863729,0.162444071008369,0.00515129166259699,0.00969335417028672,"Mar-Aug (Reproductive)","Mar-Aug (Reproductive)","secondary_forest_area"
-1.07,0.00290384899048926,0.233643163366859,0.00183890885342451,0.0045826807360951,"Set-Feb (Non-Reproductive)","Set-Feb (Non-Reproductive)","secondary_forest_area"
-1.055,0.00697073938373888,0.161240916584896,0.00509156621102201,0.00953682146048243,"Mar-Aug (Reproductive)","Mar-Aug (Reproductive)","secondary_forest_area"
-1.055,0.00288745427307569,0.230996296709086,0.00183800868388961,0.00453337913179403,"Set-Feb (Non-Reproductive)","Set-Feb (Non-Reproductive)","secondary_forest_area"
-1.054,0.00696424471849766,0.1611616188223,0.00508760004541126,0.00952649228473144,"Mar-Aug (Reproductive)","Mar-Aug (Reproductive)","secondary_forest_area"
-1.054,0.00288636457926944,0.230820724825422,0.00183794550283037,0.00453011902422855,"Set-Feb (Non-Reproductive)","Set-Feb (Non-Reproductive)","secondary_forest_area"
-1.052,0.00695127340865741,0.161003368544644,0.00507967351320042,0.00950587353242251,"Mar-Aug (Reproductive)","Mar-Aug (Reproductive)","secondary_forest_area"
-1.052,0.00288418642164938,0.230469917832897,0.0018378179363623,0.00452360878119647,"Set-Feb (Non-Reproductive)","Set-Feb (Non-Reproductive)","secondary_forest_area"
-1.05,0.00693832608983003,0.160845579728876,0.00507175470377313,0.00948530747673212,"Mar-Aug (Reproductive)","Mar-Aug (Reproductive)","secondary_forest_area"
-1.05,0.0028820099029968,0.230119561584495,0.00183768875822283,0.00451711182417337,"Set-Feb (Non-Reproductive)","Set-Feb (Non-Reproductive)","secondary_forest_area"
-1.047,0.00691894999906882,0.160609764720334,0.00505989094572005,0.00945455693135259,"Mar-Aug (Reproductive)","Mar-Aug (Reproductive)","secondary_forest_area"
-1.047,0.00287874819540017,0.229594876870249,0.00183749195365187,0.0045073912734654,"Set-Feb (Non-Reproductive)","Set-Feb (Non-Reproductive)","secondary_forest_area"
-1.042,0.00688677585092585,0.160219066292633,0.00504015647384147,0.00940356777295422,"Mar-Aug (Reproductive)","Mar-Aug (Reproductive)","secondary_forest_area"
-1.042,0.00287332019355335,0.228722685419013,0.00183715578707326,0.00449125661518769,"Set-Feb (Non-Reproductive)","Set-Feb (Non-Reproductive)","secondary_forest_area"
-1.039,0.00686754272470356,0.159986050687785,0.00502833880575585,0.00937313065869337,"Mar-Aug (Reproductive)","Mar-Aug (Reproductive)","secondary_forest_area"
-1.039,0.00287006829220651,0.228200751910076,0.00183694915233048,0.00448161551052318,"Set-Feb (Non-Reproductive)","Set-Feb (Non-Reproductive)","secondary_forest_area"
-1.024,0.00677217432893518,0.158836938406,0.00496950799557068,0.00922268872452763,"Mar-Aug (Reproductive)","Mar-Aug (Reproductive)","secondary_forest_area"
-1.024,0.00285386374992259,0.225606899861756,0.00183585952252786,0.00443385498919815,"Set-Feb (Non-Reproductive)","Set-Feb (Non-Reproductive)","secondary_forest_area"
-1.018,0.00673439630689892,0.158384830562756,0.00494609518677762,0.00916331808445514,"Mar-Aug (Reproductive)","Mar-Aug (Reproductive)","secondary_forest_area"
-1.018,0.00284740750641875,0.224576875930404,0.00183539686011329,0.00441495772485584,"Set-Feb (Non-Reproductive)","Set-Feb (Non-Reproductive)","secondary_forest_area"
-1.008,0.00667189752874358,0.15764103047332,0.00490722453401355,0.00906537837846403,"Mar-Aug (Reproductive)","Mar-Aug (Reproductive)","secondary_forest_area"
-1.008,0.00283667944939459,0.22286994275681,0.00183459093638903,0.00438372391050554,"Set-Feb (Non-Reproductive)","Set-Feb (Non-Reproductive)","secondary_forest_area"
-0.99,0.00656084813325322,0.156333278718272,0.00483772846082505,0.00889223071066308,"Mar-Aug (Reproductive)","Mar-Aug (Reproductive)","secondary_forest_area"
-0.99,0.00281747041439457,0.219829060209649,0.00183302785016824,0.00432832329114804,"Set-Feb (Non-Reproductive)","Set-Feb (Non-Reproductive)","secondary_forest_area"
-0.975,0.00646971100788292,0.15527463186108,0.00478027343902391,0.00875097712626765,"Mar-Aug (Reproductive)","Mar-Aug (Reproductive)","secondary_forest_area"
-0.975,0.00280156200785917,0.217327060691148,0.0018316113758541,0.00428295705590455,"Set-Feb (Non-Reproductive)","Set-Feb (Non-Reproductive)","secondary_forest_area"
-0.963,0.00639770779334068,0.154448521360671,0.00473460660143535,0.00863992672440774,"Mar-Aug (Reproductive)","Mar-Aug (Reproductive)","secondary_forest_area"
-0.963,0.00278889979959038,0.215347184366788,0.00183040119134751,0.00424718526264248,"Set-Feb (Non-Reproductive)","Set-Feb (Non-Reproductive)","secondary_forest_area"
-0.936,0.00623859858393899,0.152659032952575,0.0046328115426441,0.00839627533570949,"Mar-Aug (Reproductive)","Mar-Aug (Reproductive)","secondary_forest_area"
-0.936,0.00276061810360563,0.210966037665745,0.00182741813448846,0.00416838130186388,"Set-Feb (Non-Reproductive)","Set-Feb (Non-Reproductive)","secondary_forest_area"
-0.93,0.00620377847916243,0.152274647986995,0.00461036848549944,0.00834327802948409,"Mar-Aug (Reproductive)","Mar-Aug (Reproductive)","secondary_forest_area"
-0.93,0.0027543722253215,0.21000676578088,0.00182670472896919,0.00415118400136593,"Set-Feb (Non-Reproductive)","Set-Feb (Non-Reproductive)","secondary_forest_area"
-0.921,0.00615191012571609,0.151707286582305,0.00457682435908907,0.00826455145949252,"Mar-Aug (Reproductive)","Mar-Aug (Reproductive)","secondary_forest_area"
-0.921,0.00274502982109596,0.208577934572769,0.00182559915213122,0.00412560158272739,"Set-Feb (Non-Reproductive)","Set-Feb (Non-Reproductive)","secondary_forest_area"
-0.906,0.00606641889376632,0.150786567095955,0.00452123699428864,0.00813536784796957,"Mar-Aug (Reproductive)","Mar-Aug (Reproductive)","secondary_forest_area"
-0.906,0.0027295293194548,0.206224039487196,0.00182365992600674,0.00408353176700961,"Set-Feb (Non-Reproductive)","Set-Feb (Non-Reproductive)","secondary_forest_area"
-0.904,0.00605510963992916,0.150666179535882,0.00451385538625561,0.0081183328572427,"Mar-Aug (Reproductive)","Mar-Aug (Reproductive)","secondary_forest_area"
-0.904,0.00272746919179034,0.205912834643948,0.00182339207236907,0.00407797591110838,"Set-Feb (Non-Reproductive)","Set-Feb (Non-Reproductive)","secondary_forest_area"
-0.871,0.00587150389999743,0.148762081508007,0.00439307105750343,0.00784356496159381,"Mar-Aug (Reproductive)","Mar-Aug (Reproductive)","secondary_forest_area"
-0.871,0.00269370009598039,0.200871371446757,0.00181864574585494,0.00398811086933385,"Set-Feb (Non-Reproductive)","Set-Feb (Non-Reproductive)","secondary_forest_area"
-0.836,0.00568281574895216,0.146916731863303,0.00426703070920486,0.00756478423662911,"Mar-Aug (Reproductive)","Mar-Aug (Reproductive)","secondary_forest_area"
-0.836,0.00265833993188042,0.195727285893408,0.0018129053787497,0.0038964973898591,"Set-Feb (Non-Reproductive)","Set-Feb (Non-Reproductive)","secondary_forest_area"
-0.835,0.00567751418658256,0.146866708462132,0.00426346049032651,0.0075570049539891,"Mar-Aug (Reproductive)","Mar-Aug (Reproductive)","secondary_forest_area"
-0.835,0.00265733647289947,0.195583542039927,0.00181273017916209,0.00389393545154003,"Set-Feb (Non-Reproductive)","Set-Feb (Non-Reproductive)","secondary_forest_area"
-0.82,0.00559857835403251,0.146134682331228,0.00421011218820778,0.00744152921983824,"Mar-Aug (Reproductive)","Mar-Aug (Reproductive)","secondary_forest_area"
-0.82,0.00264232984177873,0.193449738824384,0.00181002504955233,0.00385587540102252,"Set-Feb (Non-Reproductive)","Set-Feb (Non-Reproductive)","secondary_forest_area"
-0.8,0.00549502567970124,0.145212732104299,0.00413957674237576,0.00729104881905686,"Mar-Aug (Reproductive)","Mar-Aug (Reproductive)","secondary_forest_area"
-0.8,0.00262245239838431,0.190671609051997,0.00180618791376179,0.00380620195440617,"Set-Feb (Non-Reproductive)","Set-Feb (Non-Reproductive)","secondary_forest_area"
-0.77,0.00534325758816317,0.143948084474244,0.00403504244008262,0.00707260178733428,"Mar-Aug (Reproductive)","Mar-Aug (Reproductive)","secondary_forest_area"
-0.77,0.00259291552586156,0.186654762867396,0.0017999179107881,0.00373398061884727,"Set-Feb (Non-Reproductive)","Set-Feb (Non-Reproductive)","secondary_forest_area"
-0.763,0.00530844924148807,0.143673768350546,0.00401086926020359,0.00702285699766045,"Mar-Aug (Reproductive)","Mar-Aug (Reproductive)","secondary_forest_area"
-0.763,0.00258607147130871,0.185744530791361,0.00179836292738208,0.00371752260411001,"Set-Feb (Non-Reproductive)","Set-Feb (Non-Reproductive)","secondary_forest_area"
-0.755,0.00526894437883503,0.143370007618431,0.00398334356958636,0.00696656319285421,"Mar-Aug (Reproductive)","Mar-Aug (Reproductive)","secondary_forest_area"
-0.755,0.00257827175515964,0.184717190311737,0.00179654201652082,0.00369889527442743,"Set-Feb (Non-Reproductive)","Set-Feb (Non-Reproductive)","secondary_forest_area"
-0.738,0.00518596488774731,0.142759314531758,0.00392520794110586,0.00684888621462194,"Mar-Aug (Reproductive)","Mar-Aug (Reproductive)","secondary_forest_area"
-0.738,0.00256177517771433,0.182580892896517,0.00179251455202472,0.00365995486208109,"Set-Feb (Non-Reproductive)","Set-Feb (Non-Reproductive)","secondary_forest_area"
-0.697,0.0049911478476612,0.141484314312555,0.00378698890817506,0.00657566908273424,"Mar-Aug (Reproductive)","Mar-Aug (Reproductive)","secondary_forest_area"
-0.697,0.00252242116609194,0.177702557815515,0.00178188312850533,0.00356962102341735,"Set-Feb (Non-Reproductive)","Set-Feb (Non-Reproductive)","secondary_forest_area"
-0.656,0.00480361400649639,0.140494962707488,0.00365158167440493,0.00631679511516168,"Mar-Aug (Reproductive)","Mar-Aug (Reproductive)","secondary_forest_area"
-0.656,0.00248367020574816,0.173237504772394,0.00176988297093845,0.0034843203819342,"Set-Feb (Non-Reproductive)","Set-Feb (Non-Reproductive)","secondary_forest_area"
-0.637,0.00471910223891345,0.14013509132731,0.0035897870116667,0.0062014788901987,"Mar-Aug (Reproductive)","Mar-Aug (Reproductive)","secondary_forest_area"
-0.637,0.00246591436315795,0.171317580460544,0.001763834191912,0.00344648711424109,"Set-Feb (Non-Reproductive)","Set-Feb (Non-Reproductive)","secondary_forest_area"
-0.628,0.00467958846876861,0.139986642005318,0.00356072752666724,0.00614785163544428,"Mar-Aug (Reproductive)","Mar-Aug (Reproductive)","secondary_forest_area"
-0.628,0.00245754795223219,0.170442511556508,0.00176085777792006,0.0034289394341764,"Set-Feb (Non-Reproductive)","Set-Feb (Non-Reproductive)","secondary_forest_area"
-0.6,0.00455875050424913,0.139615894711509,0.00347119317734803,0.00598500328065114,"Mar-Aug (Reproductive)","Mar-Aug (Reproductive)","secondary_forest_area"
-0.6,0.00243169977241229,0.167865923586583,0.0017511300794965,0.0033758756633148,"Set-Feb (Non-Reproductive)","Set-Feb (Non-Reproductive)","secondary_forest_area"
-0.58,0.004474344200954,0.139435927827547,0.00340805214046172,0.00587228590033678,"Mar-Aug (Reproductive)","Mar-Aug (Reproductive)","secondary_forest_area"
-0.58,0.00241340300075691,0.166164883218269,0.00174373899821085,0.00333938386872286,"Set-Feb (Non-Reproductive)","Set-Feb (Non-Reproductive)","secondary_forest_area"
-0.566,0.00441618725498585,0.139352203782317,0.00336425805111479,0.00579511895645639,"Mar-Aug (Reproductive)","Mar-Aug (Reproductive)","secondary_forest_area"
-0.566,0.00240067703869533,0.165045498460161,0.00173834111057756,0.00331453569559239,"Set-Feb (Non-Reproductive)","Set-Feb (Non-Reproductive)","secondary_forest_area"
-0.555,0.00437102097402088,0.139310881649959,0.00333008312204575,0.00573546912013725,"Mar-Aug (Reproductive)","Mar-Aug (Reproductive)","secondary_forest_area"
-0.555,0.00239072504923777,0.164208109971581,0.00173396868700172,0.00329541267275746,"Set-Feb (Non-Reproductive)","Set-Feb (Non-Reproductive)","secondary_forest_area"
-0.491,0.00411721137703687,0.139497835952172,0.00313538117376546,0.00540483022363774,"Mar-Aug (Reproductive)","Mar-Aug (Reproductive)","secondary_forest_area"
-0.491,0.00233363353578792,0.160100913620681,0.00170619065528961,0.00319107775985696,"Set-Feb (Non-Reproductive)","Set-Feb (Non-Reproductive)","secondary_forest_area"
-0.455,0.00398094996154846,0.139922502460035,0.00302900052985631,0.00523050693242438,"Mar-Aug (Reproductive)","Mar-Aug (Reproductive)","secondary_forest_area"
-0.455,0.00230211941354325,0.158389278383324,0.00168878184208728,0.00313751094863265,"Set-Feb (Non-Reproductive)","Set-Feb (Non-Reproductive)","secondary_forest_area"
-0.444,0.00394021742584354,0.140097802753176,0.00299695210395859,0.0051788253920533,"Mar-Aug (Reproductive)","Mar-Aug (Reproductive)","secondary_forest_area"
-0.444,0.00229257505508308,0.157955392171687,0.00168320441851464,0.00312186631652831,"Set-Feb (Non-Reproductive)","Set-Feb (Non-Reproductive)","secondary_forest_area"
-0.417,0.00384198899368041,0.14061772366076,0.0029192024412424,0.00505499793669196,"Mar-Aug (Reproductive)","Mar-Aug (Reproductive)","secondary_forest_area"
-0.417,0.00226931503907714,0.157070597758166,0.00166900363443051,0.00308488074661678,"Set-Feb (Non-Reproductive)","Set-Feb (Non-Reproductive)","secondary_forest_area"
-0.403,0.00379202001101003,0.140937102121648,0.00287940273527622,0.00499244010761229,"Mar-Aug (Reproductive)","Mar-Aug (Reproductive)","secondary_forest_area"
-0.403,0.00225734713885483,0.156713715960195,0.00166135612786857,0.0030664858516741,"Set-Feb (Non-Reproductive)","Set-Feb (Non-Reproductive)","secondary_forest_area"
-0.375,0.00369401608698538,0.141676731999626,0.0028008669760753,0.00487058425651777,"Mar-Aug (Reproductive)","Mar-Aug (Reproductive)","secondary_forest_area"
-0.375,0.00223359993112448,0.156211066677151,0.00164548602234229,0.00303127368191061,"Set-Feb (Non-Reproductive)","Set-Feb (Non-Reproductive)","secondary_forest_area"
-0.3,0.00344376208146039,0.144304909415595,0.0025975815038403,0.00456433054579196,"Mar-Aug (Reproductive)","Mar-Aug (Reproductive)","secondary_forest_area"
-0.3,0.00217121222120746,0.156264423905569,0.00159933186315291,0.00294697884359547,"Set-Feb (Non-Reproductive)","Set-Feb (Non-Reproductive)","secondary_forest_area"
-0.27,0.00334845745164448,0.145611551594823,0.00251919167616127,0.00444948268758055,"Mar-Aug (Reproductive)","Mar-Aug (Reproductive)","secondary_forest_area"
-0.27,0.00214674676048462,0.156856102258116,0.00157947037575383,0.00291716862003832,"Set-Feb (Non-Reproductive)","Set-Feb (Non-Reproductive)","secondary_forest_area"
-0.254,0.00329870787128314,0.146366064671288,0.00247807397000465,0.00438990525292045,"Mar-Aug (Reproductive)","Mar-Aug (Reproductive)","secondary_forest_area"
-0.254,0.00213381119399085,0.15730344922435,0.00156857390261453,0.00290214030288585,"Set-Feb (Non-Reproductive)","Set-Feb (Non-Reproductive)","secondary_forest_area"
-0.224,0.00320740463413262,0.147886227542006,0.00240227882094894,0.00428121103822878,"Mar-Aug (Reproductive)","Mar-Aug (Reproductive)","secondary_forest_area"
-0.224,0.0021097662811289,0.158386006987098,0.00154760642362289,0.00287553963709317,"Set-Feb (Non-Reproductive)","Set-Feb (Non-Reproductive)","secondary_forest_area"
-0.211,0.00316862635404454,0.14858682251361,0.00236996272699936,0.00423529235319095,"Mar-Aug (Reproductive)","Mar-Aug (Reproductive)","secondary_forest_area"
-0.211,0.00209943096664833,0.158952551863221,0.00153831429304827,0.00286463376086055,"Set-Feb (Non-Reproductive)","Set-Feb (Non-Reproductive)","secondary_forest_area"
-0.185,0.00309246629514425,0.150062064170605,0.00230629187883564,0.00414552023049474,"Mar-Aug (Reproductive)","Mar-Aug (Reproductive)","secondary_forest_area"
-0.185,0.00207891166552631,0.160259097091866,0.00151938097671814,0.00284390950565874,"Set-Feb (Non-Reproductive)","Set-Feb (Non-Reproductive)","secondary_forest_area"
-0.176,0.00306653063397487,0.150595314013755,0.00228455103551812,0.00411507026464544,"Mar-Aug (Reproductive)","Mar-Aug (Reproductive)","secondary_forest_area"
-0.176,0.0020718555591108,0.160764443883595,0.00151272434358647,0.00283706492009013,"Set-Feb (Non-Reproductive)","Set-Feb (Non-Reproductive)","secondary_forest_area"
-0.166,0.00303796748656093,0.15120120117465,0.00226057510140904,0.0040816048014853,"Mar-Aug (Reproductive)","Mar-Aug (Reproductive)","secondary_forest_area"
-0.166,0.00206404346802239,0.161357468185115,0.00150526935308805,0.00282965344292509,"Set-Feb (Non-Reproductive)","Set-Feb (Non-Reproductive)","secondary_forest_area"
-0.154,0.0030040416208663,0.151946636780813,0.00223205495671142,0.00404194878377417,"Mar-Aug (Reproductive)","Mar-Aug (Reproductive)","secondary_forest_area"
-0.154,0.00205470775093902,0.162112405624568,0.00149624495156166,0.00282102392128354,"Set-Feb (Non-Reproductive)","Set-Feb (Non-Reproductive)","secondary_forest_area"
-0.129,0.00293457108545039,0.15356276167938,0.00217351750417837,0.00396104848116584,"Mar-Aug (Reproductive)","Mar-Aug (Reproductive)","secondary_forest_area"
-0.129,0.00203539346333088,0.16383414281935,0.00147718657809919,0.00280394611220749,"Set-Feb (Non-Reproductive)","Set-Feb (Non-Reproductive)","secondary_forest_area"
-0.113,0.00289095296910565,0.154640861508927,0.00213667707295443,0.00391045499015343,"Mar-Aug (Reproductive)","Mar-Aug (Reproductive)","secondary_forest_area"
-0.113,0.00202312751357414,0.165039341801412,0.00146482049296953,0.00279363436254634,"Set-Feb (Non-Reproductive)","Set-Feb (Non-Reproductive)","secondary_forest_area"
0.04,0.00250516655129677,0.166531848179091,0.00180878740658582,0.00346871846014183,"Mar-Aug (Reproductive)","Mar-Aug (Reproductive)","secondary_forest_area"
0.04,0.00190949690039464,0.180261443467728,0.00134192126548594,0.00271647989934076,"Set-Feb (Non-Reproductive)","Set-Feb (Non-Reproductive)","secondary_forest_area"
0.064,0.00244949711524945,0.168633764323128,0.00176130723698247,0.00340566381906884,"Mar-Aug (Reproductive)","Mar-Aug (Reproductive)","secondary_forest_area"
0.064,0.00189225984072955,0.183192636397936,0.00132219312019454,0.00270744585657015,"Set-Feb (Non-Reproductive)","Set-Feb (Non-Reproductive)","secondary_forest_area"
0.087,0.00239730564303689,0.170702400915064,0.0017167909433511,0.00334666364723457,"Mar-Aug (Reproductive)","Mar-Aug (Reproductive)","secondary_forest_area"
0.087,0.00187588674511393,0.186123067987347,0.00130324918287999,0.00269945669833359,"Set-Feb (Non-Reproductive)","Set-Feb (Non-Reproductive)","secondary_forest_area"
0.128,0.00230700501832343,0.174515771915383,0.00163979962001196,0.00324480213991582,"Mar-Aug (Reproductive)","Mar-Aug (Reproductive)","secondary_forest_area"
0.128,0.00184704984565346,0.191624129772384,0.00126946021983275,0.00268672906852316,"Set-Feb (Non-Reproductive)","Set-Feb (Non-Reproductive)","secondary_forest_area"
0.148,0.00226419546507122,0.176431854848456,0.00160332814476073,0.00319659003187936,"Mar-Aug (Reproductive)","Mar-Aug (Reproductive)","secondary_forest_area"
0.148,0.00183314405556936,0.194429015201538,0.00125299881517753,0.00268117858963201,"Set-Feb (Non-Reproductive)","Set-Feb (Non-Reproductive)","secondary_forest_area"
0.199,0.00215858461480448,0.181473951643064,0.00151348753011833,0.0030777952773651,"Mar-Aug (Reproductive)","Mar-Aug (Reproductive)","secondary_forest_area"
0.199,0.00179815546051608,0.201913775863663,0.00121119262421499,0.00266880957491007,"Set-Feb (Non-Reproductive)","Set-Feb (Non-Reproductive)","secondary_forest_area"
0.203,0.00215051234087599,0.181878508178776,0.00150663072141419,0.00306872088939023,"Mar-Aug (Reproductive)","Mar-Aug (Reproductive)","secondary_forest_area"
0.203,0.00179543961587535,0.202519913719179,0.00120792808010092,0.00266794146174212,"Set-Feb (Non-Reproductive)","Set-Feb (Non-Reproductive)","secondary_forest_area"
0.217,0.00212249586237479,0.183304483608789,0.001482846140001,0.00303722957561533,"Mar-Aug (Reproductive)","Mar-Aug (Reproductive)","secondary_forest_area"
0.217,0.00178596636355679,0.204662166132168,0.00119652257819061,0.00266501347969528,"Set-Feb (Non-Reproductive)","Set-Feb (Non-Reproductive)","secondary_forest_area"
0.266,0.00202727568204831,0.188413746954601,0.00140218938983791,0.00293020342782508,"Mar-Aug (Reproductive)","Mar-Aug (Reproductive)","secondary_forest_area"
0.266,0.00175320118557777,0.212402051727858,0.00115689555136577,0.00265604691914578,"Set-Feb (Non-Reproductive)","Set-Feb (Non-Reproductive)","secondary_forest_area"
0.28,0.00200086148871419,0.189905920992333,0.00137987250477666,0.00290050466531527,"Mar-Aug (Reproductive)","Mar-Aug (Reproductive)","secondary_forest_area"
0.28,0.00174395040592437,0.214678673777806,0.00114566993892092,0.00265382892162874,"Set-Feb (Non-Reproductive)","Set-Feb (Non-Reproductive)","secondary_forest_area"
0.291,0.001980348665318,0.191088026625243,0.00136256110553518,0.00287743508587112,"Mar-Aug (Reproductive)","Mar-Aug (Reproductive)","secondary_forest_area"
0.291,0.0017367161325055,0.21648666452762,0.00113688342405732,0.00265218712840262,"Set-Feb (Non-Reproductive)","Set-Feb (Non-Reproductive)","secondary_forest_area"
0.293,0.00197664167359086,0.19130385656407,0.00135943456139969,0.00287326537936976,"Mar-Aug (Reproductive)","Mar-Aug (Reproductive)","secondary_forest_area"
0.293,0.00173540403224737,0.216817169839115,0.00113528916712355,0.00265189795516852,"Set-Feb (Non-Reproductive)","Set-Feb (Non-Reproductive)","secondary_forest_area"
0.299,0.00196556219903091,0.191952993184125,0.00135009349845608,0.00286080158231229,"Mar-Aug (Reproductive)","Mar-Aug (Reproductive)","secondary_forest_area"
0.299,0.00173147366596793,0.217811924097618,0.00113051261514981,0.00265104740565822,"Set-Feb (Non-Reproductive)","Set-Feb (Non-Reproductive)","secondary_forest_area"
0.43,0.00173852818947811,0.206695832962126,0.00116009485311412,0.00260462131849933,"Mar-Aug (Reproductive)","Mar-Aug (Reproductive)","secondary_forest_area"
0.43,0.00164784138813458,0.240622545537416,0.00102888371825942,0.00263816935378461,"Set-Feb (Non-Reproductive)","Set-Feb (Non-Reproductive)","secondary_forest_area"
0.488,0.00164655900911134,0.213535325069764,0.00108407746790481,0.00250015776423113,"Mar-Aug (Reproductive)","Mar-Aug (Reproductive)","secondary_forest_area"
0.488,0.00161211322946315,0.251297877192643,0.000985740919072907,0.00263545318490343,"Set-Feb (Non-Reproductive)","Set-Feb (Non-Reproductive)","secondary_forest_area"
0.539,0.00156971179211305,0.219687452883656,0.00102108100764934,0.00241241216306615,"Mar-Aug (Reproductive)","Mar-Aug (Reproductive)","secondary_forest_area"
0.539,0.00158133669086391,0.260928012130261,0.000948848892588906,0.00263431924018652,"Set-Feb (Non-Reproductive)","Set-Feb (Non-Reproductive)","secondary_forest_area"
0.595,0.0014894492519683,0.2265785057575,0.00095585882899625,0.00232021483321176,"Mar-Aug (Reproductive)","Mar-Aug (Reproductive)","secondary_forest_area"
0.595,0.00154821814846461,0.271734378337765,0.000909513519489593,0.00263426960916481,"Set-Feb (Non-Reproductive)","Set-Feb (Non-Reproductive)","secondary_forest_area"
0.644,0.00142258855121552,0.232715144906704,0.000902024139578623,0.00224289988608556,"Mar-Aug (Reproductive)","Mar-Aug (Reproductive)","secondary_forest_area"
0.644,0.00151980803699893,0.281367923510728,0.000876128499865671,0.00263514280279544,"Set-Feb (Non-Reproductive)","Set-Feb (Non-Reproductive)","secondary_forest_area"
0.711,0.00133599107598524,0.24125320435133,0.000833042430166386,0.00214194357743538,"Mar-Aug (Reproductive)","Mar-Aug (Reproductive)","secondary_forest_area"
0.711,0.00148180217771567,0.294778300124894,0.000832064491997651,0.00263756393431776,"Set-Feb (Non-Reproductive)","Set-Feb (Non-Reproductive)","secondary_forest_area"
0.712,0.00133473927139723,0.241381846257489,0.000832051848579026,0.00214047668812202,"Mar-Aug (Reproductive)","Mar-Aug (Reproductive)","secondary_forest_area"
0.712,0.00148124217366503,0.294980372462373,0.00083142075366466,0.00263760997379839,"Set-Feb (Non-Reproductive)","Set-Feb (Non-Reproductive)","secondary_forest_area"
0.756,0.00128080415114577,0.24707522139742,0.000789560625045829,0.00207705094599378,"Mar-Aug (Reproductive)","Mar-Aug (Reproductive)","secondary_forest_area"
0.756,0.00145681008181806,0.303923236398152,0.000803502180243935,0.00263990318917466,"Set-Feb (Non-Reproductive)","Set-Feb (Non-Reproductive)","secondary_forest_area"
0.86,0.00116181646285494,0.260770675580995,0.00069722200139849,0.00193539424771708,"Mar-Aug (Reproductive)","Mar-Aug (Reproductive)","secondary_forest_area"
0.86,0.00140064925022287,0.32542503788176,0.000740651725903277,0.00264721498740721,"Set-Feb (Non-Reproductive)","Set-Feb (Non-Reproductive)","secondary_forest_area"
0.934,0.00108393772975457,0.27069745139957,0.000637940399754595,0.00184116656595136,"Mar-Aug (Reproductive)","Mar-Aug (Reproductive)","secondary_forest_area"
0.934,0.00136201011700358,0.340993990228169,0.000698576779037414,0.00265382808580948,"Set-Feb (Non-Reproductive)","Set-Feb (Non-Reproductive)","secondary_forest_area"
0.983,0.00103526138393329,0.277344718533129,0.000601398500543688,0.00178156509173138,"Mar-Aug (Reproductive)","Mar-Aug (Reproductive)","secondary_forest_area"
0.983,0.00133701238441775,0.351409797461113,0.000671899029282252,0.00265877024951511,"Set-Feb (Non-Reproductive)","Set-Feb (Non-Reproductive)","secondary_forest_area"
0.991,0.00102752423872676,0.278435238501843,0.000595628257472606,0.00177203701391222,"Mar-Aug (Reproductive)","Mar-Aug (Reproductive)","secondary_forest_area"
0.991,0.00133297485601921,0.353117770968598,0.000667631485905774,0.00265961665051417,"Set-Feb (Non-Reproductive)","Set-Feb (Non-Reproductive)","secondary_forest_area"
1.014,0.00100560022168977,0.281578377526218,0.000579336220664564,0.00174495314859249,"Mar-Aug (Reproductive)","Mar-Aug (Reproductive)","secondary_forest_area"
1.014,0.00132143466057756,0.358039263966193,0.000655498373729472,0.00266210915109369,"Set-Feb (Non-Reproductive)","Set-Feb (Non-Reproductive)","secondary_forest_area"
1.036,0.000985066848471373,0.284595540192269,0.000564157648975563,0.00171946954314611,"Mar-Aug (Reproductive)","Mar-Aug (Reproductive)","secondary_forest_area"
1.036,0.00131048958940252,0.362761667799928,0.000644080253871193,0.00266457300988359,"Set-Feb (Non-Reproductive)","Set-Feb (Non-Reproductive)","secondary_forest_area"
1.041,0.000980458898164966,0.285282680610157,0.000560762220582447,0.00171373459204627,"Mar-Aug (Reproductive)","Mar-Aug (Reproductive)","secondary_forest_area"
1.041,0.00130801472669724,0.363836911835144,0.000641510596301212,0.00266514356018479,"Set-Feb (Non-Reproductive)","Set-Feb (Non-Reproductive)","secondary_forest_area"
1.055,0.000967670878079786,0.28720941998154,0.000551360320865712,0.00169778723534928,"Mar-Aug (Reproductive)","Mar-Aug (Reproductive)","secondary_forest_area"
1.055,0.00130110991513319,0.366851384336295,0.000634365222723639,0.00266676150166173,"Set-Feb (Non-Reproductive)","Set-Feb (Non-Reproductive)","secondary_forest_area"
1.056,0.000966763850178298,0.287347197600145,0.000550694651311258,0.00169665433293822,"Mar-Aug (Reproductive)","Mar-Aug (Reproductive)","secondary_forest_area"
1.056,0.00130061810952206,0.367066914970997,0.000633857630784179,0.0026668782072275,"Set-Feb (Non-Reproductive)","Set-Feb (Non-Reproductive)","secondary_forest_area"
1.098,0.000929425947431166,0.293151829045069,0.000523431618075907,0.00164980578117751,"Mar-Aug (Reproductive)","Mar-Aug (Reproductive)","secondary_forest_area"
1.098,0.00128012906111196,0.376143795374335,0.000612871799792646,0.0026719128899868,"Set-Feb (Non-Reproductive)","Set-Feb (Non-Reproductive)","secondary_forest_area"
1.227,0.000823516524102096,0.311183003371336,0.000447668150892783,0.00151443750428369,"Mar-Aug (Reproductive)","Mar-Aug (Reproductive)","secondary_forest_area"
1.227,0.00121919225486428,0.404295450684421,0.000552363712951553,0.00268886863051131,"Set-Feb (Non-Reproductive)","Set-Feb (Non-Reproductive)","secondary_forest_area"
1.242,0.000812011865076062,0.31329785089058,0.000439586761129409,0.00149948828339072,"Mar-Aug (Reproductive)","Mar-Aug (Reproductive)","secondary_forest_area"
1.242,0.00121229730506486,0.407592941330833,0.000545701506395647,0.00269097363991275,"Set-Feb (Non-Reproductive)","Set-Feb (Non-Reproductive)","secondary_forest_area"
1.555,0.000605415703579694,0.358136231914135,0.000300151282341952,0.00122076566992904,"Mar-Aug (Reproductive)","Mar-Aug (Reproductive)","secondary_forest_area"
1.555,0.00107698500747474,0.477301721241897,0.000422876921946807,0.00274009712852992,"Set-Feb (Non-Reproductive)","Set-Feb (Non-Reproductive)","secondary_forest_area"
1.564,0.000600325688632968,0.359442829788545,0.00029686601744763,0.00121360856265871,"Mar-Aug (Reproductive)","Mar-Aug (Reproductive)","secondary_forest_area"
1.564,0.00107332591755376,0.479327581943036,0.000419769893135583,0.00274163774388885,"Set-Feb (Non-Reproductive)","Set-Feb (Non-Reproductive)","secondary_forest_area"
1.634,0.000562169276571108,0.369633237420164,0.000272496281873383,0.00115941758759576,"Mar-Aug (Reproductive)","Mar-Aug (Reproductive)","secondary_forest_area"
1.634,0.00104528701900006,0.495117949770945,0.000396344129347566,0.0027538310755022,"Set-Feb (Non-Reproductive)","Set-Feb (Non-Reproductive)","secondary_forest_area"
1.779,0.000490667235886331,0.390886483059403,0.000228127658015544,0.00105503033593199,"Mar-Aug (Reproductive)","Mar-Aug (Reproductive)","secondary_forest_area"
1.779,0.000989512506999066,0.527998200970455,0.000351775473221219,0.00278019347473045,"Set-Feb (Non-Reproductive)","Set-Feb (Non-Reproductive)","secondary_forest_area"
1.917,0.000431077616972122,0.41127198103479,0.000192567833442289,0.00096471471022939,"Mar-Aug (Reproductive)","Mar-Aug (Reproductive)","secondary_forest_area"
1.917,0.000939194347927638,0.559475352370238,0.000313906939090073,0.00280652722417495,"Set-Feb (Non-Reproductive)","Set-Feb (Non-Reproductive)","secondary_forest_area"
1.933,0.000424654429100335,0.413644438320391,0.000188817971550939,0.000954772839111939,"Mar-Aug (Reproductive)","Mar-Aug (Reproductive)","secondary_forest_area"
1.933,0.000933528274688488,0.563135094405016,0.000309782637321131,0.00280965256440902,"Set-Feb (Non-Reproductive)","Set-Feb (Non-Reproductive)","secondary_forest_area"
1.948,0.000418719602949036,0.415870199332687,0.000185368233752894,0.000945548247353512,"Mar-Aug (Reproductive)","Mar-Aug (Reproductive)","secondary_forest_area"
1.948,0.000928247351102888,0.566567899324589,0.00030596423906365,0.00281259559970201,"Set-Feb (Non-Reproductive)","Set-Feb (Non-Reproductive)","secondary_forest_area"
2.136,0.000351004021550768,0.443886743083417,0.000147083377901695,0.000837409347404448,"Mar-Aug (Reproductive)","Mar-Aug (Reproductive)","secondary_forest_area"
2.136,0.000864536916688881,0.609727714495083,0.00026184498750737,0.00285049719143741,"Set-Feb (Non-Reproductive)","Set-Feb (Non-Reproductive)","secondary_forest_area"
2.184,0.000335545168805447,0.451072659682585,0.000138638158813877,0.000811891026014459,"Mar-Aug (Reproductive)","Mar-Aug (Reproductive)","secondary_forest_area"
2.184,0.000848982880136004,0.620783680583459,0.000251620765769945,0.00286045923558028,"Set-Feb (Non-Reproductive)","Set-Feb (Non-Reproductive)","secondary_forest_area"
2.7,0.000206753511374982,0.528983165146858,7.33228882533534e-05,0.00058285533648862,"Mar-Aug (Reproductive)","Mar-Aug (Reproductive)","secondary_forest_area"
2.7,0.000698444856197071,0.74035196921528,0.000163747885522572,0.00297393048520804,"Set-Feb (Non-Reproductive)","Set-Feb (Non-Reproductive)","secondary_forest_area"
-1.363,0.00140020301349358,0.19340514378928,0.000958862092015511,0.00204426676908779,"Mar-Aug (Reproductive)","Mar-Aug (Reproductive)","ls_entropy"
-1.363,0.00153383715500081,0.261479722110519,0.000919336520479746,0.00255802911863318,"Set-Feb (Non-Reproductive)","Set-Feb (Non-Reproductive)","ls_entropy"
-1.294,0.00144823900322942,0.190213048258844,0.000997990435683794,0.00210119230439015,"Mar-Aug (Reproductive)","Mar-Aug (Reproductive)","ls_entropy"
-1.294,0.00155354547109908,0.254179407102116,0.000944562879577842,0.00255415013205482,"Set-Feb (Non-Reproductive)","Set-Feb (Non-Reproductive)","ls_entropy"
-1.279,0.00145889743606655,0.1895369344828,0.00100667033788452,0.00211384890504207,"Mar-Aug (Reproductive)","Mar-Aug (Reproductive)","ls_entropy"
-1.279,0.00155786323290525,0.252615835959431,0.000950094098416726,0.00255342472603726,"Set-Feb (Non-Reproductive)","Set-Feb (Non-Reproductive)","ls_entropy"
-1.206,0.00151189723995493,0.186340816219585,0.00104980738691006,0.00217694023550487,"Mar-Aug (Reproductive)","Mar-Aug (Reproductive)","ls_entropy"
-1.206,0.00157904799481456,0.245134014233944,0.000977234021817379,0.00255053329947397,"Set-Feb (Non-Reproductive)","Set-Feb (Non-Reproductive)","ls_entropy"
-1.187,0.00152600422976349,0.1855352573385,0.00106127987471003,0.00219378005133024,"Mar-Aug (Reproductive)","Mar-Aug (Reproductive)","ls_entropy"
-1.187,0.00158460885273633,0.24322296421718,0.000984354062538232,0.00254996209214648,"Set-Feb (Non-Reproductive)","Set-Feb (Non-Reproductive)","ls_entropy"
-1.182,0.00152973838926405,0.185325114728464,0.00106431586244189,0.0021982410823103,"Mar-Aug (Reproductive)","Mar-Aug (Reproductive)","ls_entropy"
-1.182,0.00158607548328276,0.24272264728221,0.00098623135228536,0.00254982471109917,"Set-Feb (Non-Reproductive)","Set-Feb (Non-Reproductive)","ls_entropy"
-1.168,0.00154024264396569,0.184740844067083,0.00107285418970648,0.00221079803124557,"Mar-Aug (Reproductive)","Mar-Aug (Reproductive)","ls_entropy"
-1.168,0.00159018926287532,0.241327593709771,0.0009914954875847,0.00254946915991014,"Set-Feb (Non-Reproductive)","Set-Feb (Non-Reproductive)","ls_entropy"
-1.16,0.00154627737813328,0.184409723536448,0.00107775812014533,0.00221801745908895,"Mar-Aug (Reproductive)","Mar-Aug (Reproductive)","ls_entropy"
-1.16,0.00159254477520273,0.240534323388854,0.000994508557688591,0.00254928546232919,"Set-Feb (Non-Reproductive)","Set-Feb (Non-Reproductive)","ls_entropy"
-1.159,0.00154703337792738,0.184368474741726,0.00107837238547658,0.00221892215297354,"Mar-Aug (Reproductive)","Mar-Aug (Reproductive)","ls_entropy"
-1.159,0.00159283945907867,0.24043536608758,0.000994885441554665,0.00254926350522512,"Set-Feb (Non-Reproductive)","Set-Feb (Non-Reproductive)","ls_entropy"
-1.158,0.00154778974676891,0.184327257411041,0.00107898693406095,0.00221982735163662,"Mar-Aug (Reproductive)","Mar-Aug (Reproductive)","ls_entropy"
-1.158,0.00159313419739579,0.240336453746111,0.00099526238048938,0.00254924177237518,"Set-Feb (Non-Reproductive)","Set-Feb (Non-Reproductive)","ls_entropy"
-1.146,0.00155689502402615,0.183835111325035,0.00108638362546119,0.00223072925708337,"Mar-Aug (Reproductive)","Mar-Aug (Reproductive)","ls_entropy"
-1.146,0.0015966753072646,0.239153032793688,0.000999789886737507,0.00254899856903741,"Set-Feb (Non-Reproductive)","Set-Feb (Non-Reproductive)","ls_entropy"
-1.132,0.00156758546242791,0.183266719904982,0.00109506474961006,0.00224354103742798,"Mar-Aug (Reproductive)","Mar-Aug (Reproductive)","ls_entropy"
-1.132,0.00160081653537711,0.237780697044622,0.00100508161123246,0.00254875632721542,"Set-Feb (Non-Reproductive)","Set-Feb (Non-Reproductive)","ls_entropy"
-1.103,0.00158996365547851,0.182109377510822,0.00111322445769597,0.00227040271659502,"Mar-Aug (Reproductive)","Mar-Aug (Reproductive)","ls_entropy"
-1.103,0.00160942893833041,0.234967164232992,0.00101607419661243,0.00254839989917586,"Set-Feb (Non-Reproductive)","Set-Feb (Non-Reproductive)","ls_entropy"
-1.097,0.00159463329865015,0.181873338496111,0.00111701157206758,0.00227601542344442,"Mar-Aug (Reproductive)","Mar-Aug (Reproductive)","ls_entropy"
-1.097,0.00161121658223364,0.234390064814418,0.00101835348541713,0.0025483511251665,"Set-Feb (Non-Reproductive)","Set-Feb (Non-Reproductive)","ls_entropy"
-1.062,0.00162214707236631,0.180520108810942,0.00113930818141773,0.00230914006903546,"Mar-Aug (Reproductive)","Mar-Aug (Reproductive)","ls_entropy"
-1.062,0.00162168408547137,0.231058889127649,0.00103168032324884,0.00254824216699169,"Set-Feb (Non-Reproductive)","Set-Feb (Non-Reproductive)","ls_entropy"
-0.998,0.00167368944074658,0.17815247015293,0.00118098804689757,0.00237145497703533,"Mar-Aug (Reproductive)","Mar-Aug (Reproductive)","ls_entropy"
-0.998,0.00164100055450215,0.225130036937879,0.00105616562040481,0.00254885224188823,"Set-Feb (Non-Reproductive)","Set-Feb (Non-Reproductive)","ls_entropy"
-0.977,0.00169095552488539,0.177406443210804,0.00119492124595978,0.00239240974260043,"Mar-Aug (Reproductive)","Mar-Aug (Reproductive)","ls_entropy"
-0.977,0.00164738868991138,0.223232678974471,0.00106422556538449,0.00254929189735964,"Set-Feb (Non-Reproductive)","Set-Feb (Non-Reproductive)","ls_entropy"
-0.941,0.00172096922903631,0.176163880970051,0.00121910304622195,0.00242893541656582,"Mar-Aug (Reproductive)","Mar-Aug (Reproductive)","ls_entropy"
-0.941,0.00165839759258135,0.220038054484967,0.00107806341553174,0.0025503348754209,"Set-Feb (Non-Reproductive)","Set-Feb (Non-Reproductive)","ls_entropy"
-0.919,0.00173957213580544,0.175427486603576,0.00123406535734064,0.00245163997078398,"Mar-Aug (Reproductive)","Mar-Aug (Reproductive)","ls_entropy"
-0.919,0.00166516138026827,0.218123002265268,0.00108652903605016,0.00255115807704592,"Set-Feb (Non-Reproductive)","Set-Feb (Non-Reproductive)","ls_entropy"
-0.917,0.00174127323067688,0.175361414932193,0.0012354325165194,0.00245371867898357,"Mar-Aug (Reproductive)","Mar-Aug (Reproductive)","ls_entropy"
-0.917,0.00166577763399989,0.217950340412035,0.00108729887070359,0.00255124007789821,"Set-Feb (Non-Reproductive)","Set-Feb (Non-Reproductive)","ls_entropy"
-0.902,0.00175408448440388,0.174870550895741,0.00124572314763921,0.00246938769769108,"Mar-Aug (Reproductive)","Mar-Aug (Reproductive)","ls_entropy"
-0.902,0.00167040680028733,0.216663112103208,0.00109307346980971,0.00255189375955249,"Set-Feb (Non-Reproductive)","Set-Feb (Non-Reproductive)","ls_entropy"
-0.846,0.00180275006964206,0.173111852126335,0.00128471788964609,0.00252913752823609,"Mar-Aug (Reproductive)","Mar-Aug (Reproductive)","ls_entropy"
-0.846,0.00168780278044389,0.21198160471664,0.0011146330153629,0.00255495565501755,"Set-Feb (Non-Reproductive)","Set-Feb (Non-Reproductive)","ls_entropy"
-0.822,0.00182401715901921,0.17239440664841,0.00130170845404711,0.00255536526437175,"Mar-Aug (Reproductive)","Mar-Aug (Reproductive)","ls_entropy"
-0.822,0.00169531345578981,0.210037456665503,0.00112386547211623,0.00255657993506672,"Set-Feb (Non-Reproductive)","Set-Feb (Non-Reproductive)","ls_entropy"
-0.805,0.00183923269071062,0.17189961234739,0.00131384458562855,0.00257417462956563,"Mar-Aug (Reproductive)","Mar-Aug (Reproductive)","ls_entropy"
-0.805,0.00170065369597338,0.208683793147414,0.0011303994299567,0.00255784830492858,"Set-Feb (Non-Reproductive)","Set-Feb (Non-Reproductive)","ls_entropy"
-0.804,0.00184013165708132,0.171870855237152,0.0013145610879115,0.00257528710759432,"Mar-Aug (Reproductive)","Mar-Aug (Reproductive)","ls_entropy"
-0.804,0.00170096835020148,0.208604781006151,0.00113078359816803,0.00255792601046495,"Set-Feb (Non-Reproductive)","Set-Feb (Non-Reproductive)","ls_entropy"
-0.77,0.00187095886921133,0.170916349426424,0.00133909484050773,0.00261351674517312,"Mar-Aug (Reproductive)","Mar-Aug (Reproductive)","ls_entropy"
-0.77,0.00171170124427506,0.205959843032169,0.00114383032416474,0.00256077702212836,"Set-Feb (Non-Reproductive)","Set-Feb (Non-Reproductive)","ls_entropy"
-0.712,0.00192474077288837,0.169393839590559,0.00138172040090436,0.00268059696888541,"Mar-Aug (Reproductive)","Mar-Aug (Reproductive)","ls_entropy"
-0.712,0.0017301665618582,0.201640452055728,0.00116599482358516,0.00256661383971497,"Set-Feb (Non-Reproductive)","Set-Feb (Non-Reproductive)","ls_entropy"
-0.689,0.0019464928921534,0.168827675205181,0.00139889353267033,0.00270786972541983,"Mar-Aug (Reproductive)","Mar-Aug (Reproductive)","ls_entropy"
-0.689,0.00173754395891176,0.199997707478218,0.0011747412587323,0.00256928427157556,"Set-Feb (Non-Reproductive)","Set-Feb (Non-Reproductive)","ls_entropy"
-0.682,0.00195316167365486,0.168659657006262,0.00140415052530599,0.00271624771736094,"Mar-Aug (Reproductive)","Mar-Aug (Reproductive)","ls_entropy"
-0.682,0.00173979548047739,0.199505897812659,0.0011773974025846,0.00257013854096364,"Set-Feb (Non-Reproductive)","Set-Feb (Non-Reproductive)","ls_entropy"
-0.667,0.00196752880400849,0.168306407119805,0.00141546322607635,0.00273432398992401,"Mar-Aug (Reproductive)","Mar-Aug (Reproductive)","ls_entropy"
-0.667,0.00174462998157876,0.1984650412748,0.00118307919761181,0.00257203554439326,"Set-Feb (Non-Reproductive)","Set-Feb (Non-Reproductive)","ls_entropy"
-0.539,0.00209449817338129,0.165676182377827,0.0015146366097161,0.00289570940086214,"Mar-Aug (Reproductive)","Mar-Aug (Reproductive)","ls_entropy"
-0.539,0.00178643367168736,0.190343454408648,0.00123085785602087,0.00259213049100839,"Set-Feb (Non-Reproductive)","Set-Feb (Non-Reproductive)","ls_entropy"
-0.517,0.00211713019775177,0.165294790323949,0.00153215570196651,0.00292479274968252,"Mar-Aug (Reproductive)","Mar-Aug (Reproductive)","ls_entropy"
-0.517,0.00179371871730574,0.189092218829015,0.00123891088147249,0.00259633417661122,"Set-Feb (Non-Reproductive)","Set-Feb (Non-Reproductive)","ls_entropy"
-0.504,0.00213061820128112,0.165079345925615,0.0015425728861922,0.0029421721289593,"Mar-Aug (Reproductive)","Mar-Aug (Reproductive)","ls_entropy"
-0.504,0.0017980374482201,0.188373823303506,0.00124364314593288,0.00259892791008992,"Set-Feb (Non-Reproductive)","Set-Feb (Non-Reproductive)","ls_entropy"
-0.444,0.0021939901816626,0.164181408926597,0.00159127581776865,0.00302429817132942,"Mar-Aug (Reproductive)","Mar-Aug (Reproductive)","ls_entropy"
-0.444,0.0018181049437367,0.185265655760167,0.00126520537317253,0.00261199182716356,"Set-Feb (Non-Reproductive)","Set-Feb (Non-Reproductive)","ls_entropy"
-0.429,0.00221012488332613,0.163981889148091,0.00160361121886727,0.00304533286530744,"Mar-Aug (Reproductive)","Mar-Aug (Reproductive)","ls_entropy"
-0.429,0.00182315665183965,0.184543226530901,0.00127051818870208,0.00261554724530775,"Set-Feb (Non-Reproductive)","Set-Feb (Non-Reproductive)","ls_entropy"
-0.367,0.0022780805952273,0.163264325981348,0.00165527156281975,0.00313449071317748,"Mar-Aug (Reproductive)","Mar-Aug (Reproductive)","ls_entropy"
-0.367,0.00184418611343147,0.18179734051998,0.00129210769204806,0.00263152935226467,"Set-Feb (Non-Reproductive)","Set-Feb (Non-Reproductive)","ls_entropy"
-0.347,0.00230044344018304,0.163069904271031,0.00167216683629055,0.00316403176509749,"Mar-Aug (Reproductive)","Mar-Aug (Reproductive)","ls_entropy"
-0.347,0.00185102132522058,0.180996023205292,0.0012989351646284,0.00263714094128812,"Set-Feb (Non-Reproductive)","Set-Feb (Non-Reproductive)","ls_entropy"
-0.331,0.00231849130433407,0.162927459838816,0.00168576373758162,0.00318794584186887,"Mar-Aug (Reproductive)","Mar-Aug (Reproductive)","ls_entropy"
-0.331,0.00185650769652082,0.180385295398747,0.00130434564572087,0.00264179540774201,"Set-Feb (Non-Reproductive)","Set-Feb (Non-Reproductive)","ls_entropy"
-0.297,0.00235731341621487,0.162663553166438,0.00171489458349586,0.00323960860695599,"Mar-Aug (Reproductive)","Mar-Aug (Reproductive)","ls_entropy"
-0.297,0.00186822018744053,0.179178324577163,0.00131568383965477,0.00265218420606923,"Set-Feb (Non-Reproductive)","Set-Feb (Non-Reproductive)","ls_entropy"
-0.275,0.00238277850028655,0.16252099554175,0.00173391550226715,0.00327366165914405,"Mar-Aug (Reproductive)","Mar-Aug (Reproductive)","ls_entropy"
-0.275,0.00187583813029904,0.178464103864436,0.00132289983312832,0.00265927508432083,"Set-Feb (Non-Reproductive)","Set-Feb (Non-Reproductive)","ls_entropy"
-0.273,0.00238510707176609,0.162509137359029,0.00173565134409246,0.00327678207791775,"Mar-Aug (Reproductive)","Mar-Aug (Reproductive)","ls_entropy"
-0.273,0.00187653220609508,0.178401803949618,0.0013235509776353,0.00265993431714965,"Set-Feb (Non-Reproductive)","Set-Feb (Non-Reproductive)","ls_entropy"
-0.265,0.00239444408123849,0.162463542832626,0.00174260580878046,0.00328930523837571,"Mar-Aug (Reproductive)","Mar-Aug (Reproductive)","ls_entropy"
-0.265,0.00187931107353096,0.178157011178208,0.00132614731873506,0.00266259581515778,"Set-Feb (Non-Reproductive)","Set-Feb (Non-Reproductive)","ls_entropy"
-0.248,0.00241440647350666,0.162376428900075,0.00175744293446871,0.00331613888341903,"Mar-Aug (Reproductive)","Mar-Aug (Reproductive)","ls_entropy"
-0.248,0.00188522981199289,0.177660345531935,0.00133162014161681,0.00266838299204131,"Set-Feb (Non-Reproductive)","Set-Feb (Non-Reproductive)","ls_entropy"
-0.194,0.00247892429724703,0.162188088339639,0.00180510212969021,0.0034034182889245,"Mar-Aug (Reproductive)","Mar-Aug (Reproductive)","ls_entropy"
-0.194,0.00190415420408052,0.176297527363509,0.0013485872869085,0.00268797762745793,"Set-Feb (Non-Reproductive)","Set-Feb (Non-Reproductive)","ls_entropy"
-0.166,0.0025130521384783,0.162143462026546,0.00183013012018136,0.00344992907583109,"Mar-Aug (Reproductive)","Mar-Aug (Reproductive)","ls_entropy"
-0.166,0.00191404137694585,0.175721336626747,0.00135712331530178,0.00269888235990075,"Set-Feb (Non-Reproductive)","Set-Feb (Non-Reproductive)","ls_entropy"
-0.149,0.002534000850046,0.162134058837832,0.00184543049855836,0.00347859643581683,"Mar-Aug (Reproductive)","Mar-Aug (Reproductive)","ls_entropy"
-0.149,0.00192006928528058,0.175415503434279,0.00136221489439627,0.00270575728620923,"Set-Feb (Non-Reproductive)","Set-Feb (Non-Reproductive)","ls_entropy"
-0.135,0.00255138345263811,0.162136354312905,0.00185809013807676,0.00350245167448266,"Mar-Aug (Reproductive)","Mar-Aug (Reproductive)","ls_entropy"
-0.135,0.00192504766919264,0.175188755748825,0.00136635511225933,0.0027115652121037,"Set-Feb (Non-Reproductive)","Set-Feb (Non-Reproductive)","ls_entropy"
-0.07,0.00263365929092389,0.162265744035547,0.00191756654235561,0.00361619959365139,"Mar-Aug (Reproductive)","Mar-Aug (Reproductive)","ls_entropy"
-0.07,0.00194833088522899,0.174435575153199,0.00138493048325668,0.00274029798064232,"Set-Feb (Non-Reproductive)","Set-Feb (Non-Reproductive)","ls_entropy"
-0.061,0.00264525798808509,0.162299042738798,0.00192589218645585,0.00363234585680644,"Mar-Aug (Reproductive)","Mar-Aug (Reproductive)","ls_entropy"
-0.061,0.00195157679057793,0.174370373204261,0.00138741611763891,0.00274450987876089,"Set-Feb (Non-Reproductive)","Set-Feb (Non-Reproductive)","ls_entropy"
-0.051,0.00265820518917605,0.162340422940242,0.00193516863574606,0.00365040164115827,"Mar-Aug (Reproductive)","Mar-Aug (Reproductive)","ls_entropy"
-0.051,0.00195518968235415,0.174309124453985,0.00139015269073285,0.00274925751027818,"Set-Feb (Non-Reproductive)","Set-Feb (Non-Reproductive)","ls_entropy"
-0.048,0.00266210165962568,0.162353735894523,0.00193795684915325,0.00365584221106938,"Mar-Aug (Reproductive)","Mar-Aug (Reproductive)","ls_entropy"
-0.048,0.00195627485101279,0.174293050165226,0.00139096845068139,0.00275069576374115,"Set-Feb (Non-Reproductive)","Set-Feb (Non-Reproductive)","ls_entropy"
-0.047,0.00266340174854149,0.162358265705737,0.00193888679479225,0.00365765818735007,"Mar-Aug (Reproductive)","Mar-Aug (Reproductive)","ls_entropy"
-0.047,0.00195663670746235,0.174287928107479,0.00139123983414989,0.00275117661755064,"Set-Feb (Non-Reproductive)","Set-Feb (Non-Reproductive)","ls_entropy"
-0.011,0.0027106290721355,0.162551991039092,0.0019725448407862,0.00372385821873311,"Mar-Aug (Reproductive)","Mar-Aug (Reproductive)","ls_entropy"
-0.011,0.0019697081254616,0.17418220973069,0.00140082920917494,0.00276896906087422,"Set-Feb (Non-Reproductive)","Set-Feb (Non-Reproductive)","ls_entropy"
-0.006,0.00271725414089251,0.162583608203792,0.00197724724058552,0.00373318092777331,"Mar-Aug (Reproductive)","Mar-Aug (Reproductive)","ls_entropy"
-0.006,0.00197153047980155,0.174179643349718,0.00140213302467493,0.0027715149278114,"Set-Feb (Non-Reproductive)","Set-Feb (Non-Reproductive)","ls_entropy"
0.154,0.00293800002571707,0.164196271322137,0.00213127221643375,0.00404885092805947,"Mar-Aug (Reproductive)","Mar-Aug (Reproductive)","ls_entropy"
0.154,0.00203074278076428,0.175652290384239,0.00144011233687885,0.00286291283313888,"Set-Feb (Non-Reproductive)","Set-Feb (Non-Reproductive)","ls_entropy"
0.186,0.00298424987851952,0.164656915146947,0.00216290075572265,0.00411621496593781,"Mar-Aug (Reproductive)","Mar-Aug (Reproductive)","ls_entropy"
0.186,0.00204279652471753,0.17630461475236,0.00144681710035841,0.00288356554430043,"Set-Feb (Non-Reproductive)","Set-Feb (Non-Reproductive)","ls_entropy"
0.218,0.0030312255808182,0.165162787075544,0.00219480349597817,0.00418506450317264,"Mar-Aug (Reproductive)","Mar-Aug (Reproductive)","ls_entropy"
0.218,0.00205492166794986,0.177073690893529,0.00145322093979919,0.00290502955696808,"Set-Feb (Non-Reproductive)","Set-Feb (Non-Reproductive)","ls_entropy"
0.223,0.00303863183443684,0.165245888650831,0.00219981307519528,0.00419595858983686,"Mar-Aug (Reproductive)","Mar-Aug (Reproductive)","ls_entropy"
0.223,0.00205682269853331,0.177204309929889,0.00145419434942985,0.00290845707018583,"Set-Feb (Non-Reproductive)","Set-Feb (Non-Reproductive)","ls_entropy"
0.227,0.00304456982443861,0.165313156591589,0.00220382556126428,0.00420470064319232,"Mar-Aug (Reproductive)","Mar-Aug (Reproductive)","ls_entropy"
0.227,0.00205834478654869,0.177310826932631,0.00145496778879908,0.00291121348606618,"Set-Feb (Non-Reproductive)","Set-Feb (Non-Reproductive)","ls_entropy"
0.254,0.00308495496601934,0.165785437767133,0.00223102201046696,0.00426433741286039,"Mar-Aug (Reproductive)","Mar-Aug (Reproductive)","ls_entropy"
0.254,0.0020686483230428,0.17807656401604,0.00146006567314483,0.00293015521585807,"Set-Feb (Non-Reproductive)","Set-Feb (Non-Reproductive)","ls_entropy"
0.294,0.00314576846318723,0.166543015812159,0.0022716725399857,0.00435473170937839,"Mar-Aug (Reproductive)","Mar-Aug (Reproductive)","ls_entropy"
0.294,0.00208400750464395,0.179358930117894,0.00146722602501286,0.0029592985515786,"Set-Feb (Non-Reproductive)","Set-Feb (Non-Reproductive)","ls_entropy"
0.392,0.00329985946078173,0.168685640101374,0.00237308669259138,0.00458690506123003,"Mar-Aug (Reproductive)","Mar-Aug (Reproductive)","ls_entropy"
0.392,0.00212212015498247,0.183224406852065,0.0014828158511689,0.00303621732494014,"Set-Feb (Non-Reproductive)","Set-Feb (Non-Reproductive)","ls_entropy"
0.434,0.00336818016074173,0.169725606465197,0.00241734566127133,0.00469125545421127,"Mar-Aug (Reproductive)","Mar-Aug (Reproductive)","ls_entropy"
0.434,0.00213866632472021,0.1851836038668,0.00148866598863421,0.00307160504379572,"Set-Feb (Non-Reproductive)","Set-Feb (Non-Reproductive)","ls_entropy"
0.489,0.00345978387709867,0.171194827800664,0.00247603157652803,0.00483249738896078,"Mar-Aug (Reproductive)","Mar-Aug (Reproductive)","ls_entropy"
0.489,0.00216052875006992,0.188010773044976,0.001495596000745,0.00312016271529476,"Set-Feb (Non-Reproductive)","Set-Feb (Non-Reproductive)","ls_entropy"
0.551,0.0035660260968115,0.17299340812527,0.00254318431705673,0.00499818262489556,"Mar-Aug (Reproductive)","Mar-Aug (Reproductive)","ls_entropy"
0.551,0.00218544115835658,0.191538079441688,0.00150244567620955,0.00317793079074115,"Set-Feb (Non-Reproductive)","Set-Feb (Non-Reproductive)","ls_entropy"
0.62,0.00368808936470471,0.175166963299515,0.00261917633402521,0.00519096646577641,"Mar-Aug (Reproductive)","Mar-Aug (Reproductive)","ls_entropy"
0.62,0.00221350339136838,0.19586464634382,0.0015089208840172,0.00324601736163779,"Set-Feb (Non-Reproductive)","Set-Feb (Non-Reproductive)","ls_entropy"
0.63,0.00370612173168884,0.175496621719331,0.00263030065456043,0.00521966230138807,"Mar-Aug (Reproductive)","Mar-Aug (Reproductive)","ls_entropy"
0.63,0.00221760010208548,0.196525185720728,0.001509762644071,0.0032562179821598,"Set-Feb (Non-Reproductive)","Set-Feb (Non-Reproductive)","ls_entropy"
0.806,0.00403826037592396,0.181876792375078,0.00283078391354004,0.00575781431579996,"Mar-Aug (Reproductive)","Mar-Aug (Reproductive)","ls_entropy"
0.806,0.00229095317431504,0.209423424840006,0.00152086181237563,0.00344963461794235,"Set-Feb (Non-Reproductive)","Set-Feb (Non-Reproductive)","ls_entropy"
0.837,0.00409975991096009,0.183109015481058,0.00286703493580824,0.00585939902921287,"Mar-Aug (Reproductive)","Mar-Aug (Reproductive)","ls_entropy"
0.837,0.00230412181513512,0.211925935943624,0.00152213795137845,0.0034864396689904,"Set-Feb (Non-Reproductive)","Set-Feb (Non-Reproductive)","ls_entropy"
0.847,0.00411979675710665,0.183513121359042,0.00287879005921697,0.00589262278787372,"Mar-Aug (Reproductive)","Mar-Aug (Reproductive)","ls_entropy"
0.847,0.00230838585272818,0.212746766591276,0.00152250940749972,0.00349848825339256,"Set-Feb (Non-Reproductive)","Set-Feb (Non-Reproductive)","ls_entropy"
0.858,0.00414194994091882,0.1839613221613,0.0028917553872804,0.00592942781257967,"Mar-Aug (Reproductive)","Mar-Aug (Reproductive)","ls_entropy"
0.858,0.00231308538771155,0.213657173166581,0.00152289578281561,0.00351184101665996,"Set-Feb (Non-Reproductive)","Set-Feb (Non-Reproductive)","ls_entropy"
0.918,0.00426489022077648,0.186472784393017,0.00296312066282103,0.00613503913765412,"Mar-Aug (Reproductive)","Mar-Aug (Reproductive)","ls_entropy"
0.918,0.00233888774964514,0.218756931244853,0.00152460543812428,0.00358651102839724,"Set-Feb (Non-Reproductive)","Set-Feb (Non-Reproductive)","ls_entropy"
0.935,0.00430037923335468,0.187204466222589,0.00298354100822916,0.00619481587601258,"Mar-Aug (Reproductive)","Mar-Aug (Reproductive)","ls_entropy"
0.935,0.00234625048537911,0.220241609432473,0.00152497156675197,0.00360823374858944,"Set-Feb (Non-Reproductive)","Set-Feb (Non-Reproductive)","ls_entropy"
0.955,0.00434250762808819,0.18807638129378,0.00300767932877337,0.00626601847363343,"Mar-Aug (Reproductive)","Mar-Aug (Reproductive)","ls_entropy"
0.955,0.00235494213663734,0.222009907735718,0.00152533788635248,0.00363411119805777,"Set-Feb (Non-Reproductive)","Set-Feb (Non-Reproductive)","ls_entropy"
1.008,0.00445614562473895,0.190443854300906,0.00307225006060116,0.00645937815175108,"Mar-Aug (Reproductive)","Mar-Aug (Reproductive)","ls_entropy"
1.008,0.00237813067603768,0.226804936688683,0.00152598340112836,0.00370437283149243,"Set-Feb (Non-Reproductive)","Set-Feb (Non-Reproductive)","ls_entropy"
1.037,0.00451957303085256,0.191773403172005,0.00310795695995745,0.00656811269442193,"Mar-Aug (Reproductive)","Mar-Aug (Reproductive)","ls_entropy"
1.037,0.00239091501918945,0.2294929513416,0.00152614461237705,0.00374385922608822,"Set-Feb (Non-Reproductive)","Set-Feb (Non-Reproductive)","ls_entropy"
1.039,0.00452398031638957,0.191865968560765,0.00311042939789047,0.00657568947358604,"Mar-Aug (Reproductive)","Mar-Aug (Reproductive)","ls_entropy"
1.039,0.00239179922104965,0.22967995219874,0.00152615089106183,0.0037466096866447,"Set-Feb (Non-Reproductive)","Set-Feb (Non-Reproductive)","ls_entropy"
1.079,0.00461302995300069,0.193740512961104,0.00316014850096969,0.0067293658920066,"Mar-Aug (Reproductive)","Mar-Aug (Reproductive)","ls_entropy"
1.079,0.00240955192168034,0.23346263010813,0.00152614905284547,0.00380236029536351,"Set-Feb (Non-Reproductive)","Set-Feb (Non-Reproductive)","ls_entropy"
1.245,0.00500161247481011,0.201969469907148,0.00337212734562336,0.00741264370459293,"Mar-Aug (Reproductive)","Mar-Aug (Reproductive)","ls_entropy"
1.245,0.00248464119957041,0.249959265696825,0.00152375840349054,0.00404899999031776,"Set-Feb (Non-Reproductive)","Set-Feb (Non-Reproductive)","ls_entropy"
1.262,0.00504320085266891,0.202850874605002,0.00339436391710456,0.00748695532501527,"Mar-Aug (Reproductive)","Mar-Aug (Reproductive)","ls_entropy"
1.262,0.00249246161570956,0.251714947752823,0.00152331622629329,0.00407566788612164,"Set-Feb (Non-Reproductive)","Set-Feb (Non-Reproductive)","ls_entropy"
1.287,0.00510498601941956,0.204159435073296,0.0034272476341804,0.00759776510319969,"Mar-Aug (Reproductive)","Mar-Aug (Reproductive)","ls_entropy"
1.287,0.00250400685288459,0.254317337524034,0.00152260510012163,0.00411536816738295,"Set-Feb (Non-Reproductive)","Set-Feb (Non-Reproductive)","ls_entropy"
1.327,0.0052054123198895,0.206283140516801,0.00348031917703048,0.00777890922555904,"Mar-Aug (Reproductive)","Mar-Aug (Reproductive)","ls_entropy"
1.327,0.00252259028857889,0.258530253979587,0.00152132182148584,0.00418009167165228,"Set-Feb (Non-Reproductive)","Set-Feb (Non-Reproductive)","ls_entropy"
1.347,0.00525636000965302,0.207358542139297,0.00350706845318192,0.00787128903829863,"Mar-Aug (Reproductive)","Mar-Aug (Reproductive)","ls_entropy"
1.347,0.0025319335302369,0.260658592574785,0.00152061547377788,0.00421301244888729,"Set-Feb (Non-Reproductive)","Set-Feb (Non-Reproductive)","ls_entropy"
1.361,0.00529231822153277,0.208116595199629,0.00352587844324494,0.00793668303488165,"Mar-Aug (Reproductive)","Mar-Aug (Reproductive)","ls_entropy"
1.361,0.00253849432982849,0.262156848672364,0.00152009617989909,0.00423628008898653,"Set-Feb (Non-Reproductive)","Set-Feb (Non-Reproductive)","ls_entropy"
1.405,0.00540693025964705,0.210526743863544,0.00358545855528469,0.00814617435527897,"Mar-Aug (Reproductive)","Mar-Aug (Reproductive)","ls_entropy"
1.405,0.00255922458280732,0.266909376697635,0.00151833534296219,0.00431061099935168,"Set-Feb (Non-Reproductive)","Set-Feb (Non-Reproductive)","ls_entropy"
1.414,0.00543067600408575,0.211024815587791,0.00359773268651391,0.0081897767401184,"Mar-Aug (Reproductive)","Mar-Aug (Reproductive)","ls_entropy"
1.414,0.00256348561862973,0.267889436411046,0.00151795180109584,0.00432604141306446,"Set-Feb (Non-Reproductive)","Set-Feb (Non-Reproductive)","ls_entropy"
1.464,0.00556449783763385,0.213822500654181,0.00366646936981391,0.00843676236720521,"Mar-Aug (Reproductive)","Mar-Aug (Reproductive)","ls_entropy"
1.464,0.00258728722104567,0.27338137127467,0.00151568288623291,0.0044131788519867,"Set-Feb (Non-Reproductive)","Set-Feb (Non-Reproductive)","ls_entropy"
1.471,0.00558349273913387,0.214218246656646,0.00367616713158667,0.00847199165679881,"Mar-Aug (Reproductive)","Mar-Aug (Reproductive)","ls_entropy"
1.471,0.00259063698832582,0.274156451930719,0.00151534709313477,0.00442557036028995,"Set-Feb (Non-Reproductive)","Set-Feb (Non-Reproductive)","ls_entropy"
1.493,0.0056436117563901,0.215468393316153,0.00370676636137008,0.00858377082571549,"Mar-Aug (Reproductive)","Mar-Aug (Reproductive)","ls_entropy"
1.493,0.00260119301521141,0.276602035729303,0.00151426373043647,0.00446482482192361,"Set-Feb (Non-Reproductive)","Set-Feb (Non-Reproductive)","ls_entropy"
1.543,0.00578265021007813,0.218344856898011,0.00377699727422095,0.0088438858559008,"Mar-Aug (Reproductive)","Mar-Aug (Reproductive)","ls_entropy"
1.543,0.00262534380397059,0.282212747049131,0.00151164890284494,0.00455580054836183,"Set-Feb (Non-Reproductive)","Set-Feb (Non-Reproductive)","ls_entropy"
1.549,0.00579956203463298,0.218693252478128,0.00378548977265118,0.00887567552350308,"Mar-Aug (Reproductive)","Mar-Aug (Reproductive)","ls_entropy"
1.549,0.00262825688629274,0.282890786957008,0.00151132136425499,0.00456688326372174,"Set-Feb (Non-Reproductive)","Set-Feb (Non-Reproductive)","ls_entropy"
1.553,0.00581086389264056,0.21892589344856,0.00379115921116241,0.0088969380429763,"Mar-Aug (Reproductive)","Mar-Aug (Reproductive)","ls_entropy"
1.553,0.00263020073197174,0.283343366074276,0.00151110141065862,0.00457429157667545,"Set-Feb (Non-Reproductive)","Set-Feb (Non-Reproductive)","ls_entropy"
1.591,0.00591932952288404,0.221150844451685,0.00384533094546103,0.00910172896764914,"Mar-Aug (Reproductive)","Mar-Aug (Reproductive)","ls_entropy"
1.591,0.00264873892878511,0.287664495903149,0.0015089495750042,0.00464546588706585,"Set-Feb (Non-Reproductive)","Set-Feb (Non-Reproductive)","ls_entropy"
1.611,0.00597722265447184,0.222332496500271,0.00387407102418872,0.00921157276559701,"Mar-Aug (Reproductive)","Mar-Aug (Reproductive)","ls_entropy"
1.611,0.00265854815806201,0.289954111923951,0.00150777300270428,0.0046835078213799,"Set-Feb (Non-Reproductive)","Set-Feb (Non-Reproductive)","ls_entropy"
1.649,0.00608877452094663,0.224597313461956,0.00392911699886798,0.00942426653942067,"Mar-Aug (Reproductive)","Mar-Aug (Reproductive)","ls_entropy"
1.649,0.00267728561704823,0.294332434887143,0.00150545738777615,0.00475690404301022,"Set-Feb (Non-Reproductive)","Set-Feb (Non-Reproductive)","ls_entropy"
1.665,0.0061363605016575,0.225558483901271,0.00395246831948569,0.00951541022610979,"Mar-Aug (Reproductive)","Mar-Aug (Reproductive)","ls_entropy"
1.665,0.00268521442240774,0.296186619793161,0.00150445200842141,0.00478824889025743,"Set-Feb (Non-Reproductive)","Set-Feb (Non-Reproductive)","ls_entropy"
1.724,0.00631505000794899,0.229140386241543,0.00403948085684477,0.00985982967102951,"Mar-Aug (Reproductive)","Mar-Aug (Reproductive)","ls_entropy"
1.724,0.00271465481574207,0.303076261002564,0.00150059676431288,0.00490612052737131,"Set-Feb (Non-Reproductive)","Set-Feb (Non-Reproductive)","ls_entropy"
1.725,0.0063181227834141,0.229201595847337,0.00404096803067513,0.0098657819801014,"Mar-Aug (Reproductive)","Mar-Aug (Reproductive)","ls_entropy"
1.725,0.00271515656977035,0.303193723445454,0.00150052948338122,0.00490814963113914,"Set-Feb (Non-Reproductive)","Set-Feb (Non-Reproductive)","ls_entropy"
1.728,0.00632735002648059,0.229385322871362,0.00404543204920927,0.00988366214451304,"Mar-Aug (Reproductive)","Mar-Aug (Reproductive)","ls_entropy"
1.728,0.00271666238684784,0.30354624519718,0.00150032726396844,0.0049142432425789,"Set-Feb (Non-Reproductive)","Set-Feb (Non-Reproductive)","ls_entropy"
1.729,0.00633042874875764,0.229446597904565,0.00404692088826753,0.00988962995303406,"Mar-Aug (Reproductive)","Mar-Aug (Reproductive)","ls_entropy"
1.729,0.00271716451092775,0.303663797168745,0.00150025973224185,0.00491627654762478,"Set-Feb (Non-Reproductive)","Set-Feb (Non-Reproductive)","ls_entropy"
1.731,0.0063365906594537,0.229569196930233,0.00404989981666346,0.0099015772150404,"Mar-Aug (Reproductive)","Mar-Aug (Reproductive)","ls_entropy"
1.731,0.00271816903677045,0.303898968037682,0.0015001244814145,0.00492034631170571,"Set-Feb (Non-Reproductive)","Set-Feb (Non-Reproductive)","ls_entropy"
-1.69,0.0174921339863605,0.254907234948013,0.0106871761119647,0.0285052369125256,"Mar-Aug (Reproductive)","Mar-Aug (Reproductive)","ls_patch_number"
-1.69,0.00635018003488922,0.358168009658646,0.00315722970994266,0.0127309659921988,"Set-Feb (Non-Reproductive)","Set-Feb (Non-Reproductive)","ls_patch_number"
-1.55,0.0149985743086826,0.241257064423872,0.00940054042121301,0.0238499828884553,"Mar-Aug (Reproductive)","Mar-Aug (Reproductive)","ls_patch_number"
-1.55,0.00576591378962762,0.334626569954848,0.00300081792644404,0.0110506594209107,"Set-Feb (Non-Reproductive)","Set-Feb (Non-Reproductive)","ls_patch_number"
-1.42,0.0129983109560298,0.229111641582513,0.00833515653677463,0.0202171093760462,"Mar-Aug (Reproductive)","Mar-Aug (Reproductive)","ls_patch_number"
-1.42,0.00527136758589452,0.313298029338796,0.0028595339555576,0.00969764453066999,"Set-Feb (Non-Reproductive)","Set-Feb (Non-Reproductive)","ls_patch_number"
-1.29,0.0112617598992887,0.217564044389731,0.00738102464827799,0.0171476287730687,"Mar-Aug (Reproductive)","Mar-Aug (Reproductive)","ls_patch_number"
-1.29,0.00481903333704515,0.292596017827034,0.00272154877790587,0.0085192300634399,"Set-Feb (Non-Reproductive)","Set-Feb (Non-Reproductive)","ls_patch_number"
-1.16,0.00975491600661612,0.206714485322566,0.00652651635090399,0.0145568729985438,"Mar-Aug (Reproductive)","Mar-Aug (Reproductive)","ls_patch_number"
-1.16,0.00440534183738896,0.272663280809393,0.00258631235381446,0.00749413552817756,"Set-Feb (Non-Reproductive)","Set-Feb (Non-Reproductive)","ls_patch_number"
-0.9,0.00731482914055993,0.187586770027119,0.00507584647896074,0.010530985119331,"Mar-Aug (Reproductive)","Mar-Aug (Reproductive)","ls_patch_number"
-0.9,0.00368106775987803,0.235879453508071,0.00232158746004823,0.00583198195749026,"Set-Feb (Non-Reproductive)","Set-Feb (Non-Reproductive)","ls_patch_number"
-0.76,0.0062628289135194,0.179016378162167,0.00441770954175221,0.00887172145153527,"Mar-Aug (Reproductive)","Mar-Aug (Reproductive)","ls_patch_number"
-0.76,0.00334155486553916,0.218359241905616,0.00218065239173343,0.00511731136844919,"Set-Feb (Non-Reproductive)","Set-Feb (Non-Reproductive)","ls_patch_number"
-0.63,0.00542118370366874,0.172352803878051,0.00387313468706983,0.00758326046311405,"Mar-Aug (Reproductive)","Mar-Aug (Reproductive)","ls_patch_number"
-0.63,0.00305430872255929,0.203999986415675,0.00204977036954862,0.00454890079364399,"Set-Feb (Non-Reproductive)","Set-Feb (Non-Reproductive)","ls_patch_number"
-0.5,0.0046921109410102,0.167089527760794,0.00338618642418088,0.00649839732717158,"Mar-Aug (Reproductive)","Mar-Aug (Reproductive)","ls_patch_number"
-0.5,0.00279168561727755,0.191904379789611,0.0019182157099707,0.00406127634167002,"Set-Feb (Non-Reproductive)","Set-Feb (Non-Reproductive)","ls_patch_number"
-0.37,0.00406068786340924,0.163361952419766,0.0029514070547761,0.00558455457357255,"Mar-Aug (Reproductive)","Mar-Aug (Reproductive)","ls_patch_number"
-0.37,0.00255158622434132,0.182523007043258,0.00178558191247142,0.00364500202323885,"Set-Feb (Non-Reproductive)","Set-Feb (Non-Reproductive)","ls_patch_number"
-0.24,0.00351393616595989,0.161276596683599,0.00256406341400201,0.00481399667312785,"Mar-Aug (Reproductive)","Mar-Aug (Reproductive)","ls_patch_number"
-0.24,0.00233208832829187,0.176289721227955,0.00165189677646192,0.00329143485941574,"Set-Feb (Non-Reproductive)","Set-Feb (Non-Reproductive)","ls_patch_number"
-0.11,0.00304057714985526,0.160897326595765,0.0022200219943232,0.00416315698342778,"Mar-Aug (Reproductive)","Mar-Aug (Reproductive)","ls_patch_number"
-0.11,0.00213143219124283,0.173544069659512,0.00151781038675105,0.00299238612705546,"Set-Feb (Non-Reproductive)","Set-Feb (Non-Reproductive)","ls_patch_number"
0.02,0.00263081553145276,0.162236107885568,0.00191560557002198,0.00361208969496718,"Mar-Aug (Reproductive)","Mar-Aug (Reproductive)","ls_patch_number"
0.02,0.00194800707804633,0.174450803982613,0.0013846589091188,0.00273992446792083,"Set-Feb (Non-Reproductive)","Set-Feb (Non-Reproductive)","ls_patch_number"
0.16,0.00225093079818635,0.165550262025491,0.00162823267124058,0.00311103030244793,"Mar-Aug (Reproductive)","Mar-Aug (Reproductive)","ls_patch_number"
0.16,0.00176805448682095,0.179443494755055,0.00124445960048879,0.00251139314349618,"Set-Feb (Non-Reproductive)","Set-Feb (Non-Reproductive)","ls_patch_number"
0.29,0.00194737754836686,0.170269676453337,0.00139558530822851,0.00271674612588512,"Mar-Aug (Reproductive)","Mar-Aug (Reproductive)","ls_patch_number"
0.29,0.0016158500083669,0.187525428672809,0.0011194249967144,0.00233190784818828,"Set-Feb (Non-Reproductive)","Set-Feb (Non-Reproductive)","ls_patch_number"
0.42,0.00168469138791565,0.176441015953528,0.00119274457061272,0.00237905809429092,"Mar-Aug (Reproductive)","Mar-Aug (Reproductive)","ls_patch_number"
0.42,0.0014767287989194,0.1985136407927,0.0010012266278686,0.00217756403910206,"Set-Feb (Non-Reproductive)","Set-Feb (Non-Reproductive)","ls_patch_number"
0.68,0.00126071398723159,0.192549107186224,0.000864750102017431,0.00183765388816201,"Mar-Aug (Reproductive)","Mar-Aug (Reproductive)","ls_patch_number"
0.68,0.00123334608832558,0.227419448867052,0.000790128735778335,0.00192470430919935,"Set-Feb (Non-Reproductive)","Set-Feb (Non-Reproductive)","ls_patch_number"
0.81,0.00109055221691593,0.202186092139202,0.000734007230766012,0.00162000862416389,"Mar-Aug (Reproductive)","Mar-Aug (Reproductive)","ls_patch_number"
0.81,0.00112712046422146,0.244519256262901,0.000698267108810956,0.00181888244622065,"Set-Feb (Non-Reproductive)","Set-Feb (Non-Reproductive)","ls_patch_number"
0.95,0.000932870533637787,0.213533006968203,0.000614045172743948,0.00141700211147073,"Mar-Aug (Reproductive)","Mar-Aug (Reproductive)","ls_patch_number"
0.95,0.00102292184395859,0.264400407043007,0.000609486538108334,0.00171632265134497,"Set-Feb (Non-Reproductive)","Set-Feb (Non-Reproductive)","ls_patch_number"
1.08,0.000806922876000267,0.224839210788097,0.000519485535779522,0.00125320319667933,"Mar-Aug (Reproductive)","Mar-Aug (Reproductive)","ls_patch_number"
1.08,0.000934802675103487,0.283950551853127,0.000536036185629464,0.00162973465975276,"Set-Feb (Non-Reproductive)","Set-Feb (Non-Reproductive)","ls_patch_number"
1.21,0.000697967641024692,0.236777938750888,0.000438936909183191,0.00110969100155959,"Mar-Aug (Reproductive)","Mar-Aug (Reproductive)","ls_patch_number"
1.21,0.000854268003336245,0.304342434017542,0.000470656543925274,0.00155005942288835,"Set-Feb (Non-Reproductive)","Set-Feb (Non-Reproductive)","ls_patch_number"
1.34,0.00060371526172835,0.249258319377304,0.000370479712513763,0.000983639795265014,"Mar-Aug (Reproductive)","Mar-Aug (Reproductive)","ls_patch_number"
1.34,0.000780666094516174,0.325417852894685,0.000412694843419403,0.00147624713576571,"Set-Feb (Non-Reproductive)","Set-Feb (Non-Reproductive)","ls_patch_number"
1.47,0.000522183914775888,0.262203019065095,0.000312411503092999,0.000872687541919209,"Mar-Aug (Reproductive)","Mar-Aug (Reproductive)","ls_patch_number"
1.47,0.00071340104133295,0.347052303571509,0.000361472452249182,0.0014074839104309,"Set-Feb (Non-Reproductive)","Set-Feb (Non-Reproductive)","ls_patch_number"
1.6,0.000451658346221911,0.275546606880354,0.000263236557595025,0.000774845816093869,"Mar-Aug (Reproductive)","Mar-Aug (Reproductive)","ls_patch_number"
1.6,0.000651928010375003,0.369147510405845,0.000316319914008139,0.00134313011457896,"Set-Feb (Non-Reproductive)","Set-Feb (Non-Reproductive)","ls_patch_number"
1.73,0.00039065415817498,0.289233880878565,0.00022165092357373,0.000688429362243019,"Mar-Aug (Reproductive)","Mar-Aug (Reproductive)","ls_patch_number"
1.73,0.000595748889032639,0.39162549464535,0.000276598411418449,0.00128267567151161,"Set-Feb (Non-Reproductive)","Set-Feb (Non-Reproductive)","ls_patch_number"
1.87,0.000334136074795396,0.304305166325179,0.00018406174399199,0.000606498948611885,"Mar-Aug (Reproductive)","Mar-Aug (Reproductive)","ls_patch_number"
1.87,0.000540647253788676,0.4161894754541,0.00023921248359055,0.00122145983637578,"Set-Feb (Non-Reproductive)","Set-Feb (Non-Reproductive)","ls_patch_number"
2,0.000289000690950147,0.318565861327946,0.000154808007290736,0.000539453255858423,"Mar-Aug (Reproductive)","Mar-Aug (Reproductive)","ls_patch_number"
2,0.000494052878560591,0.439277364302964,0.000208921789950695,0.00116786898862211,"Set-Feb (Non-Reproductive)","Set-Feb (Non-Reproductive)","ls_patch_number"
2.13,0.00024996070846264,0.333048911848412,0.000130146365316036,0.000480024653348562,"Mar-Aug (Reproductive)","Mar-Aug (Reproductive)","ls_patch_number"
2.13,0.000451472312881939,0.462592246683835,0.000182384861528502,0.00111712312152336,"Set-Feb (Non-Reproductive)","Set-Feb (Non-Reproductive)","ls_patch_number"
2.79,0.000119635024682522,0.409136504463002,5.36573692235118e-05,0.000266717847691575,"Mar-Aug (Reproductive)","Mar-Aug (Reproductive)","ls_patch_number"
2.79,0.000285684521941689,0.583462528802395,9.10598743814721e-05,0.000895912798921492,"Set-Feb (Non-Reproductive)","Set-Feb (Non-Reproductive)","ls_patch_number"
-1.587,0.00940490854822738,0.327669538077146,0.00497028895149067,0.0177257243897581,"Mar-Aug (Reproductive)","Mar-Aug (Reproductive)","human_footprint"
-1.587,0.00383278183600319,0.467542176841173,0.00153653129855467,0.00952788984248196,"Set-Feb (Non-Reproductive)","Set-Feb (Non-Reproductive)","human_footprint"
-1.575,0.0093210235493169,0.325781436458426,0.00494393268734821,0.0175051803324588,"Mar-Aug (Reproductive)","Mar-Aug (Reproductive)","human_footprint"
-1.575,0.00381452490972435,0.46446370404562,0.00153843580790769,0.00942625716004542,"Set-Feb (Non-Reproductive)","Set-Feb (Non-Reproductive)","human_footprint"
-1.562,0.00923098437406165,0.323739963241423,0.00491549892014595,0.017269430715382,"Mar-Aug (Reproductive)","Mar-Aug (Reproductive)","human_footprint"
-1.562,0.0037948443229717,0.461132307051814,0.00154049078761696,0.00931743200264656,"Set-Feb (Non-Reproductive)","Set-Feb (Non-Reproductive)","human_footprint"
-1.53,0.00901300399378068,0.318732883085238,0.00484602852844029,0.0167029153984067,"Mar-Aug (Reproductive)","Mar-Aug (Reproductive)","human_footprint"
-1.53,0.00374682968696693,0.452948479679917,0.00154551087451662,0.00905511936191808,"Set-Feb (Non-Reproductive)","Set-Feb (Non-Reproductive)","human_footprint"
-1.513,0.00889928447379201,0.316083654272472,0.0048094195273191,0.0164097665241177,"Mar-Aug (Reproductive)","Mar-Aug (Reproductive)","human_footprint"
-1.513,0.00372156857496586,0.448610724149246,0.00154815443393441,0.00891892722990285,"Set-Feb (Non-Reproductive)","Set-Feb (Non-Reproductive)","human_footprint"
-1.512,0.00889263954896782,0.315928056032976,0.00480727240934899,0.0163926884463162,"Mar-Aug (Reproductive)","Mar-Aug (Reproductive)","human_footprint"
-1.512,0.00372008792239128,0.448355782137844,0.00154830941112794,0.00891098325465236,"Set-Feb (Non-Reproductive)","Set-Feb (Non-Reproductive)","human_footprint"
-1.476,0.00865666948707113,0.31034466481715,0.0047304407895657,0.0157899373155356,"Mar-Aug (Reproductive)","Mar-Aug (Reproductive)","human_footprint"
-1.476,0.00366717351002593,0.439194665804886,0.0015538478447671,0.00862990492001617,"Set-Feb (Non-Reproductive)","Set-Feb (Non-Reproductive)","human_footprint"
-1.458,0.0085410227089626,0.307566577415713,0.00469235995139146,0.0154971996546035,"Mar-Aug (Reproductive)","Mar-Aug (Reproductive)","human_footprint"
-1.458,0.00364099818745019,0.434626758764808,0.00155658593776349,0.00849288835847153,"Set-Feb (Non-Reproductive)","Set-Feb (Non-Reproductive)","human_footprint"
-1.457,0.00853464298774004,0.307412512587626,0.00469025081708573,0.015481102168133,"Mar-Aug (Reproductive)","Mar-Aug (Reproductive)","human_footprint"
-1.457,0.00363954947327497,0.43437324140051,0.00155673741762218,0.00848534409393955,"Set-Feb (Non-Reproductive)","Set-Feb (Non-Reproductive)","human_footprint"
-1.395,0.00814819184568483,0.297919039655155,0.00456078976713983,0.0145162049068812,"Mar-Aug (Reproductive)","Mar-Aug (Reproductive)","human_footprint"
-1.395,0.00355084192434622,0.418710209137132,0.00156598927939598,0.00803120994206186,"Set-Feb (Non-Reproductive)","Set-Feb (Non-Reproductive)","human_footprint"
-1.264,0.00738781743540636,0.278279411419779,0.00429531717844597,0.012678475140838,"Mar-Aug (Reproductive)","Mar-Aug (Reproductive)","human_footprint"
-1.264,0.00337043369115323,0.386017107095934,0.00158447353369335,0.00715503586553931,"Set-Feb (Non-Reproductive)","Set-Feb (Non-Reproductive)","human_footprint"
-1.253,0.00732727026043921,0.276659049209826,0.00427349869380466,0.0125357439515136,"Mar-Aug (Reproductive)","Mar-Aug (Reproductive)","human_footprint"
-1.253,0.00335570726259988,0.38329998061569,0.0015859483277529,0.00708632247798153,"Set-Feb (Non-Reproductive)","Set-Feb (Non-Reproductive)","human_footprint"
-1.192,0.00700034062198122,0.267763363167318,0.00415376355307616,0.0117746136798292,"Mar-Aug (Reproductive)","Mar-Aug (Reproductive)","human_footprint"
-1.192,0.0032751987757397,0.368322061031731,0.00159387158974396,0.00671817317591174,"Set-Feb (Non-Reproductive)","Set-Feb (Non-Reproductive)","human_footprint"
-1.181,0.00694294681787262,0.266176182842304,0.00413239347011014,0.011642686305942,"Mar-Aug (Reproductive)","Mar-Aug (Reproductive)","human_footprint"
-1.181,0.00326088709541838,0.365638217276817,0.0015952512170323,0.00665405824500247,"Set-Feb (Non-Reproductive)","Set-Feb (Non-Reproductive)","human_footprint"
-1.166,0.00686543488036465,0.264020595875442,0.00410335870792088,0.0114653310357368,"Mar-Aug (Reproductive)","Mar-Aug (Reproductive)","human_footprint"
-1.166,0.0032414715709869,0.361987341692069,0.00159710659795361,0.00656772118543559,"Set-Feb (Non-Reproductive)","Set-Feb (Non-Reproductive)","human_footprint"
-1.151,0.00678878238017626,0.261875331956343,0.00407444501090805,0.0112908724536048,"Mar-Aug (Reproductive)","Mar-Aug (Reproductive)","human_footprint"
-1.151,0.00322217127408897,0.358347034721906,0.00159893106553921,0.00648263045717343,"Set-Feb (Non-Reproductive)","Set-Feb (Non-Reproductive)","human_footprint"
-1.134,0.00670293664911739,0.259456835522175,0.00404182036009071,0.0110965990119169,"Mar-Aug (Reproductive)","Mar-Aug (Reproductive)","human_footprint"
-1.134,0.00320043604387931,0.354234541124406,0.00160095999635588,0.00638768172391201,"Set-Feb (Non-Reproductive)","Set-Feb (Non-Reproductive)","human_footprint"
-1.125,0.00665792630748739,0.258182086566197,0.00402460970565756,0.010995210256733,"Mar-Aug (Reproductive)","Mar-Aug (Reproductive)","human_footprint"
-1.125,0.00318898838660619,0.352063171112071,0.00160201689247607,0.00633804745031666,"Set-Feb (Non-Reproductive)","Set-Feb (Non-Reproductive)","human_footprint"
-1.122,0.00664298967654021,0.257758050456351,0.00401888215073486,0.0109616367040163,"Mar-Aug (Reproductive)","Mar-Aug (Reproductive)","human_footprint"
-1.122,0.00318518157836795,0.351340296294611,0.00160236647634674,0.00632159926755228,"Set-Feb (Non-Reproductive)","Set-Feb (Non-Reproductive)","human_footprint"
-1.084,0.00645664892965658,0.252426083724449,0.00394673025631904,0.0105458477942805,"Mar-Aug (Reproductive)","Mar-Aug (Reproductive)","human_footprint"
-1.084,0.00313735229117588,0.34222488141435,0.00160667223063711,0.0061173792886967,"Set-Feb (Non-Reproductive)","Set-Feb (Non-Reproductive)","human_footprint"
-1.081,0.00644216092313218,0.252008306084574,0.00394106494328656,0.0105137593794408,"Mar-Aug (Reproductive)","Mar-Aug (Reproductive)","human_footprint"
-1.081,0.00313360692899828,0.341508580234912,0.00160700215710994,0.00610157838960544,"Set-Feb (Non-Reproductive)","Set-Feb (Non-Reproductive)","human_footprint"
-1.075,0.00641328173651701,0.251174177579528,0.00392974765998889,0.01044990099065,"Mar-Aug (Reproductive)","Mar-Aug (Reproductive)","human_footprint"
-1.075,0.00312612957086534,0.340077491258207,0.00160765745205776,0.00607011607346655,"Set-Feb (Non-Reproductive)","Set-Feb (Non-Reproductive)","human_footprint"
-0.994,0.00603577447675297,0.240109267582718,0.00377865042777278,0.00962812957234951,"Mar-Aug (Reproductive)","Mar-Aug (Reproductive)","human_footprint"
-0.994,0.00302690906073248,0.320968434723483,0.00161586391128523,0.00566315302720721,"Set-Feb (Non-Reproductive)","Set-Feb (Non-Reproductive)","human_footprint"
-0.986,0.0059997100662288,0.23903729623542,0.00376389167424705,0.00955091158573718,"Mar-Aug (Reproductive)","Mar-Aug (Reproductive)","human_footprint"
-0.986,0.00301728151024594,0.31910389774561,0.00161660463727339,0.00562471153228288,"Set-Feb (Non-Reproductive)","Set-Feb (Non-Reproductive)","human_footprint"
-0.984,0.00599072748091246,0.238769919514486,0.00376020644407538,0.00953171451535167,"Mar-Aug (Reproductive)","Mar-Aug (Reproductive)","human_footprint"
-0.984,0.00301487939662671,0.318638446129216,0.00161678771208681,0.0056151492398044,"Set-Feb (Non-Reproductive)","Set-Feb (Non-Reproductive)","human_footprint"
-0.955,0.00586197227666256,0.234921264634006,0.00370696788363145,0.00925812279634441,"Mar-Aug (Reproductive)","Mar-Aug (Reproductive)","human_footprint"
-0.955,0.00298026224330167,0.311920973299604,0.00161934456684518,0.00547863610829665,"Set-Feb (Non-Reproductive)","Set-Feb (Non-Reproductive)","human_footprint"
-0.952,0.00584881080351012,0.234526208906935,0.00370148122148107,0.00923032332207569,"Mar-Aug (Reproductive)","Mar-Aug (Reproductive)","human_footprint"
-0.952,0.00297670385478419,0.311229519445724,0.00161959834294725,0.00546474065277744,"Set-Feb (Non-Reproductive)","Set-Feb (Non-Reproductive)","human_footprint"
-0.945,0.00581821483165664,0.233606708283478,0.00368869391423653,0.00916581994018536,"Mar-Aug (Reproductive)","Mar-Aug (Reproductive)","human_footprint"
-0.945,0.00296841741288684,0.309618721253586,0.00162018241726525,0.00543248154798136,"Set-Feb (Non-Reproductive)","Set-Feb (Non-Reproductive)","human_footprint"
-0.939,0.00579211639060836,0.232821146460527,0.00367774986111467,0.00911093259609431,"Mar-Aug (Reproductive)","Mar-Aug (Reproductive)","human_footprint"
-0.939,0.00296133305614774,0.308240962213769,0.00162067394325,0.00540501249220197,"Set-Feb (Non-Reproductive)","Set-Feb (Non-Reproductive)","human_footprint"
-0.932,0.0057618152765226,0.231907703504577,0.00366500088109288,0.00904736236740535,"Mar-Aug (Reproductive)","Mar-Aug (Reproductive)","human_footprint"
-0.932,0.00295308927619471,0.306637040424502,0.0016212365898894,0.00537317609335854,"Set-Feb (Non-Reproductive)","Set-Feb (Non-Reproductive)","human_footprint"
-0.918,0.00570168505198991,0.230090808517895,0.00363956385700425,0.00892171066199557,"Mar-Aug (Reproductive)","Mar-Aug (Reproductive)","human_footprint"
-0.918,0.00293667029708737,0.30344061544885,0.00162232621903906,0.00531017996786515,"Set-Feb (Non-Reproductive)","Set-Feb (Non-Reproductive)","human_footprint"
-0.912,0.00567610633773323,0.229316279486515,0.0036286868554613,0.008868462092863,"Mar-Aug (Reproductive)","Mar-Aug (Reproductive)","human_footprint"
-0.912,0.00292966148465247,0.302075474804254,0.00162277832507652,0.00528345601479591,"Set-Feb (Non-Reproductive)","Set-Feb (Non-Reproductive)","human_footprint"
-0.899,0.00562107653952526,0.227646814755696,0.00360516987831495,0.00875431597357184,"Mar-Aug (Reproductive)","Mar-Aug (Reproductive)","human_footprint"
-0.899,0.0029145328885007,0.299127704771585,0.00162372643638889,0.00522611441929881,"Set-Feb (Non-Reproductive)","Set-Feb (Non-Reproductive)","human_footprint"
-0.891,0.00558747606530041,0.226625446991604,0.00359073139550222,0.00868489841363686,"Mar-Aug (Reproductive)","Mar-Aug (Reproductive)","human_footprint"
-0.891,0.00290526172615899,0.297320658179655,0.00162428802449311,0.00519120592842965,"Set-Feb (Non-Reproductive)","Set-Feb (Non-Reproductive)","human_footprint"
-0.885,0.00556240684538855,0.225862464535897,0.00357991908005128,0.00863324461805916,"Mar-Aug (Reproductive)","Mar-Aug (Reproductive)","human_footprint"
-0.885,0.00289832765717588,0.295968927918282,0.00162469804182465,0.00516521267248449,"Set-Feb (Non-Reproductive)","Set-Feb (Non-Reproductive)","human_footprint"
-0.875,0.00552087312675597,0.224596702748483,0.00356192972452947,0.00854792846911461,"Mar-Aug (Reproductive)","Mar-Aug (Reproductive)","human_footprint"
-0.875,0.00288680752679539,0.293722939588814,0.00162535970280598,0.0051222468690509,"Set-Feb (Non-Reproductive)","Set-Feb (Non-Reproductive)","human_footprint"
-0.785,0.00516068006157629,0.213555863925107,0.00340169254332308,0.00782208677718181,"Mar-Aug (Reproductive)","Mar-Aug (Reproductive)","human_footprint"
-0.785,0.00278515950325368,0.273930353382889,0.00162998245353182,0.00475511726631037,"Set-Feb (Non-Reproductive)","Set-Feb (Non-Reproductive)","human_footprint"
-0.768,0.00509531644471434,0.211546124813205,0.00337174322943554,0.00769314758533025,"Mar-Aug (Reproductive)","Mar-Aug (Reproductive)","human_footprint"
-0.768,0.0027663639647135,0.270285005179594,0.00163055955493815,0.00468962315741199,"Set-Feb (Non-Reproductive)","Set-Feb (Non-Reproductive)","human_footprint"
-0.653,0.0046742723028458,0.198666168540528,0.00317149679781753,0.00688420221113326,"Mar-Aug (Reproductive)","Mar-Aug (Reproductive)","human_footprint"
-0.653,0.00264249732867394,0.246553353329129,0.00163150335630823,0.00427729008636346,"Set-Feb (Non-Reproductive)","Set-Feb (Non-Reproductive)","human_footprint"
-0.595,0.00447524414884512,0.192694803535245,0.00307189519527889,0.00651550193857391,"Mar-Aug (Reproductive)","Mar-Aug (Reproductive)","human_footprint"
-0.595,0.00258213981276329,0.235299414948455,0.00162969766059529,0.00408893677402846,"Set-Feb (Non-Reproductive)","Set-Feb (Non-Reproductive)","human_footprint"
-0.586,0.00444512585957545,0.191802902258279,0.00305651458543119,0.0064605117159356,"Mar-Aug (Reproductive)","Mar-Aug (Reproductive)","human_footprint"
-0.586,0.00257289803421918,0.233602709469997,0.00162925952349095,0.00406085236717056,"Set-Feb (Non-Reproductive)","Set-Feb (Non-Reproductive)","human_footprint"
-0.568,0.00438549333030088,0.190048312301303,0.00302581058125949,0.00635227219621139,"Mar-Aug (Reproductive)","Mar-Aug (Reproductive)","human_footprint"
-0.568,0.00255451333709838,0.230252077021494,0.00162824729932649,0.00400559307757093,"Set-Feb (Non-Reproductive)","Set-Feb (Non-Reproductive)","human_footprint"
-0.552,0.00433315564119153,0.188522101103177,0.00299858052785589,0.00625798042864836,"Mar-Aug (Reproductive)","Mar-Aug (Reproductive)","human_footprint"
-0.552,0.00253828141706656,0.227323304082381,0.00162719024037113,0.0039574857200827,"Set-Feb (Non-Reproductive)","Set-Feb (Non-Reproductive)","human_footprint"
-0.541,0.00429753469023949,0.187491497828594,0.00297989302187466,0.00619418815145514,"Mar-Aug (Reproductive)","Mar-Aug (Reproductive)","human_footprint"
-0.541,0.00252718168991623,0.225337825039372,0.00162637463209673,0.00392496111085984,"Set-Feb (Non-Reproductive)","Set-Feb (Non-Reproductive)","human_footprint"
-0.519,0.00422716513385056,0.185477048694561,0.00294259675646297,0.00606908873039137,"Mar-Aug (Reproductive)","Mar-Aug (Reproductive)","human_footprint"
-0.519,0.00250512727317227,0.221438173921944,0.00162451795167941,0.00386124602989478,"Set-Feb (Non-Reproductive)","Set-Feb (Non-Reproductive)","human_footprint"
-0.513,0.00420817336649432,0.18493868266795,0.00293244286569875,0.00603553836698233,"Mar-Aug (Reproductive)","Mar-Aug (Reproductive)","human_footprint"
-0.513,0.00249914582255085,0.220391651791444,0.00162395786870897,0.00384417644758478,"Set-Feb (Non-Reproductive)","Set-Feb (Non-Reproductive)","human_footprint"
-0.502,0.00417357553270549,0.183964189291726,0.00291384680330845,0.00597465306835775,"Mar-Aug (Reproductive)","Mar-Aug (Reproductive)","human_footprint"
-0.502,0.00248821680570871,0.218492563415815,0.00162286951229928,0.00381322265514252,"Set-Feb (Non-Reproductive)","Set-Feb (Non-Reproductive)","human_footprint"
-0.501,0.00417044435605022,0.183876408805729,0.00291215748517287,0.00596915782523957,"Mar-Aug (Reproductive)","Mar-Aug (Reproductive)","human_footprint"
-0.501,0.00248722562588827,0.218321190506013,0.00162276656943336,0.00381043047575913,"Set-Feb (Non-Reproductive)","Set-Feb (Non-Reproductive)","human_footprint"
-0.456,0.00403193647901343,0.180069811950438,0.00283634469008765,0.00572860549681549,"Mar-Aug (Reproductive)","Mar-Aug (Reproductive)","human_footprint"
-0.456,0.0024430278167733,0.210838796408086,0.00161741472176201,0.00368852003660349,"Set-Feb (Non-Reproductive)","Set-Feb (Non-Reproductive)","human_footprint"
-0.453,0.00402286722941584,0.179826253124449,0.00283130453087371,0.00571302947274748,"Mar-Aug (Reproductive)","Mar-Aug (Reproductive)","human_footprint"
-0.453,0.00244010930823467,0.210356545126839,0.00161700611251648,0.0036806513680819,"Set-Feb (Non-Reproductive)","Set-Feb (Non-Reproductive)","human_footprint"
-0.395,0.00385146824653646,0.17538065359473,0.00273419112367336,0.00542281759996837,"Mar-Aug (Reproductive)","Mar-Aug (Reproductive)","human_footprint"
-0.395,0.00238436350350308,0.201474543166121,0.0016077369119365,0.00353481581548441,"Set-Feb (Non-Reproductive)","Set-Feb (Non-Reproductive)","human_footprint"
-0.379,0.00380547940040449,0.174245327948719,0.00270750884362175,0.00534632077127225,"Mar-Aug (Reproductive)","Mar-Aug (Reproductive)","human_footprint"
-0.379,0.00236921018355959,0.19918079351159,0.00160469787093379,0.00349667683632115,"Set-Feb (Non-Reproductive)","Set-Feb (Non-Reproductive)","human_footprint"
-0.333,0.00367628634520405,0.171211556781425,0.00263105039214189,0.00513462488703864,"Mar-Aug (Reproductive)","Mar-Aug (Reproductive)","human_footprint"
-0.333,0.0023261774569014,0.192996918212068,0.00159471053796399,0.00339201607817931,"Set-Feb (Non-Reproductive)","Set-Feb (Non-Reproductive)","human_footprint"
-0.294,0.00357018237737007,0.168917529557954,0.00256652067101333,0.00496438181048021,"Mar-Aug (Reproductive)","Mar-Aug (Reproductive)","human_footprint"
-0.294,0.00229030460336926,0.188265392336429,0.00158470521206759,0.00330903504982795,"Set-Feb (Non-Reproductive)","Set-Feb (Non-Reproductive)","human_footprint"
-0.289,0.00355680186153199,0.168642474755922,0.00255826733695043,0.00494314960217639,"Mar-Aug (Reproductive)","Mar-Aug (Reproductive)","human_footprint"
-0.289,0.00228574561662755,0.187694746071725,0.0015833156003372,0.00329877555659171,"Set-Feb (Non-Reproductive)","Set-Feb (Non-Reproductive)","human_footprint"
-0.283,0.00354081118642524,0.168318220192054,0.00254836932146971,0.00491784592980969,"Mar-Aug (Reproductive)","Mar-Aug (Reproductive)","human_footprint"
-0.283,0.00228028678248393,0.187021095382126,0.00158161524030237,0.0032865774306251,"Set-Feb (Non-Reproductive)","Set-Feb (Non-Reproductive)","human_footprint"
-0.262,0.0034854058740297,0.167233762225749,0.00251377825082872,0.00483076901182669,"Mar-Aug (Reproductive)","Mar-Aug (Reproductive)","human_footprint"
-0.262,0.00226128309163095,0.184760726516119,0.0015753780032556,0.00324485438300826,"Set-Feb (Non-Reproductive)","Set-Feb (Non-Reproductive)","human_footprint"
-0.166,0.00324292606558912,0.163311143322139,0.00235674337592056,0.0044608412234949,"Mar-Aug (Reproductive)","Mar-Aug (Reproductive)","human_footprint"
-0.166,0.00217640167344333,0.176491631372042,0.00154093952097721,0.003073113061299,"Set-Feb (Non-Reproductive)","Set-Feb (Non-Reproductive)","human_footprint"
-0.113,0.00311633868316698,0.161903245398157,0.00227091308985354,0.00427515444507494,"Mar-Aug (Reproductive)","Mar-Aug (Reproductive)","human_footprint"
-0.113,0.00213090996757339,0.173495913346043,0.00151758129062004,0.0029913720846852,"Set-Feb (Non-Reproductive)","Set-Feb (Non-Reproductive)","human_footprint"
-0.086,0.00305375705462692,0.161400017399365,0.00222746221024902,0.00418528681060587,"Mar-Aug (Reproductive)","Mar-Aug (Reproductive)","human_footprint"
-0.086,0.00210810102459478,0.172426862861339,0.00150447174161795,0.00295320419229872,"Set-Feb (Non-Reproductive)","Set-Feb (Non-Reproductive)","human_footprint"
-0.069,0.00301499821442698,0.161158189501807,0.00220020802157233,0.00413027589999845,"Mar-Aug (Reproductive)","Mar-Aug (Reproductive)","human_footprint"
-0.069,0.00209386499456437,0.17191591493119,0.00149580088989367,0.00293035052003786,"Set-Feb (Non-Reproductive)","Set-Feb (Non-Reproductive)","human_footprint"
0.003,0.00285620742256836,0.160782206091902,0.00208577330900753,0.00391010616434961,"Mar-Aug (Reproductive)","Mar-Aug (Reproductive)","human_footprint"
0.003,0.00203462714328385,0.17116478779109,0.00145559653095158,0.00284333799254402,"Set-Feb (Non-Reproductive)","Set-Feb (Non-Reproductive)","human_footprint"
0.173,0.00251359820495888,0.164039625542631,0.00182375007822631,0.00346348151656503,"Mar-Aug (Reproductive)","Mar-Aug (Reproductive)","human_footprint"
0.173,0.00190131231013694,0.178377439180013,0.00134110258504065,0.00269490317180841,"Set-Feb (Non-Reproductive)","Set-Feb (Non-Reproductive)","human_footprint"
0.211,0.00244280507796822,0.165540638956754,0.00176715407798634,0.0033759098189515,"Mar-Aug (Reproductive)","Mar-Aug (Reproductive)","human_footprint"
0.211,0.00187272562665743,0.181613119393552,0.0013125880278067,0.00267125859637185,"Set-Feb (Non-Reproductive)","Set-Feb (Non-Reproductive)","human_footprint"
0.332,0.00223036792151565,0.172068031797842,0.0015929029396919,0.00312214272339503,"Mar-Aug (Reproductive)","Mar-Aug (Reproductive)","human_footprint"
0.332,0.00178452659168551,0.195335294129203,0.00121758673790374,0.00261475720408589,"Set-Feb (Non-Reproductive)","Set-Feb (Non-Reproductive)","human_footprint"
0.339,0.00221865830246758,0.172522935719031,0.0015831248519541,0.00310852749443335,"Mar-Aug (Reproductive)","Mar-Aug (Reproductive)","human_footprint"
0.339,0.0017795529667753,0.196273471629982,0.00121196340683355,0.00261226218680068,"Set-Feb (Non-Reproductive)","Set-Feb (Non-Reproductive)","human_footprint"
0.381,0.00214967759968907,0.175419282585001,0.00152520377577582,0.00302905802965294,"Mar-Aug (Reproductive)","Mar-Aug (Reproductive)","human_footprint"
0.381,0.00175000046098318,0.202198471400525,0.00117808128737351,0.00259884490437928,"Set-Feb (Non-Reproductive)","Set-Feb (Non-Reproductive)","human_footprint"
0.394,0.00212876330023268,0.176372353380085,0.00150754137277573,0.00300520553548664,"Mar-Aug (Reproductive)","Mar-Aug (Reproductive)","human_footprint"
0.394,0.00174095292706574,0.204130796185686,0.00116756203012168,0.00259520502951429,"Set-Feb (Non-Reproductive)","Set-Feb (Non-Reproductive)","human_footprint"
0.417,0.00209225724755391,0.17812199841557,0.001476607983061,0.00296383022175872,"Mar-Aug (Reproductive)","Mar-Aug (Reproductive)","human_footprint"
0.417,0.00172505998912067,0.207657165820849,0.00114893819931559,0.00258932250739889,"Set-Feb (Non-Reproductive)","Set-Feb (Non-Reproductive)","human_footprint"
0.435,0.00206412362419567,0.179546535736325,0.00145268492040396,0.00293216269472854,"Mar-Aug (Reproductive)","Mar-Aug (Reproductive)","human_footprint"
0.435,0.00171272313375595,0.210509093086714,0.00113436556486076,0.00258519378663977,"Set-Feb (Non-Reproductive)","Set-Feb (Non-Reproductive)","human_footprint"
0.457,0.00203025026795879,0.181351707164895,0.00142379204001578,0.00289427811494067,"Mar-Aug (Reproductive)","Mar-Aug (Reproductive)","human_footprint"
0.457,0.00169776430309112,0.214099553003518,0.00111657600465856,0.00258068500402474,"Set-Feb (Non-Reproductive)","Set-Feb (Non-Reproductive)","human_footprint"
0.48,0.00199543023195775,0.183312157498543,0.00139399943549023,0.00285560190476674,"Mar-Aug (Reproductive)","Mar-Aug (Reproductive)","human_footprint"
0.48,0.00168226496419146,0.217970617566801,0.00109802331096813,0.00257657094559081,"Set-Feb (Non-Reproductive)","Set-Feb (Non-Reproductive)","human_footprint"
0.49,0.00198047758849574,0.184187283232319,0.00138117955965178,0.00283907357626214,"Mar-Aug (Reproductive)","Mar-Aug (Reproductive)","human_footprint"
0.49,0.00167557025757143,0.219689550731904,0.0010899767402596,0.00257496478095388,"Set-Feb (Non-Reproductive)","Set-Feb (Non-Reproductive)","human_footprint"
0.504,0.00195973156869969,0.185435116929015,0.00136336882460588,0.00281621876679758,"Mar-Aug (Reproductive)","Mar-Aug (Reproductive)","human_footprint"
0.504,0.00166624232862801,0.222131246577125,0.00107873607957465,0.00257289481794272,"Set-Feb (Non-Reproductive)","Set-Feb (Non-Reproductive)","human_footprint"
0.559,0.00188030792003314,0.190583615393371,0.00129496646715146,0.00272950810273026,"Mar-Aug (Reproductive)","Mar-Aug (Reproductive)","human_footprint"
0.559,0.0016300960808521,0.232097163219837,0.00103492901391416,0.00256665248118885,"Set-Feb (Non-Reproductive)","Set-Feb (Non-Reproductive)","human_footprint"
0.585,0.00184388870261037,0.193147810952797,0.00126351218711123,0.00269013492644943,"Mar-Aug (Reproductive)","Mar-Aug (Reproductive)","human_footprint"
0.585,0.00161328232550422,0.237000511729461,0.00101446152700598,0.00256467022443796,"Set-Feb (Non-Reproductive)","Set-Feb (Non-Reproductive)","human_footprint"
0.587,0.00184111656342997,0.193348378812952,0.00126111627076502,0.00268714723615713,"Mar-Aug (Reproductive)","Mar-Aug (Reproductive)","human_footprint"
0.587,0.00161199615434366,0.237382470134952,0.00101289448144697,0.00256454175964595,"Set-Feb (Non-Reproductive)","Set-Feb (Non-Reproductive)","human_footprint"
0.629,0.00178385309268398,0.197666019776909,0.00121158634396496,0.00262570714684306,"Mar-Aug (Reproductive)","Mar-Aug (Reproductive)","human_footprint"
0.629,0.00158522179575383,0.245552648156395,0.00098025330188802,0.00256259207855935,"Set-Feb (Non-Reproductive)","Set-Feb (Non-Reproductive)","human_footprint"
0.659,0.00174404239900242,0.200868897079353,0.00117712800338739,0.00258328122053675,"Mar-Aug (Reproductive)","Mar-Aug (Reproductive)","human_footprint"
0.659,0.00156636952877675,0.251552678481366,0.000957275751805969,0.00256202258036766,"Set-Feb (Non-Reproductive)","Set-Feb (Non-Reproductive)","human_footprint"
0.665,0.00173618733048926,0.201520870782837,0.00117032858716462,0.00257493581640441,"Mar-Aug (Reproductive)","Mar-Aug (Reproductive)","human_footprint"
0.665,0.00156262602301523,0.252768097044911,0.000952716467878276,0.00256198588876205,"Set-Feb (Non-Reproductive)","Set-Feb (Non-Reproductive)","human_footprint"
0.678,0.0017192889630563,0.202946174027629,0.00115570207692209,0.00255700969508004,"Mar-Aug (Reproductive)","Mar-Aug (Reproductive)","human_footprint"
0.678,0.00155454570974462,0.255418445549833,0.000942881025809674,0.00256199124354484,"Set-Feb (Non-Reproductive)","Set-Feb (Non-Reproductive)","human_footprint"
0.696,0.00169616194880223,0.204947777757748,0.00113568844509673,0.00253253338832538,"Mar-Aug (Reproductive)","Mar-Aug (Reproductive)","human_footprint"
0.696,0.0015434264106607,0.259125315433096,0.000929362348669418,0.00256218476553175,"Set-Feb (Non-Reproductive)","Set-Feb (Non-Reproductive)","human_footprint"
0.718,0.00166831694265636,0.207437246714709,0.00111160315323669,0.00250314579364531,"Mar-Aug (Reproductive)","Mar-Aug (Reproductive)","human_footprint"
0.718,0.00152994394226461,0.263712103538682,0.000913001794522903,0.00256270270152465,"Set-Feb (Non-Reproductive)","Set-Feb (Non-Reproductive)","human_footprint"
0.766,0.00160913809427051,0.213025507157896,0.00106048436908854,0.00244095049837443,"Mar-Aug (Reproductive)","Mar-Aug (Reproductive)","human_footprint"
0.766,0.00150093443450143,0.27391967559997,0.000877953975885842,0.00256483590150668,"Set-Feb (Non-Reproductive)","Set-Feb (Non-Reproductive)","human_footprint"
0.811,0.00155556287625579,0.218447650223967,0.00101433158552866,0.00238489718362192,"Mar-Aug (Reproductive)","Mar-Aug (Reproductive)","human_footprint"
0.811,0.00147423704203858,0.283716879979414,0.000845941352725751,0.00256797976216157,"Set-Feb (Non-Reproductive)","Set-Feb (Non-Reproductive)","human_footprint"
0.847,0.00151398793124727,0.222904098975021,0.000978630829170897,0.00234152412995842,"Mar-Aug (Reproductive)","Mar-Aug (Reproductive)","human_footprint"
0.847,0.00145322094485408,0.29169798709469,0.000820942575359413,0.00257121803920267,"Set-Feb (Non-Reproductive)","Set-Feb (Non-Reproductive)","human_footprint"
0.859,0.00150037765006256,0.224411838922385,0.000966969609198332,0.00232734332611168,"Mar-Aug (Reproductive)","Mar-Aug (Reproductive)","human_footprint"
0.859,0.0014462822715723,0.294384695096014,0.000812732850264219,0.00257243082240102,"Set-Feb (Non-Reproductive)","Set-Feb (Non-Reproductive)","human_footprint"
0.87,0.00148800890867281,0.225803390253578,0.000956384438872448,0.00231446233563583,"Mar-Aug (Reproductive)","Mar-Aug (Reproductive)","human_footprint"
0.87,0.00143995088672531,0.296858566302461,0.000805261918736267,0.00257359866334658,"Set-Feb (Non-Reproductive)","Set-Feb (Non-Reproductive)","human_footprint"
0.878,0.00147907745760307,0.226821010719026,0.000948748544399583,0.0023051642063142,"Mar-Aug (Reproductive)","Mar-Aug (Reproductive)","human_footprint"
0.878,0.0014353636340541,0.298664232436797,0.00079986148887752,0.00257448098293902,"Set-Feb (Non-Reproductive)","Set-Feb (Non-Reproductive)","human_footprint"
0.939,0.00141271232975219,0.234728217404187,0.000892234508351261,0.00223612716891253,"Mar-Aug (Reproductive)","Mar-Aug (Reproductive)","human_footprint"
0.939,0.00140086233423916,0.312601644055237,0.000759604016785155,0.00258207256568841,"Set-Feb (Non-Reproductive)","Set-Feb (Non-Reproductive)","human_footprint"
0.991,0.00135849198259486,0.241661718654726,0.000846402417178846,0.00217972957325346,"Mar-Aug (Reproductive)","Mar-Aug (Reproductive)","human_footprint"
0.991,0.00137210605735317,0.324698748861817,0.00072658135278449,0.0025896551376263,"Set-Feb (Non-Reproductive)","Set-Feb (Non-Reproductive)","human_footprint"
1.196,0.00116424006565904,0.270449691367753,0.000685556776646964,0.00197649819200348,"Mar-Aug (Reproductive)","Mar-Aug (Reproductive)","human_footprint"
1.196,0.00126436889422593,0.37393887247895,0.000607941523468784,0.00262771282590446,"Set-Feb (Non-Reproductive)","Set-Feb (Non-Reproductive)","human_footprint"
1.21,0.00115203447722669,0.272488540379047,0.000675662608244725,0.00196360952497643,"Mar-Aug (Reproductive)","Mar-Aug (Reproductive)","human_footprint"
1.21,0.00125732724740702,0.377376273881342,0.000600496642683097,0.0026307160646046,"Set-Feb (Non-Reproductive)","Set-Feb (Non-Reproductive)","human_footprint"
1.219,0.00114425560546779,0.273803560022769,0.000669371877646589,0.0019553848484542,"Mar-Aug (Reproductive)","Mar-Aug (Reproductive)","human_footprint"
1.219,0.00125282117120523,0.379590336494522,0.000595753809882524,0.00263267067830554,"Set-Feb (Non-Reproductive)","Set-Feb (Non-Reproductive)","human_footprint"
1.251,0.00111701987068657,0.278505842871665,0.000647441317379795,0.00192651948141951,"Mar-Aug (Reproductive)","Mar-Aug (Reproductive)","human_footprint"
1.251,0.00123692979461571,0.387488888786329,0.000579161701474102,0.00263976801647914,"Set-Feb (Non-Reproductive)","Set-Feb (Non-Reproductive)","human_footprint"
1.261,0.00110864223350448,0.279983611462805,0.000640725971330374,0.00191761772377861,"Mar-Aug (Reproductive)","Mar-Aug (Reproductive)","human_footprint"
1.261,0.0012320051474667,0.389965342987291,0.000574062819393035,0.00264203197105521,"Set-Feb (Non-Reproductive)","Set-Feb (Non-Reproductive)","human_footprint"
1.266,0.0011044769804349,0.28072394220293,0.000637392640768997,0.0019131876651702,"Mar-Aug (Reproductive)","Mar-Aug (Reproductive)","human_footprint"
1.266,0.00122955017224488,0.391204983335449,0.000571528645080442,0.00264317197642528,"Set-Feb (Non-Reproductive)","Set-Feb (Non-Reproductive)","human_footprint"
1.294,0.00108143878824968,0.284887215820634,0.000619022593419311,0.00188863180643469,"Mar-Aug (Reproductive)","Mar-Aug (Reproductive)","human_footprint"
1.294,0.00121589232872925,0.398163913989751,0.000557523990363339,0.00264965284167443,"Set-Feb (Non-Reproductive)","Set-Feb (Non-Reproductive)","human_footprint"
1.306,0.00107171281583472,0.286680314739498,0.000611302004851847,0.00187823688105446,"Mar-Aug (Reproductive)","Mar-Aug (Reproductive)","human_footprint"
1.306,0.00121008545177234,0.401154869814543,0.000551618237399864,0.00265247957194361,"Set-Feb (Non-Reproductive)","Set-Feb (Non-Reproductive)","human_footprint"
1.324,0.00105728744590546,0.289379609145277,0.000599889852419979,0.00186278662070722,"Mar-Aug (Reproductive)","Mar-Aug (Reproductive)","human_footprint"
1.324,0.00120142703099428,0.405650587203415,0.000542866761834756,0.00265677352039662,"Set-Feb (Non-Reproductive)","Set-Feb (Non-Reproductive)","human_footprint"
1.413,0.00098876270522594,0.302886161611103,0.000546345280576546,0.00178879804305148,"Mar-Aug (Reproductive)","Mar-Aug (Reproductive)","human_footprint"
1.413,0.00115951684139845,0.428031732690353,0.000501443290641825,0.00267890431497412,"Set-Feb (Non-Reproductive)","Set-Feb (Non-Reproductive)","human_footprint"
1.537,0.000900624328330565,0.322099563611717,0.000479242316665865,0.00169188653095456,"Mar-Aug (Reproductive)","Mar-Aug (Reproductive)","human_footprint"
1.537,0.00110354866589714,0.459583337799743,0.000448619448117188,0.00271199984025811,"Set-Feb (Non-Reproductive)","Set-Feb (Non-Reproductive)","human_footprint"
1.585,0.000868653520443423,0.329645441411456,0.000455440293581554,0.00165614690064858,"Mar-Aug (Reproductive)","Mar-Aug (Reproductive)","human_footprint"
1.585,0.00108261533974439,0.471895961465733,0.000429614978695624,0.00272544807687136,"Set-Feb (Non-Reproductive)","Set-Feb (Non-Reproductive)","human_footprint"
1.62,0.000846058663911641,0.33518210700229,0.000438803348329851,0.00163067280240753,"Mar-Aug (Reproductive)","Mar-Aug (Reproductive)","human_footprint"
1.62,0.0010676019526966,0.480904943740185,0.000416241541727751,0.00273546188092905,"Set-Feb (Non-Reproductive)","Set-Feb (Non-Reproductive)","human_footprint"
1.668,0.000816023272909053,0.342819654963259,0.000416934040812442,0.00159651055307855,"Mar-Aug (Reproductive)","Mar-Aug (Reproductive)","human_footprint"
1.668,0.00104734978842628,0.493299762835284,0.000398543936943108,0.00274946782642289,"Set-Feb (Non-Reproductive)","Set-Feb (Non-Reproductive)","human_footprint"
1.744,0.000770631122638439,0.355009984931064,0.000384440660460531,0.00154417052441551,"Mar-Aug (Reproductive)","Mar-Aug (Reproductive)","human_footprint"
1.744,0.00101606586081359,0.513011157061679,0.000371985392479608,0.00277225768536642,"Set-Feb (Non-Reproductive)","Set-Feb (Non-Reproductive)","human_footprint"
2.099,0.000589833281845472,0.413238115563046,0.000262495930012251,0.00132482552537458,"Mar-Aug (Reproductive)","Mar-Aug (Reproductive)","human_footprint"
2.099,0.000881859552032484,0.606196155610123,0.000268949447842079,0.00288749900596784,"Set-Feb (Non-Reproductive)","Set-Feb (Non-Reproductive)","human_footprint"
2.669,0.000383928867444174,0.509720274767515,0.000141410427554328,0.00104193225132658,"Mar-Aug (Reproductive)","Mar-Aug (Reproductive)","human_footprint"
2.669,0.000702427062331279,0.758313478461513,0.000158986316394134,0.0030976804313235,"Set-Feb (Non-Reproductive)","Set-Feb (Non-Reproductive)","human_footprint"
2.871,0.000329729074502861,0.544487419411773,0.000113444295913648,0.000957971871090787,"Mar-Aug (Reproductive)","Mar-Aug (Reproductive)","human_footprint"
2.871,0.000648014245452755,0.812687228264125,0.000131840302030387,0.00317865960784226,"Set-Feb (Non-Reproductive)","Set-Feb (Non-Reproductive)","human_footprint"
-1.579,0.0136769697214593,0.193860972211225,0.00939413608950366,0.0198731969301302,"Mar-Aug (Reproductive)","Mar-Aug (Reproductive)","precipitation"
-1.579,0.00481953036356511,0.276206943841022,0.00281043034944874,0.00825299441112495,"Set-Feb (Non-Reproductive)","Set-Feb (Non-Reproductive)","precipitation"
-1.511,0.0128372518724828,0.18949873290462,0.00889003625894637,0.018504327532165,"Mar-Aug (Reproductive)","Mar-Aug (Reproductive)","precipitation"
-1.511,0.0046537713420424,0.269048768738463,0.00275181600725444,0.00785992828618089,"Set-Feb (Non-Reproductive)","Set-Feb (Non-Reproductive)","precipitation"
-1.489,0.0125766307105838,0.188122396978821,0.00873216327955946,0.0180828069766532,"Mar-Aug (Reproductive)","Mar-Aug (Reproductive)","precipitation"
-1.489,0.00460136792270478,0.266760531687825,0.00273296712369583,0.00773719618224334,"Set-Feb (Non-Reproductive)","Set-Feb (Non-Reproductive)","precipitation"
-1.474,0.0124019364923313,0.187194136833629,0.00862594892711584,0.0178011730724891,"Mar-Aug (Reproductive)","Mar-Aug (Reproductive)","precipitation"
-1.474,0.00456597549356723,0.265208438727398,0.00272014658697711,0.00765472745831181,"Set-Feb (Non-Reproductive)","Set-Feb (Non-Reproductive)","precipitation"
-1.468,0.0123327316331441,0.186825170162984,0.00858378368889146,0.0176898089529983,"Mar-Aug (Reproductive)","Mar-Aug (Reproductive)","precipitation"
-1.468,0.00455189451444385,0.264589464186493,0.00271502529710794,0.00762201233815292,"Set-Feb (Non-Reproductive)","Set-Feb (Non-Reproductive)","precipitation"
-1.467,0.0123212346239162,0.186763806515361,0.00857677386161009,0.0176713193479884,"Mar-Aug (Reproductive)","Mar-Aug (Reproductive)","precipitation"
-1.467,0.00454955189069996,0.26448640613205,0.00271417213044663,0.00761657486956295,"Set-Feb (Non-Reproductive)","Set-Feb (Non-Reproductive)","precipitation"
-1.462,0.0122639081530476,0.186457551052017,0.00854180041862847,0.017579174671391,"Mar-Aug (Reproductive)","Mar-Aug (Reproductive)","precipitation"
-1.462,0.00453785676159434,0.263971565251446,0.00270990792560902,0.00758945184626552,"Set-Feb (Non-Reproductive)","Set-Feb (Non-Reproductive)","precipitation"
-1.399,0.0115637782571752,0.182680938035732,0.00811176843405441,0.0164604322609709,"Mar-Aug (Reproductive)","Mar-Aug (Reproductive)","precipitation"
-1.399,0.00439303730123292,0.257550505583486,0.00265640556029649,0.00725673564738946,"Set-Feb (Non-Reproductive)","Set-Feb (Non-Reproductive)","precipitation"
-1.378,0.0113392958993036,0.181456909185702,0.00797271121329953,0.0161043885488229,"Mar-Aug (Reproductive)","Mar-Aug (Reproductive)","precipitation"
-1.378,0.00434579406184021,0.255438265215555,0.00263866157762287,0.00714947128895004,"Set-Feb (Non-Reproductive)","Set-Feb (Non-Reproductive)","precipitation"
-1.35,0.011046674582091,0.179852959642654,0.00779054801380272,0.0156422721398569,"Mar-Aug (Reproductive)","Mar-Aug (Reproductive)","precipitation"
-1.35,0.00428358904820992,0.25264478795609,0.00261506990719253,0.00700920866078604,"Set-Feb (Non-Reproductive)","Set-Feb (Non-Reproductive)","precipitation"
-1.346,0.0110054856629757,0.17962648896158,0.00776482378729547,0.0155774098100685,"Mar-Aug (Reproductive)","Mar-Aug (Reproductive)","precipitation"
-1.346,0.00427477528871939,0.252247895659847,0.00261170577715955,0.00698942505524873,"Set-Feb (Non-Reproductive)","Set-Feb (Non-Reproductive)","precipitation"
-1.313,0.0106714218745271,0.177784052878877,0.0075554083883786,0.0150530544546125,"Mar-Aug (Reproductive)","Mar-Aug (Reproductive)","precipitation"
-1.313,0.00420274739587001,0.248994827498631,0.00258400833152497,0.00682859494874382,"Set-Feb (Non-Reproductive)","Set-Feb (Non-Reproductive)","precipitation"
-1.282,0.0103667502556905,0.176096345170824,0.00736317731045322,0.014577541766157,"Mar-Aug (Reproductive)","Mar-Aug (Reproductive)","precipitation"
-1.282,0.00413618614752061,0.245974455040515,0.00255807872193386,0.00668132442610007,"Set-Feb (Non-Reproductive)","Set-Feb (Non-Reproductive)","precipitation"
-1.276,0.0103087835290099,0.175774615935241,0.00732646574043024,0.0144873690479092,"Mar-Aug (Reproductive)","Mar-Aug (Reproductive)","precipitation"
-1.276,0.00412342510232678,0.245393954383058,0.00255306974409533,0.00665323993696245,"Set-Feb (Non-Reproductive)","Set-Feb (Non-Reproductive)","precipitation"
-1.271,0.0102607230294046,0.175507743853993,0.00729599405645333,0.0144126795146962,"Mar-Aug (Reproductive)","Mar-Aug (Reproductive)","precipitation"
-1.271,0.0041128208537214,0.244911233362782,0.00254889793969651,0.00662993908251008,"Set-Feb (Non-Reproductive)","Set-Feb (Non-Reproductive)","precipitation"
-1.255,0.010108414663138,0.174661363829342,0.00719922096279855,0.0141764222340177,"Mar-Aug (Reproductive)","Mar-Aug (Reproductive)","precipitation"
-1.255,0.00407906942499699,0.243372882875034,0.00253556229302463,0.00655600085464705,"Set-Feb (Non-Reproductive)","Set-Feb (Non-Reproductive)","precipitation"
-1.125,0.0089510985654111,0.168234303337865,0.00645309902257205,0.0124040033362546,"Mar-Aug (Reproductive)","Mar-Aug (Reproductive)","precipitation"
-1.125,0.0038148705078069,0.231255134385294,0.00242794750564407,0.00598929267677928,"Set-Feb (Non-Reproductive)","Set-Feb (Non-Reproductive)","precipitation"
-1.107,0.00880156502350707,0.167410588661154,0.00635521576653071,0.0121780601083296,"Mar-Aug (Reproductive)","Mar-Aug (Reproductive)","precipitation"
-1.107,0.00377965848470703,0.229634380315095,0.00241314120766528,0.00591542062234359,"Set-Feb (Non-Reproductive)","Set-Feb (Non-Reproductive)","precipitation"
-1.074,0.0085338224457645,0.165944400579557,0.0061790501054079,0.0117753416172165,"Mar-Aug (Reproductive)","Mar-Aug (Reproductive)","precipitation"
-1.074,0.00371594193691058,0.226701686309793,0.00238604937702695,0.00578276906675704,"Set-Feb (Non-Reproductive)","Set-Feb (Non-Reproductive)","precipitation"
-1.048,0.00832857433773476,0.164830115687997,0.0060431966781175,0.0114682496544844,"Mar-Aug (Reproductive)","Mar-Aug (Reproductive)","precipitation"
-1.048,0.00366649565746092,0.224427416279763,0.00236475015640326,0.00568074445234083,"Set-Feb (Non-Reproductive)","Set-Feb (Non-Reproductive)","precipitation"
-1.033,0.00821239648770489,0.164203972200423,0.00596598018106398,0.0112950617810779,"Mar-Aug (Reproductive)","Mar-Aug (Reproductive)","precipitation"
-1.033,0.00363826772019976,0.22313032917223,0.00235247957362897,0.00562286458276277,"Set-Feb (Non-Reproductive)","Set-Feb (Non-Reproductive)","precipitation"
-1.02,0.00811300998829458,0.163671343351744,0.00589973772129378,0.0111472754129893,"Mar-Aug (Reproductive)","Mar-Aug (Reproductive)","precipitation"
-1.02,0.00361397872106443,0.222015247147836,0.00234185497413647,0.00557327500837756,"Set-Feb (Non-Reproductive)","Set-Feb (Non-Reproductive)","precipitation"
-0.974,0.0077708191353856,0.161862818174816,0.00567031687670422,0.01064110064838,"Mar-Aug (Reproductive)","Mar-Aug (Reproductive)","precipitation"
-0.974,0.00352932312977998,0.218139081872197,0.00230432994394254,0.00540200277056191,"Set-Feb (Non-Reproductive)","Set-Feb (Non-Reproductive)","precipitation"
-0.969,0.00773449839029641,0.161673506968158,0.00564584066041272,0.0105876198593633,"Mar-Aug (Reproductive)","Mar-Aug (Reproductive)","precipitation"
-0.969,0.00352024133774746,0.217724452453792,0.00230025735169246,0.00538377481647581,"Set-Feb (Non-Reproductive)","Set-Feb (Non-Reproductive)","precipitation"
-0.955,0.00763369398314098,0.161151133882252,0.00557778103771372,0.0104394401173358,"Mar-Aug (Reproductive)","Mar-Aug (Reproductive)","precipitation"
-0.955,0.00349493601920867,0.216570646333327,0.00228886022683005,0.00533313574969753,"Set-Feb (Non-Reproductive)","Set-Feb (Non-Reproductive)","precipitation"
-0.954,0.00762654375716384,0.16111425764707,0.00557294623477628,0.0104289435345922,"Mar-Aug (Reproductive)","Mar-Aug (Reproductive)","precipitation"
-0.954,0.00349313544829792,0.216488638232956,0.00228804648634278,0.00532954107960872,"Set-Feb (Non-Reproductive)","Set-Feb (Non-Reproductive)","precipitation"
-0.9,0.00725014308457684,0.15921065262905,0.00531705390509569,0.00987905369538195,"Mar-Aug (Reproductive)","Mar-Aug (Reproductive)","precipitation"
-0.9,0.00339726506148923,0.212142845389664,0.00224416774358632,0.00513979425892099,"Set-Feb (Non-Reproductive)","Set-Feb (Non-Reproductive)","precipitation"
-0.833,0.00680867124736306,0.157094566207293,0.00501334468264083,0.00924095022446027,"Mar-Aug (Reproductive)","Mar-Aug (Reproductive)","precipitation"
-0.833,0.00328195224912943,0.206987011064457,0.0021898792938995,0.00491594895341057,"Set-Feb (Non-Reproductive)","Set-Feb (Non-Reproductive)","precipitation"
-0.795,0.00657025861077396,0.156019293129363,0.00484764733237994,0.0088995255332621,"Mar-Aug (Reproductive)","Mar-Aug (Reproductive)","precipitation"
-0.795,0.00321829340971464,0.204186026971259,0.00215915287896947,0.00479448332951971,"Set-Feb (Non-Reproductive)","Set-Feb (Non-Reproductive)","precipitation"
-0.794,0.0065640978804706,0.155992241581238,0.00484334951165295,0.00889073305984978,"Mar-Aug (Reproductive)","Mar-Aug (Reproductive)","precipitation"
-0.794,0.00321663490342547,0.20411356801506,0.00215834484383229,0.00479133922020758,"Set-Feb (Non-Reproductive)","Set-Feb (Non-Reproductive)","precipitation"
-0.769,0.0064119310240381,0.155336937804929,0.0047369338573611,0.00867405136198218,"Mar-Aug (Reproductive)","Mar-Aug (Reproductive)","precipitation"
-0.769,0.00317544799736439,0.202323425963705,0.00213815253460943,0.00471359606458898,"Set-Feb (Non-Reproductive)","Set-Feb (Non-Reproductive)","precipitation"
-0.747,0.00628092638329382,0.154793920483174,0.00464490991010782,0.00848826171400119,"Mar-Aug (Reproductive)","Mar-Aug (Reproductive)","precipitation"
-0.747,0.0031396386111193,0.200782613116234,0.00212039616412596,0.00464653419111542,"Set-Feb (Non-Reproductive)","Set-Feb (Non-Reproductive)","precipitation"
-0.734,0.00620476831787356,0.154487996982666,0.00459123687190868,0.00838058057336818,"Mar-Aug (Reproductive)","Mar-Aug (Reproductive)","precipitation"
-0.734,0.00311866803002991,0.199887639663011,0.00210990901503656,0.00460749337427653,"Set-Feb (Non-Reproductive)","Set-Feb (Non-Reproductive)","precipitation"
-0.7,0.0060098968443705,0.153740946297105,0.00445330113411883,0.00810615092251702,"Mar-Aug (Reproductive)","Mar-Aug (Reproductive)","precipitation"
-0.7,0.00306447970571868,0.197602706672875,0.00208249798746085,0.00450741388821313,"Set-Feb (Non-Reproductive)","Set-Feb (Non-Reproductive)","precipitation"
-0.655,0.00576130301822852,0.152871759187342,0.00427606525959603,0.00775839994488379,"Mar-Aug (Reproductive)","Mar-Aug (Reproductive)","precipitation"
-0.655,0.00299420055524694,0.194706499419157,0.00204625212183851,0.00437936922422095,"Set-Feb (Non-Reproductive)","Set-Feb (Non-Reproductive)","precipitation"
-0.648,0.00572356264114933,0.152748930060369,0.00424903105730366,0.00770583763813975,"Mar-Aug (Reproductive)","Mar-Aug (Reproductive)","precipitation"
-0.648,0.00298341360980441,0.194269457275484,0.00204061693864442,0.00435989396871991,"Set-Feb (Non-Reproductive)","Set-Feb (Non-Reproductive)","precipitation"
-0.603,0.00548674738690302,0.152039776328028,0.00407861728428821,0.00737742884246435,"Mar-Aug (Reproductive)","Mar-Aug (Reproductive)","precipitation"
-0.603,0.00291498815014288,0.191549290879053,0.00200440822694361,0.00423747778289004,"Set-Feb (Non-Reproductive)","Set-Feb (Non-Reproductive)","precipitation"
-0.585,0.00539477289951138,0.151795387969679,0.00401206572210327,0.0072505433982387,"Mar-Aug (Reproductive)","Mar-Aug (Reproductive)","precipitation"
-0.585,0.0028880581420902,0.190505503054637,0.00198993256217408,0.00418983718613645,"Set-Feb (Non-Reproductive)","Set-Feb (Non-Reproductive)","precipitation"
-0.572,0.00532930207910488,0.151632940973779,0.00396456560834788,0.00716044933899987,"Mar-Aug (Reproductive)","Mar-Aug (Reproductive)","precipitation"
-0.572,0.00286876310606254,0.189767761412347,0.00197948048552553,0.00415589278208843,"Set-Feb (Non-Reproductive)","Set-Feb (Non-Reproductive)","precipitation"
-0.555,0.00524487746166494,0.151438368456596,0.00390315818075623,0.00704455390766917,"Mar-Aug (Reproductive)","Mar-Aug (Reproductive)","precipitation"
-0.555,0.00284372495664952,0.188823697632956,0.00196581550835857,0.00411208278050533,"Set-Feb (Non-Reproductive)","Set-Feb (Non-Reproductive)","precipitation"
-0.505,0.00500420348531791,0.150984071131822,0.00372712661184725,0.00671591308799362,"Mar-Aug (Reproductive)","Mar-Aug (Reproductive)","precipitation"
-0.505,0.00277133926501532,0.186186044578165,0.00192564396076748,0.00398695942819496,"Set-Feb (Non-Reproductive)","Set-Feb (Non-Reproductive)","precipitation"
-0.453,0.00476555459295341,0.150699638706721,0.00355113597295677,0.006392616121006,"Mar-Aug (Reproductive)","Mar-Aug (Reproductive)","precipitation"
-0.453,0.00269800676224403,0.183670388733926,0.0018838958579872,0.00386256788392973,"Set-Feb (Non-Reproductive)","Set-Feb (Non-Reproductive)","precipitation"
-0.393,0.00450423386573897,0.150611040350062,0.00335676460886401,0.00604157378727886,"Mar-Aug (Reproductive)","Mar-Aug (Reproductive)","precipitation"
-0.393,0.0026157939442007,0.181068369505078,0.00183576621063047,0.00372602277783069,"Set-Feb (Non-Reproductive)","Set-Feb (Non-Reproductive)","precipitation"
-0.336,0.00426920729372748,0.150765016292093,0.00318046361418411,0.00572851039924745,"Mar-Aug (Reproductive)","Mar-Aug (Reproductive)","precipitation"
-0.336,0.00254000744971785,0.178907022164103,0.00179009239560833,0.00360294699213973,"Set-Feb (Non-Reproductive)","Set-Feb (Non-Reproductive)","precipitation"
-0.333,0.00425718144926458,0.150779539325027,0.00317140487391731,0.0057125591303032,"Mar-Aug (Reproductive)","Mar-Aug (Reproductive)","precipitation"
-0.333,0.00253607991894833,0.178801870308796,0.00178769009178458,0.00359664314465872,"Set-Feb (Non-Reproductive)","Set-Feb (Non-Reproductive)","precipitation"
-0.327,0.00423323085934945,0.150810507788259,0.00315335263595206,0.00568081024165756,"Mar-Aug (Reproductive)","Mar-Aug (Reproductive)","precipitation"
-0.327,0.00252824302090168,0.178594182172645,0.0017828860106469,0.00358408670744999,"Set-Feb (Non-Reproductive)","Set-Feb (Non-Reproductive)","precipitation"
-0.326,0.00422925215929767,0.15081591831376,0.00315035237074587,0.00567553859913003,"Mar-Aug (Reproductive)","Mar-Aug (Reproductive)","precipitation"
-0.326,0.0025269392217396,0.178559907197431,0.00178208539985087,0.00358200059504788,"Set-Feb (Non-Reproductive)","Set-Feb (Non-Reproductive)","precipitation"
-0.298,0.00411934779155896,0.150996271500383,0.00306731755215781,0.00553020235391959,"Mar-Aug (Reproductive)","Mar-Aug (Reproductive)","precipitation"
-0.298,0.00249070388259597,0.177639876706852,0.00175967683848935,0.00352435115353433,"Set-Feb (Non-Reproductive)","Set-Feb (Non-Reproductive)","precipitation"
-0.197,0.00374602120811424,0.15210662941856,0.00278302065602355,0.00504056171836108,"Mar-Aug (Reproductive)","Mar-Aug (Reproductive)","precipitation"
-0.197,0.0023642517612893,0.174972088341139,0.00167901820720206,0.00332820751747943,"Set-Feb (Non-Reproductive)","Set-Feb (Non-Reproductive)","precipitation"
-0.192,0.00372844164734735,0.15218012715243,0.00276954987362843,0.00501765678054794,"Mar-Aug (Reproductive)","Mar-Aug (Reproductive)","precipitation"
-0.192,0.00235816088155369,0.174867044533072,0.00167503393661509,0.00331896040370283,"Set-Feb (Non-Reproductive)","Set-Feb (Non-Reproductive)","precipitation"
-0.181,0.00369005538964192,0.152347913337456,0.00274010997078256,0.00496768880905965,"Mar-Aug (Reproductive)","Mar-Aug (Reproductive)","precipitation"
-0.181,0.00234481599385352,0.174645062572845,0.00166627201753207,0.00329876552460643,"Set-Feb (Non-Reproductive)","Set-Feb (Non-Reproductive)","precipitation"
-0.172,0.00365894151056475,0.152491406900648,0.00271622206860057,0.00492723414430558,"Mar-Aug (Reproductive)","Mar-Aug (Reproductive)","precipitation"
-0.172,0.00233395350839413,0.174472789348236,0.0016591068703841,0.00328239351621036,"Set-Feb (Non-Reproductive)","Set-Feb (Non-Reproductive)","precipitation"
-0.154,0.00359749574623883,0.152795104680773,0.00266898035252608,0.00484746365837641,"Mar-Aug (Reproductive)","Mar-Aug (Reproductive)","precipitation"
-0.154,0.00231237891812903,0.174153587942662,0.00164478715116404,0.00325005298785885,"Set-Feb (Non-Reproductive)","Set-Feb (Non-Reproductive)","precipitation"
-0.141,0.00355375869957432,0.153028237382963,0.00263530073691164,0.00479078106886166,"Mar-Aug (Reproductive)","Mar-Aug (Reproductive)","precipitation"
-0.141,0.00229692111919789,0.173944155363873,0.00163445444185132,0.00322702667907116,"Set-Feb (Non-Reproductive)","Set-Feb (Non-Reproductive)","precipitation"
-0.125,0.00350065520326253,0.153330966350383,0.00259435013526988,0.00472206813667164,"Mar-Aug (Reproductive)","Mar-Aug (Reproductive)","precipitation"
-0.125,0.00227803759182635,0.173710794270188,0.0016217487422808,0.00319906222958102,"Set-Feb (Non-Reproductive)","Set-Feb (Non-Reproductive)","precipitation"
-0.031,0.00320426371093804,0.155455860175956,0.00236466506070423,0.00434067343998257,"Mar-Aug (Reproductive)","Mar-Aug (Reproductive)","precipitation"
-0.031,0.00217018382538411,0.172888404209728,0.00154740721677041,0.00304284210868538,"Set-Feb (Non-Reproductive)","Set-Feb (Non-Reproductive)","precipitation"
-0.023,0.00318022504287005,0.155663570318031,0.00234595730332904,0.00430989283494577,"Mar-Aug (Reproductive)","Mar-Aug (Reproductive)","precipitation"
-0.023,0.00216124353082025,0.172861972673644,0.00154110826378858,0.00303016122119955,"Set-Feb (Non-Reproductive)","Set-Feb (Non-Reproductive)","precipitation"
-0.012,0.00314746513063501,0.155955930777905,0.00232044433031225,0.00426798035503661,"Mar-Aug (Reproductive)","Mar-Aug (Reproductive)","precipitation"
-0.012,0.00214901060259145,0.172836826253247,0.00153245540507912,0.00301287690391725,"Set-Feb (Non-Reproductive)","Set-Feb (Non-Reproductive)","precipitation"
0.013,0.00307425648189988,0.156649272640495,0.00226335723708712,0.00417446330821127,"Mar-Aug (Reproductive)","Mar-Aug (Reproductive)","precipitation"
0.013,0.00212146483291007,0.172827914265266,0.00151282697200207,0.00297423940334366,"Set-Feb (Non-Reproductive)","Set-Feb (Non-Reproductive)","precipitation"
0.046,0.00298021412401595,0.157625160079342,0.0021898825118097,0.00405461845855788,"Mar-Aug (Reproductive)","Mar-Aug (Reproductive)","precipitation"
0.046,0.0020856431814739,0.172918729102791,0.00148700275237657,0.0029245795476977,"Set-Feb (Non-Reproductive)","Set-Feb (Non-Reproductive)","precipitation"
0.05,0.00296901172397745,0.15774808733174,0.00218111998761151,0.00404036322378747,"Mar-Aug (Reproductive)","Mar-Aug (Reproductive)","precipitation"
0.05,0.0020813423835342,0.172937662628777,0.0014838795885795,0.00291866183199364,"Set-Feb (Non-Reproductive)","Set-Feb (Non-Reproductive)","precipitation"
0.093,0.00285120563167145,0.159131903786705,0.00208884937744444,0.00389071020541554,"Mar-Aug (Reproductive)","Mar-Aug (Reproductive)","precipitation"
0.093,0.00203566404521263,0.173249176292135,0.00145040990268035,0.00285639824699633,"Set-Feb (Non-Reproductive)","Set-Feb (Non-Reproductive)","precipitation"
0.136,0.00273806107793395,0.16062770916013,0.00200003621263155,0.00374739876850403,"Mar-Aug (Reproductive)","Mar-Aug (Reproductive)","precipitation"
0.136,0.00199098618991111,0.173757419190394,0.00141714831360511,0.00279653427449528,"Set-Feb (Non-Reproductive)","Set-Feb (Non-Reproductive)","precipitation"
0.14,0.00272776642259523,0.160772438186059,0.00199194686711818,0.00373437858072729,"Mar-Aug (Reproductive)","Mar-Aug (Reproductive)","precipitation"
0.14,0.00198688019520874,0.173814643140331,0.00141406568136235,0.00279108379811514,"Set-Feb (Non-Reproductive)","Set-Feb (Non-Reproductive)","precipitation"
0.164,0.00266680408619663,0.161660458660796,0.00194401722068583,0.00365733881717978,"Mar-Aug (Reproductive)","Mar-Aug (Reproductive)","precipitation"
0.164,0.00196242109153839,0.17419333684748,0.00139561343381404,0.00275879329367142,"Set-Feb (Non-Reproductive)","Set-Feb (Non-Reproductive)","precipitation"
0.175,0.00263931898667741,0.162078623258821,0.0019223938842259,0.00362263905145607,"Mar-Aug (Reproductive)","Mar-Aug (Reproductive)","precipitation"
0.175,0.00195131132429282,0.174387085103753,0.00138718191105786,0.00274422648731833,"Set-Feb (Non-Reproductive)","Set-Feb (Non-Reproductive)","precipitation"
0.219,0.00253217514421223,0.163820104919458,0.00183802722594698,0.00348755846826164,"Mar-Aug (Reproductive)","Mar-Aug (Reproductive)","precipitation"
0.219,0.0019074964617196,0.17528788887328,0.00135362807834897,0.00268738310263142,"Set-Feb (Non-Reproductive)","Set-Feb (Non-Reproductive)","precipitation"
0.221,0.00252740941256891,0.163901843701517,0.00183427218256822,0.00348155669004336,"Mar-Aug (Reproductive)","Mar-Aug (Reproductive)","precipitation"
0.221,0.00190552837689646,0.175333585917744,0.00135210973759182,0.0026848523350469,"Set-Feb (Non-Reproductive)","Set-Feb (Non-Reproductive)","precipitation"
0.223,0.00252265262768337,0.163983804231315,0.00183052400245819,0.00347556670962105,"Mar-Aug (Reproductive)","Mar-Aug (Reproductive)","precipitation"
0.223,0.00190356231879824,0.175379693667963,0.00135059201191133,0.00268232609772722,"Set-Feb (Non-Reproductive)","Set-Feb (Non-Reproductive)","precipitation"
0.225,0.00251790477284506,0.164065986176522,0.00182678267610613,0.00346958849947329,"Mar-Aug (Reproductive)","Mar-Aug (Reproductive)","precipitation"
0.225,0.00190159828534581,0.175426211800097,0.00134907490391378,0.00267980438069355,"Set-Feb (Non-Reproductive)","Set-Feb (Non-Reproductive)","precipitation"
0.227,0.00251316583137436,0.164148389204581,0.00182304819400505,0.00346362203215026,"Mar-Aug (Reproductive)","Mar-Aug (Reproductive)","precipitation"
0.227,0.00189963627446216,0.175473139987767,0.00134755841620488,0.00267728717397866,"Set-Feb (Non-Reproductive)","Set-Feb (Non-Reproductive)","precipitation"
0.247,0.00246626300433876,0.164984505723608,0.00178607771798946,0.00340459722618078,"Mar-Aug (Reproductive)","Mar-Aug (Reproductive)","precipitation"
0.247,0.00188012695147576,0.175964901323715,0.00133242822769509,0.00265236098996746,"Set-Feb (Non-Reproductive)","Set-Feb (Non-Reproductive)","precipitation"
0.259,0.00243854149411648,0.165496632734001,0.00176421955566682,0.00336973345503876,"Mar-Aug (Reproductive)","Mar-Aug (Reproductive)","precipitation"
0.259,0.00186851748300951,0.176279482556681,0.00132338109508799,0.0026376171823664,"Set-Feb (Non-Reproductive)","Set-Feb (Non-Reproductive)","precipitation"
0.314,0.00231540923720836,0.167941988224159,0.00166708371078667,0.00321505529276421,"Mar-Aug (Reproductive)","Mar-Aug (Reproductive)","precipitation"
0.314,0.0018162162632149,0.177906193104846,0.00128222960928078,0.00257200985060451,"Set-Feb (Non-Reproductive)","Set-Feb (Non-Reproductive)","precipitation"
0.317,0.00230887424569709,0.168079918151111,0.00166192690361635,0.00320685334434887,"Mar-Aug (Reproductive)","Mar-Aug (Reproductive)","precipitation"
0.317,0.00181340587249079,0.178003551753347,0.00128000048361302,0.00256852178157198,"Set-Feb (Non-Reproductive)","Set-Feb (Non-Reproductive)","precipitation"
0.333,0.00227433048727654,0.168823330117737,0.00163466679322777,0.003163508707499,"Mar-Aug (Reproductive)","Mar-Aug (Reproductive)","precipitation"
0.333,0.00179849027176996,0.178537677057981,0.0012681400796069,0.00255007245386353,"Set-Feb (Non-Reproductive)","Set-Feb (Non-Reproductive)","precipitation"
0.369,0.00219848074548735,0.170543225565788,0.00157480715599888,0.00306838978958994,"Mar-Aug (Reproductive)","Mar-Aug (Reproductive)","precipitation"
0.369,0.00176537640491952,0.179830125304679,0.00124163354892044,0.00250948810854247,"Set-Feb (Non-Reproductive)","Set-Feb (Non-Reproductive)","precipitation"
0.445,0.00204654130379407,0.174381170709976,0.00145493761946678,0.00287800830506275,"Mar-Aug (Reproductive)","Mar-Aug (Reproductive)","precipitation"
0.445,0.00169745452848546,0.182960114236279,0.00118654557209426,0.00242781858754309,"Set-Feb (Non-Reproductive)","Set-Feb (Non-Reproductive)","precipitation"
0.447,0.00204268769743031,0.174485839797106,0.00145189892126204,0.00287318123845329,"Mar-Aug (Reproductive)","Mar-Aug (Reproductive)","precipitation"
0.447,0.0016957027890341,0.183049655396298,0.00118511269858886,0.0024257395993337,"Set-Feb (Non-Reproductive)","Set-Feb (Non-Reproductive)","precipitation"
0.456,0.00202543588640499,0.174959120358205,0.00143829662364443,0.00285157179477135,"Mar-Aug (Reproductive)","Mar-Aug (Reproductive)","precipitation"
0.456,0.00168784226784375,0.18345704940943,0.0011786758369461,0.00241642717423665,"Set-Feb (Non-Reproductive)","Set-Feb (Non-Reproductive)","precipitation"
0.466,0.00200643769627647,0.175489316119896,0.00142332009748631,0.00282777524758081,"Mar-Aug (Reproductive)","Mar-Aug (Reproductive)","precipitation"
0.466,0.00167915101196631,0.18391822229907,0.00117154519179936,0.00240616190739204,"Set-Feb (Non-Reproductive)","Set-Feb (Non-Reproductive)","precipitation"
0.535,0.00188010945098463,0.17926857481104,0.00132382757415567,0.00266952013985131,"Mar-Aug (Reproductive)","Mar-Aug (Reproductive)","precipitation"
0.535,0.00162038688547125,0.187339100271686,0.0011229791850202,0.00233759867305779,"Set-Feb (Non-Reproductive)","Set-Feb (Non-Reproductive)","precipitation"
0.541,0.00186950698516671,0.179606928875256,0.00131548648007772,0.00265623405902897,"Mar-Aug (Reproductive)","Mar-Aug (Reproductive)","precipitation"
0.541,0.00161537504477996,0.187655838603917,0.00111881010595899,0.00233181744199314,"Set-Feb (Non-Reproductive)","Set-Feb (Non-Reproductive)","precipitation"
0.597,0.00177338411349308,0.182836894062341,0.0012399488917696,0.00253572448889714,"Mar-Aug (Reproductive)","Mar-Aug (Reproductive)","precipitation"
0.597,0.00156933783419464,0.190755385315795,0.00108033344274742,0.00227918116861653,"Set-Feb (Non-Reproductive)","Set-Feb (Non-Reproductive)","precipitation"
0.649,0.00168855050728475,0.185948446644158,0.00117343350362908,0.002429244997922,"Mar-Aug (Reproductive)","Mar-Aug (Reproductive)","precipitation"
0.649,0.00152776280489191,0.193857686400703,0.00104533082710818,0.00223234503992926,"Set-Feb (Non-Reproductive)","Set-Feb (Non-Reproductive)","precipitation"
0.698,0.00161232236397135,0.188974534376488,0.0011138154991879,0.00233342316010605,"Mar-Aug (Reproductive)","Mar-Aug (Reproductive)","precipitation"
0.698,0.00148959327544797,0.196969166319405,0.00101301174530971,0.00218989586370401,"Set-Feb (Non-Reproductive)","Set-Feb (Non-Reproductive)","precipitation"
0.708,0.0015971928958457,0.189602912558772,0.00110200211320957,0.00231438485508157,"Mar-Aug (Reproductive)","Mar-Aug (Reproductive)","precipitation"
0.708,0.00148192135356704,0.197625803664759,0.00100649703142939,0.00218142455385053,"Set-Feb (Non-Reproductive)","Set-Feb (Non-Reproductive)","precipitation"
0.711,0.00159268175608311,0.189792125954982,0.00109848105853793,0.00230870680100879,"Mar-Aug (Reproductive)","Mar-Aug (Reproductive)","precipitation"
0.711,0.00147962747989756,0.197824196342789,0.00100454803455534,0.00217889551490037,"Set-Feb (Non-Reproductive)","Set-Feb (Non-Reproductive)","precipitation"
0.782,0.00148955357454251,0.194361878414974,0.00101816924333936,0.00217869991503406,"Mar-Aug (Reproductive)","Mar-Aug (Reproductive)","precipitation"
0.782,0.00142636206245693,0.202703033706569,0.000959161612179945,0.00212064929994839,"Set-Feb (Non-Reproductive)","Set-Feb (Non-Reproductive)","precipitation"
0.789,0.00147975435759463,0.194821691993754,0.0010105577248634,0.00216632411594746,"Mar-Aug (Reproductive)","Mar-Aug (Reproductive)","precipitation"
0.789,0.00142121538055933,0.203202596888042,0.000954764697764263,0.00211506828255407,"Set-Feb (Non-Reproductive)","Set-Feb (Non-Reproductive)","precipitation"
0.798,0.00146724989050814,0.195415255970033,0.00100085029927247,0.00215052538163143,"Mar-Aug (Reproductive)","Mar-Aug (Reproductive)","precipitation"
0.798,0.00141462545743869,0.203849638171838,0.000949132277950404,0.00210793378548568,"Set-Feb (Non-Reproductive)","Set-Feb (Non-Reproductive)","precipitation"
0.862,0.00138132059094641,0.199711163519553,0.000934317301868833,0.00204174558737571,"Mar-Aug (Reproductive)","Mar-Aug (Reproductive)","precipitation"
0.862,0.00136863553969826,0.208600493593517,0.000909758801968116,0.00205848999750661,"Set-Feb (Non-Reproductive)","Set-Feb (Non-Reproductive)","precipitation"
0.969,0.00124873558077041,0.207169807163947,0.000832354338022669,0.00187301907057737,"Mar-Aug (Reproductive)","Mar-Aug (Reproductive)","precipitation"
0.969,0.00129505690766313,0.217092658130394,0.000846631074624132,0.00198052475466698,"Set-Feb (Non-Reproductive)","Set-Feb (Non-Reproductive)","precipitation"
1.063,0.00114278968919885,0.21398298304364,0.000751612017320617,0.0017372024622154,"Mar-Aug (Reproductive)","Mar-Aug (Reproductive)","precipitation"
1.063,0.00123368484892678,0.225067013282384,0.000793995407744396,0.0019163933531925,"Set-Feb (Non-Reproductive)","Set-Feb (Non-Reproductive)","precipitation"
1.1,0.00110359398392851,0.216726361714331,0.000721933865999632,0.00168668332574431,"Mar-Aug (Reproductive)","Mar-Aug (Reproductive)","precipitation"
1.1,0.001210332276352,0.228326174067299,0.000774003111851401,0.00189216771984846,"Set-Feb (Non-Reproductive)","Set-Feb (Non-Reproductive)","precipitation"
1.114,0.00108911588880195,0.217773025666886,0.000711000195041502,0.00166798094309336,"Mar-Aug (Reproductive)","Mar-Aug (Reproductive)","precipitation"
1.114,0.00120161175785154,0.22957611897979,0.000766545177347236,0.001883142884492,"Set-Feb (Non-Reproductive)","Set-Feb (Non-Reproductive)","precipitation"
1.235,0.000971632398729112,0.227005344996839,0.000622911367312823,0.00151527999849536,"Mar-Aug (Reproductive)","Mar-Aug (Reproductive)","precipitation"
1.235,0.00112880942881645,0.240737687557796,0.000704512618339275,0.00180817907508966,"Set-Feb (Non-Reproductive)","Set-Feb (Non-Reproductive)","precipitation"
1.263,0.000946302415824609,0.229186710569453,0.000604080209122971,0.00148211208488338,"Mar-Aug (Reproductive)","Mar-Aug (Reproductive)","precipitation"
1.263,0.00111260037196281,0.243406419909241,0.000690771870000032,0.00179156192055356,"Set-Feb (Non-Reproductive)","Set-Feb (Non-Reproductive)","precipitation"
1.29,0.000922502078985355,0.231305231376407,0.000586443318118525,0.00145085826695843,"Mar-Aug (Reproductive)","Mar-Aug (Reproductive)","precipitation"
1.29,0.00109719043796178,0.246008348981835,0.000677737717320775,0.00177578166662597,"Set-Feb (Non-Reproductive)","Set-Feb (Non-Reproductive)","precipitation"
1.367,0.000857861275139515,0.237424603288611,0.000538839619962673,0.00136550263087626,"Mar-Aug (Reproductive)","Mar-Aug (Reproductive)","precipitation"
1.367,0.00105440464270558,0.253574650810727,0.00064171701624054,0.00173203132983984,"Set-Feb (Non-Reproductive)","Set-Feb (Non-Reproductive)","precipitation"
1.454,0.000790254489536188,0.244468451777061,0.000489559769978937,0.00127540460098913,"Mar-Aug (Reproductive)","Mar-Aug (Reproductive)","precipitation"
1.454,0.00100806437143313,0.262364984831586,0.000603029879615997,0.00168468805029717,"Set-Feb (Non-Reproductive)","Set-Feb (Non-Reproductive)","precipitation"
1.469,0.000779148367195773,0.245696004353337,0.000481518178540853,0.00126051412037838,"Mar-Aug (Reproductive)","Mar-Aug (Reproductive)","precipitation"
1.469,0.00100028284924231,0.263904680458987,0.000596571114180924,0.00167673612051051,"Set-Feb (Non-Reproductive)","Set-Feb (Non-Reproductive)","precipitation"
1.531,0.000734873613390295,0.25080856731765,0.000449622432246661,0.00120087751787606,"Mar-Aug (Reproductive)","Mar-Aug (Reproductive)","precipitation"
1.531,0.000968750745892502,0.270339341315453,0.000570521305668641,0.00164449084568177,"Set-Feb (Non-Reproductive)","Set-Feb (Non-Reproductive)","precipitation"
1.861,0.00053822288991178,0.278940647549737,0.000311620419712431,0.000929451730076615,"Mar-Aug (Reproductive)","Mar-Aug (Reproductive)","precipitation"
1.861,0.000816890586530448,0.30623136086639,0.000448393617381362,0.00148777344077957,"Set-Feb (Non-Reproductive)","Set-Feb (Non-Reproductive)","precipitation"
1.896,0.000520734018760761,0.28200349827054,0.000299688567411783,0.000904671486632609,"Mar-Aug (Reproductive)","Mar-Aug (Reproductive)","precipitation"
1.896,0.000802249880886859,0.310176091966551,0.000436964376898519,0.00147245026212159,"Set-Feb (Non-Reproductive)","Set-Feb (Non-Reproductive)","precipitation"
2.007,0.000468939011896705,0.291803291153393,0.000264741281487861,0.000830505756837234,"Mar-Aug (Reproductive)","Mar-Aug (Reproductive)","precipitation"
2.007,0.000757529912688452,0.32283280426901,0.000402492957137482,0.00142529658147402,"Set-Feb (Non-Reproductive)","Set-Feb (Non-Reproductive)","precipitation"
2.106,0.000427104115471946,0.30064623510297,0.000236976791750742,0.000769653837224995,"Mar-Aug (Reproductive)","Mar-Aug (Reproductive)","precipitation"
2.106,0.000719750466900764,0.334293157816715,0.000373922309029441,0.00138498030336901,"Set-Feb (Non-Reproductive)","Set-Feb (Non-Reproductive)","precipitation"
2.365,0.000334468935689088,0.324178980002946,0.000177207645525073,0.000631202200726773,"Mar-Aug (Reproductive)","Mar-Aug (Reproductive)","precipitation"
2.365,0.000629582644632134,0.364927443068268,0.000308010603244931,0.00128645322908155,"Set-Feb (Non-Reproductive)","Set-Feb (Non-Reproductive)","precipitation"
2.893,0.000203177356209038,0.373549247301414,9.77136909605023e-05,0.000422421247167289,"Mar-Aug (Reproductive)","Mar-Aug (Reproductive)","precipitation"
2.893,0.000479220528967896,0.429579967391802,0.000206535518481274,0.00111152624068862,"Set-Feb (Non-Reproductive)","Set-Feb (Non-Reproductive)","precipitation"
